{
"type": "FeatureCollection",
"name": "Limites_dos_Bairros",
"crs": { "type": "name", "properties": { "name": "urn:ogc:def:crs:OGC:1.3:CRS84" } },
"features": [
{ "type": "Feature", "properties": { "codigobairro": 38, "nome": "Desvio Rizzo" }, "geometry": { "type": "Polygon", "coordinates": [ [ [ -51.218813599999976, -29.205248899999958 ], [ -51.21922, -29.20553979999994 ], [ -51.219414099999938, -29.205749499999968 ], [ -51.220188199999939, -29.206831399999942 ], [ -51.221060199999954, -29.208091899999943 ], [ -51.22157889999994, -29.208690599999954 ], [ -51.222169899999983, -29.209334299999966 ], [ -51.222269599999947, -29.209428 ], [ -51.222956799999963, -29.209927799999946 ], [ -51.223148799999933, -29.210054599999978 ], [ -51.223471099999983, -29.210398899999973 ], [ -51.224024099999951, -29.210922499999981 ], [ -51.224830699999984, -29.211811199999943 ], [ -51.224937099999977, -29.211977199999978 ], [ -51.225177699999961, -29.212427199999979 ], [ -51.225762799999984, -29.21298319999994 ], [ -51.226534899999933, -29.213829099999941 ], [ -51.226579699999945, -29.213904399999933 ], [ -51.226737699999944, -29.214543299999946 ], [ -51.226777, -29.215238599999964 ], [ -51.226690499999961, -29.215793399999939 ], [ -51.226669499999957, -29.216177499999958 ], [ -51.226820799999985, -29.216408399999978 ], [ -51.227123699999936, -29.216575199999966 ], [ -51.227256, -29.216652 ], [ -51.227634899999941, -29.217247499999928 ], [ -51.228123899999957, -29.217883799999981 ], [ -51.22872689999997, -29.218701399999929 ], [ -51.229023299999938, -29.21938149999994 ], [ -51.229255499999965, -29.220003799999972 ], [ -51.229264899999976, -29.220380399999954 ], [ -51.230791, -29.221574199999964 ], [ -51.231413299999986, -29.221967399999983 ], [ -51.232051699999943, -29.222496099999944 ], [ -51.231727699999965, -29.222906099999932 ], [ -51.232129499999985, -29.223079899999959 ], [ -51.232362299999977, -29.22323549999993 ], [ -51.232520599999987, -29.223727399999973 ], [ -51.232949499999961, -29.223914899999954 ], [ -51.23343959999994, -29.223979 ], [ -51.234405899999956, -29.224004799999932 ], [ -51.235224799999969, -29.224329 ], [ -51.235960399999954, -29.224497099999951 ], [ -51.236800399999936, -29.22427719999996 ], [ -51.237419799999941, -29.224188099999935 ], [ -51.23785909999998, -29.223984599999937 ], [ -51.238358199999936, -29.223963399999946 ], [ -51.239465699999982, -29.22404679999994 ], [ -51.240238099999942, -29.223716399999944 ], [ -51.241047, -29.223472199999946 ], [ -51.241676699999971, -29.223459899999966 ], [ -51.242947699999945, -29.223208499999942 ], [ -51.243284399999936, -29.223161399999981 ], [ -51.244407799999976, -29.22322 ], [ -51.244837899999936, -29.223368099999959 ], [ -51.245985699999949, -29.22318139999993 ], [ -51.24671, -29.222812599999941 ], [ -51.247523, -29.222538799999938 ], [ -51.248046099999954, -29.22239819999993 ], [ -51.249029299999961, -29.222127199999932 ], [ -51.249497899999938, -29.221976899999959 ], [ -51.249731399999973, -29.221390199999973 ], [ -51.250389299999938, -29.220048899999938 ], [ -51.250775399999952, -29.21987409999997 ], [ -51.251418899999976, -29.219713199999944 ], [ -51.251487699999984, -29.219196 ], [ -51.251487299999951, -29.217955899999936 ], [ -51.251493299999936, -29.217087 ], [ -51.251390599999979, -29.216038599999933 ], [ -51.251282099999969, -29.215642499999944 ], [ -51.250801299999978, -29.215483399999982 ], [ -51.250410599999952, -29.215115899999944 ], [ -51.250264099999981, -29.214959299999975 ], [ -51.250245099999972, -29.214672 ], [ -51.25036769999997, -29.21382049999994 ], [ -51.25035, -29.213570699999934 ], [ -51.25037, -29.213467399999956 ], [ -51.250370499999974, -29.213384599999983 ], [ -51.250346199999967, -29.21334 ], [ -51.250279499999976, -29.213319099999978 ], [ -51.250227099999961, -29.21326739999995 ], [ -51.250248399999975, -29.213180299999976 ], [ -51.250402599999973, -29.212799099999984 ], [ -51.250496199999986, -29.21274909999994 ], [ -51.25075, -29.212668199999939 ], [ -51.25118759999998, -29.212327399999936 ], [ -51.251287699999978, -29.212187399999948 ], [ -51.251486399999976, -29.211975699999982 ], [ -51.251715699999977, -29.211791299999959 ], [ -51.252156099999979, -29.211470199999951 ], [ -51.252341799999954, -29.211322099999961 ], [ -51.252443199999959, -29.211220099999935 ], [ -51.252522499999941, -29.211065899999937 ], [ -51.252645599999937, -29.210879399999953 ], [ -51.252830499999959, -29.210740699999974 ], [ -51.253094399999952, -29.210637599999984 ], [ -51.253205299999934, -29.210641 ], [ -51.253516099999956, -29.210535899999968 ], [ -51.253720299999941, -29.210520799999983 ], [ -51.253801199999941, -29.210442499999942 ], [ -51.253934899999933, -29.21008779999994 ], [ -51.253920199999982, -29.209902199999931 ], [ -51.253879499999982, -29.209822899999949 ], [ -51.253786799999943, -29.209586899999977 ], [ -51.253740899999968, -29.209406 ], [ -51.253777399999933, -29.208396199999981 ], [ -51.253805799999952, -29.208237199999928 ], [ -51.253839699999958, -29.208056699999929 ], [ -51.25383039999997, -29.207845199999952 ], [ -51.253748899999948, -29.207676299999946 ], [ -51.253620199999943, -29.207628099999965 ], [ -51.252723799999956, -29.207701 ], [ -51.252259199999969, -29.207669899999928 ], [ -51.250889099999938, -29.207622299999969 ], [ -51.250545699999975, -29.207657099999949 ], [ -51.250029, -29.207627599999967 ], [ -51.249613699999941, -29.20758 ], [ -51.248956199999952, -29.207529499999964 ], [ -51.247364799999957, -29.207793699999968 ], [ -51.24786759999995, -29.207433899999955 ], [ -51.24830929999996, -29.20711 ], [ -51.248539799999946, -29.206908899999974 ], [ -51.248902699999974, -29.206508099999951 ], [ -51.249002599999983, -29.206356899999946 ], [ -51.249283699999978, -29.20589949999993 ], [ -51.249364899999932, -29.205503399999941 ], [ -51.249470499999973, -29.205073 ], [ -51.249654099999987, -29.204841299999941 ], [ -51.249891199999979, -29.20461789999996 ], [ -51.249992599999985, -29.20426109999994 ], [ -51.250095899999963, -29.203925699999957 ], [ -51.250017, -29.203579099999956 ], [ -51.249966599999937, -29.203335399999958 ], [ -51.249777199999983, -29.203098199999943 ], [ -51.249576699999977, -29.202876799999956 ], [ -51.24947659999998, -29.202617399999951 ], [ -51.249306499999932, -29.202140399999962 ], [ -51.248838199999966, -29.201419 ], [ -51.248476499999981, -29.200943799999948 ], [ -51.2485, -29.200441599999976 ], [ -51.248527299999978, -29.199547099999961 ], [ -51.248449199999982, -29.199288399999944 ], [ -51.24824579999995, -29.198868 ], [ -51.247857, -29.198207799999977 ], [ -51.247833699999944, -29.198105599999963 ], [ -51.247848, -29.198026099999936 ], [ -51.247717899999941, -29.197938299999976 ], [ -51.24736919999998, -29.197806399999934 ], [ -51.247026099999971, -29.197738899999933 ], [ -51.246702899999946, -29.197693799999968 ], [ -51.246391799999969, -29.197608799999955 ], [ -51.246287099999961, -29.197542799999951 ], [ -51.246216, -29.197446 ], [ -51.246165299999973, -29.197326 ], [ -51.246136699999965, -29.197174299999972 ], [ -51.246167699999944, -29.197016599999984 ], [ -51.246124799999961, -29.196360299999981 ], [ -51.246122199999945, -29.195731099999932 ], [ -51.246130299999948, -29.195029199999965 ], [ -51.246138599999938, -29.194491 ], [ -51.246143399999937, -29.19442719999995 ], [ -51.246182499999975, -29.194309899999951 ], [ -51.246259599999973, -29.193719499999929 ], [ -51.246260399999983, -29.193425199999979 ], [ -51.246299699999952, -29.192849299999978 ], [ -51.246316899999954, -29.192448599999977 ], [ -51.246443299999953, -29.19218369999993 ], [ -51.246594899999934, -29.191995799999972 ], [ -51.24691, -29.191562 ], [ -51.24699819999995, -29.191404199999965 ], [ -51.247041899999942, -29.191174799999942 ], [ -51.24705309999996, -29.191001299999982 ], [ -51.247103699999968, -29.190702699999974 ], [ -51.247234699999979, -29.190299099999947 ], [ -51.24747, -29.189984 ], [ -51.247310899999945, -29.189879699999949 ], [ -51.247124299999939, -29.189741199999958 ], [ -51.247209399999974, -29.18891 ], [ -51.246046199999967, -29.187994799999956 ], [ -51.245483299999933, -29.187425399999938 ], [ -51.243103699999949, -29.184507199999928 ], [ -51.242358899999942, -29.183593799999983 ], [ -51.239437799999962, -29.180077099999949 ], [ -51.239024399999948, -29.179827399999965 ], [ -51.236815699999966, -29.179251 ], [ -51.236083399999984, -29.17896449999995 ], [ -51.235922099999982, -29.178997699999968 ], [ -51.235861299999954, -29.179190499999947 ], [ -51.234925099999941, -29.178897499999948 ], [ -51.233827899999937, -29.178412099999946 ], [ -51.233433699999978, -29.178219599999977 ], [ -51.233126, -29.178118899999959 ], [ -51.231279599999937, -29.180171799999982 ], [ -51.229930299999978, -29.18167829999993 ], [ -51.229465499999947, -29.182209599999965 ], [ -51.229470899999967, -29.183302 ], [ -51.230236899999966, -29.183323299999984 ], [ -51.230153599999937, -29.183957899999939 ], [ -51.230141799999956, -29.18405649999994 ], [ -51.230063599999937, -29.184646199999975 ], [ -51.230001099999981, -29.184712599999955 ], [ -51.229714499999943, -29.18449789999994 ], [ -51.229529199999945, -29.184343499999954 ], [ -51.229017299999953, -29.18391639999993 ], [ -51.228765599999974, -29.183714599999973 ], [ -51.228710499999977, -29.183687099999929 ], [ -51.228627899999935, -29.183667399999933 ], [ -51.228510399999948, -29.183631 ], [ -51.22837009999995, -29.183634899999959 ], [ -51.228264599999932, -29.183685 ], [ -51.228418799999986, -29.183815299999935 ], [ -51.228985, -29.184295199999951 ], [ -51.22944769999998, -29.184682399999929 ], [ -51.229692299999954, -29.184870799999942 ], [ -51.229842899999937, -29.184985899999958 ], [ -51.229933299999971, -29.185038 ], [ -51.230007199999932, -29.185079799999983 ], [ -51.230024399999934, -29.185089599999969 ], [ -51.230182599999978, -29.185235499999976 ], [ -51.230366799999956, -29.185409399999969 ], [ -51.230348299999946, -29.185542399999974 ], [ -51.230346, -29.185559299999966 ], [ -51.23042739999994, -29.185589399999969 ], [ -51.230568199999936, -29.185681199999976 ], [ -51.230658, -29.185755 ], [ -51.230891799999938, -29.185949799999946 ], [ -51.230990299999974, -29.186034899999981 ], [ -51.231257199999959, -29.186263699999984 ], [ -51.231605799999954, -29.186569399999939 ], [ -51.231656899999962, -29.186608899999953 ], [ -51.231715399999985, -29.186654399999952 ], [ -51.231886, -29.186792899999944 ], [ -51.23200079999998, -29.186891099999968 ], [ -51.232083499999931, -29.186961799999949 ], [ -51.232474899999943, -29.187298899999973 ], [ -51.232900699999959, -29.187676199999942 ], [ -51.233243899999934, -29.187978699999974 ], [ -51.233357799999965, -29.188150199999939 ], [ -51.233430699999985, -29.188274799999931 ], [ -51.233500899999967, -29.188488099999972 ], [ -51.233545099999958, -29.188672 ], [ -51.233588899999972, -29.18887639999997 ], [ -51.233627599999977, -29.18909629999996 ], [ -51.233662599999946, -29.189279399999975 ], [ -51.233774299999936, -29.18989629999993 ], [ -51.233786499999951, -29.190008899999953 ], [ -51.23381379999995, -29.190275399999962 ], [ -51.23375429999993, -29.190305899999942 ], [ -51.233439099999941, -29.190473499999939 ], [ -51.233123699999965, -29.19064 ], [ -51.232744399999945, -29.190845 ], [ -51.232557499999984, -29.19096019999995 ], [ -51.232521399999939, -29.191045799999984 ], [ -51.232354199999975, -29.191218099999958 ], [ -51.232000199999959, -29.191561799999931 ], [ -51.23163169999998, -29.191931799999963 ], [ -51.231487099999981, -29.192069 ], [ -51.231434099999944, -29.192120599999953 ], [ -51.23119289999994, -29.192352799999981 ], [ -51.230946699999947, -29.192589 ], [ -51.23073329999994, -29.192790799999955 ], [ -51.23047779999996, -29.193037599999968 ], [ -51.230210299999953, -29.193285399999979 ], [ -51.229915499999947, -29.193579899999975 ], [ -51.22992069999998, -29.193677299999933 ], [ -51.229729899999938, -29.193681699999956 ], [ -51.229026599999941, -29.193698099999949 ], [ -51.228921, -29.193698799999936 ], [ -51.228751299999942, -29.193714599999964 ], [ -51.22869019999996, -29.193719599999952 ], [ -51.228538899999933, -29.193766699999969 ], [ -51.228441199999963, -29.193806699999982 ], [ -51.228344099999958, -29.193883 ], [ -51.228257499999984, -29.193958 ], [ -51.228112199999941, -29.194092 ], [ -51.227955099999974, -29.194217599999945 ], [ -51.227699599999937, -29.194359499999962 ], [ -51.227568299999973, -29.19439749999998 ], [ -51.227454399999942, -29.194428099999982 ], [ -51.227227199999959, -29.194503499999939 ], [ -51.227069099999937, -29.194566299999963 ], [ -51.226944, -29.194586199999947 ], [ -51.226839499999983, -29.194577199999969 ], [ -51.226666299999977, -29.194546 ], [ -51.22626269999995, -29.194426499999963 ], [ -51.225914499999931, -29.194281199999978 ], [ -51.225662099999965, -29.194171899999958 ], [ -51.22555269999998, -29.194135699999947 ], [ -51.225402299999985, -29.194109699999956 ], [ -51.224935799999969, -29.194150699999966 ], [ -51.224732299999971, -29.194190799999944 ], [ -51.224525699999958, -29.194241899999952 ], [ -51.224376699999937, -29.194294599999978 ], [ -51.224288699999931, -29.194413499999939 ], [ -51.224261799999965, -29.19460429999998 ], [ -51.22418609999994, -29.194774799999948 ], [ -51.224003, -29.194833399999936 ], [ -51.223851299999978, -29.194827399999951 ], [ -51.223364099999969, -29.194859599999972 ], [ -51.222701799999982, -29.19514 ], [ -51.222403399999962, -29.195267299999955 ], [ -51.222168499999952, -29.195538599999963 ], [ -51.222061, -29.195775799999979 ], [ -51.221944399999984, -29.195948899999962 ], [ -51.221453399999973, -29.196331599999951 ], [ -51.221089699999936, -29.196615599999973 ], [ -51.220628499999975, -29.196885799999961 ], [ -51.22032059999998, -29.197062 ], [ -51.219762, -29.197355899999934 ], [ -51.219327099999987, -29.197738699999945 ], [ -51.218831, -29.198267599999951 ], [ -51.218569099999968, -29.198417399999983 ], [ -51.218341399999986, -29.198518199999967 ], [ -51.218159, -29.198568899999941 ], [ -51.217931599999986, -29.198581799999943 ], [ -51.21770719999995, -29.19856 ], [ -51.217611499999975, -29.198542099999941 ], [ -51.217456199999958, -29.198517399999957 ], [ -51.21708979999994, -29.198489199999983 ], [ -51.216898399999934, -29.198505799999964 ], [ -51.216580299999976, -29.198604 ], [ -51.216386799999952, -29.198655099999939 ], [ -51.216084799999976, -29.198663199999942 ], [ -51.215880799999979, -29.198638399999936 ], [ -51.215784399999961, -29.198595799999964 ], [ -51.215555699999982, -29.198479099999929 ], [ -51.21520229999993, -29.198148299999957 ], [ -51.215011199999935, -29.197838599999955 ], [ -51.214469699999938, -29.196986099999947 ], [ -51.214197399999932, -29.19688229999997 ], [ -51.214400299999966, -29.197184299999947 ], [ -51.215037499999937, -29.198487499999942 ], [ -51.215304899999978, -29.19932289999997 ], [ -51.215826799999945, -29.200592699999959 ], [ -51.21641459999995, -29.20187679999998 ], [ -51.217401399999972, -29.203018899999961 ], [ -51.217629499999987, -29.203369699999939 ], [ -51.217652, -29.20368069999995 ], [ -51.21779319999996, -29.204123099999947 ], [ -51.218239599999947, -29.204970699999933 ], [ -51.218661699999984, -29.205170599999974 ], [ -51.218813599999976, -29.205248899999958 ] ] ] } },
{ "type": "Feature", "properties": { "codigobairro": 71, "nome": "Centro" }, "geometry": { "type": "Polygon", "coordinates": [ [ [ -51.175374199999965, -29.161397499999964 ], [ -51.175179299999968, -29.161392299999932 ], [ -51.174932499999954, -29.16138019999994 ], [ -51.172878199999957, -29.161261599999932 ], [ -51.172483799999952, -29.161261799999977 ], [ -51.171781199999941, -29.161229899999967 ], [ -51.171766, -29.161822099999938 ], [ -51.171128799999963, -29.162003099999936 ], [ -51.171162199999969, -29.162313299999937 ], [ -51.171149599999978, -29.162460099999976 ], [ -51.171209099999942, -29.162763899999959 ], [ -51.171474699999976, -29.162765499999978 ], [ -51.171762699999931, -29.162646399999971 ], [ -51.171771899999953, -29.163744399999928 ], [ -51.170530099999951, -29.163725099999965 ], [ -51.17050949999998, -29.163721499999951 ], [ -51.168951, -29.16369919999994 ], [ -51.167731599999968, -29.16364729999998 ], [ -51.167694, -29.164641399999937 ], [ -51.167629099999942, -29.166624599999977 ], [ -51.167607399999952, -29.167619099999968 ], [ -51.167592399999933, -29.168095299999948 ], [ -51.167577899999969, -29.168604899999934 ], [ -51.167577299999948, -29.168626099999983 ], [ -51.167545699999948, -29.169625499999938 ], [ -51.17035, -29.169675 ], [ -51.171769099999949, -29.169737299999952 ], [ -51.171803699999941, -29.169737899999973 ], [ -51.173109099999976, -29.169735699999933 ], [ -51.175255299999947, -29.169790699999965 ], [ -51.175884599999961, -29.169801599999971 ], [ -51.175922599999979, -29.169802299999958 ], [ -51.177270499999963, -29.169801199999938 ], [ -51.180020099999979, -29.169885699999952 ], [ -51.181850899999972, -29.169932499999959 ], [ -51.18275749999998, -29.16994649999998 ], [ -51.184117299999969, -29.169958899999983 ], [ -51.185501199999976, -29.169990599999949 ], [ -51.185529499999973, -29.167966099999944 ], [ -51.185565599999961, -29.16696369999994 ], [ -51.185572799999932, -29.166408499999932 ], [ -51.185594899999955, -29.165955599999961 ], [ -51.185595199999966, -29.165929399999982 ], [ -51.185615299999938, -29.163987799999973 ], [ -51.184275499999956, -29.163946099999976 ], [ -51.181520499999976, -29.163915599999939 ], [ -51.181453599999941, -29.163160399999981 ], [ -51.181418699999938, -29.162446899999964 ], [ -51.181522499999971, -29.161842 ], [ -51.181580599999961, -29.161530099999936 ], [ -51.181735699999933, -29.16067819999995 ], [ -51.181738699999983, -29.160661499999946 ], [ -51.181854, -29.160046499999964 ], [ -51.180199799999968, -29.159984099999974 ], [ -51.178895499999953, -29.159980599999983 ], [ -51.178901099999962, -29.159640099999933 ], [ -51.178633699999978, -29.159628099999964 ], [ -51.178000499999939, -29.159622899999931 ], [ -51.177499199999943, -29.15968659999993 ], [ -51.177497099999982, -29.160570299999961 ], [ -51.177505899999971, -29.16122919999998 ], [ -51.177478099999973, -29.161687299999983 ], [ -51.176735199999939, -29.161693 ], [ -51.176731199999949, -29.161445799999967 ], [ -51.175374199999965, -29.161397499999964 ] ] ] } },
{ "type": "Feature", "properties": { "codigobairro": 64, "nome": "Nossa Senhora das Graças" }, "geometry": { "type": "Polygon", "coordinates": [ [ [ -51.189833699999951, -29.220947799999976 ], [ -51.189554, -29.225681899999984 ], [ -51.192219399999942, -29.225841899999978 ], [ -51.192447499999957, -29.225855599999932 ], [ -51.199676099999976, -29.226292399999977 ], [ -51.20368579999996, -29.226530499999967 ], [ -51.203980199999933, -29.226545299999941 ], [ -51.204092399999979, -29.226233 ], [ -51.204015599999934, -29.225977299999954 ], [ -51.203739599999949, -29.225672499999973 ], [ -51.203688199999931, -29.225337099999933 ], [ -51.203899299999932, -29.225016499999981 ], [ -51.204054099999951, -29.224671299999954 ], [ -51.204075899999964, -29.224512399999981 ], [ -51.203996, -29.223464399999955 ], [ -51.204021, -29.222361699999965 ], [ -51.204015799999979, -29.221300499999984 ], [ -51.204165899999964, -29.220438699999931 ], [ -51.204193199999963, -29.219816199999968 ], [ -51.204198299999973, -29.219227399999966 ], [ -51.203831899999955, -29.218400599999939 ], [ -51.203684, -29.217839 ], [ -51.20392419999996, -29.217243099999962 ], [ -51.204071499999941, -29.216864399999963 ], [ -51.204055499999981, -29.21683459999997 ], [ -51.204224199999942, -29.21636129999996 ], [ -51.204316299999959, -29.215752499999951 ], [ -51.204287199999953, -29.212282899999934 ], [ -51.204226399999982, -29.211669899999947 ], [ -51.203784399999961, -29.211019699999952 ], [ -51.203464599999961, -29.210280199999943 ], [ -51.203429, -29.209346699999969 ], [ -51.203795199999945, -29.208877499999971 ], [ -51.204159299999958, -29.208523699999944 ], [ -51.204182099999969, -29.207001799999944 ], [ -51.204118, -29.205917499999941 ], [ -51.203940899999964, -29.205371899999932 ], [ -51.204143199999976, -29.205044199999975 ], [ -51.204474799999957, -29.204575399999953 ], [ -51.204602699999953, -29.204349399999955 ], [ -51.20461789999996, -29.204322499999932 ], [ -51.204614099999958, -29.20426539999994 ], [ -51.204274199999986, -29.203646 ], [ -51.204252199999985, -29.203606 ], [ -51.204032199999972, -29.203902299999982 ], [ -51.203661799999963, -29.204279799999938 ], [ -51.203438499999947, -29.204438399999958 ], [ -51.203246099999944, -29.204618399999958 ], [ -51.200711499999954, -29.204453799999953 ], [ -51.199819899999966, -29.204425199999946 ], [ -51.199793699999987, -29.204927299999952 ], [ -51.19881289999995, -29.204911299999935 ], [ -51.19885679999993, -29.204010099999948 ], [ -51.19890479999998, -29.203075399999932 ], [ -51.19660829999998, -29.20306329999994 ], [ -51.196839499999953, -29.202424399999984 ], [ -51.196920299999931, -29.202223499999945 ], [ -51.197065, -29.201990299999977 ], [ -51.196831799999984, -29.201960499999927 ], [ -51.193582799999945, -29.201941699999963 ], [ -51.192659899999967, -29.201943299999982 ], [ -51.19270279999995, -29.202580099999977 ], [ -51.192714399999943, -29.202917299999967 ], [ -51.190866599999936, -29.202922199999932 ], [ -51.190869099999986, -29.202615799999933 ], [ -51.189132899999947, -29.202617799999928 ], [ -51.188110299999948, -29.202634199999977 ], [ -51.188015499999949, -29.202669299999968 ], [ -51.186412799999971, -29.202692799999966 ], [ -51.185639599999945, -29.202683299999933 ], [ -51.184579299999939, -29.202684799999929 ], [ -51.184347299999956, -29.202682699999968 ], [ -51.184488499999986, -29.20254 ], [ -51.18438759999998, -29.20245239999997 ], [ -51.183830299999954, -29.20188909999996 ], [ -51.180993499999943, -29.204408699999931 ], [ -51.180394599999943, -29.203868799999952 ], [ -51.178707299999985, -29.205560599999956 ], [ -51.17931539999995, -29.20574629999993 ], [ -51.180071699999985, -29.20629729999996 ], [ -51.180375599999934, -29.206458099999963 ], [ -51.180859, -29.206586299999969 ], [ -51.181436699999949, -29.206659499999944 ], [ -51.181695799999943, -29.206826799999931 ], [ -51.181961299999955, -29.207107899999983 ], [ -51.181846599999972, -29.208200699999963 ], [ -51.18144239999998, -29.21092189999996 ], [ -51.181429199999968, -29.212146 ], [ -51.181656299999986, -29.212668699999938 ], [ -51.180978499999981, -29.213047399999937 ], [ -51.180111799999963, -29.21378059999995 ], [ -51.17970159999993, -29.214189099999942 ], [ -51.178889, -29.214857499999937 ], [ -51.178174599999977, -29.215484 ], [ -51.178057599999931, -29.215506199999936 ], [ -51.177590199999941, -29.215585899999951 ], [ -51.176992199999972, -29.215503499999954 ], [ -51.176661899999942, -29.215377299999943 ], [ -51.176570099999935, -29.215320299999973 ], [ -51.176321, -29.215424199999973 ], [ -51.176066599999956, -29.215511699999979 ], [ -51.175820099999953, -29.215534799999944 ], [ -51.175096099999962, -29.21560519999997 ], [ -51.174810199999968, -29.21574279999993 ], [ -51.174057599999969, -29.216598199999964 ], [ -51.173387399999967, -29.217326299999968 ], [ -51.172747499999957, -29.217876099999955 ], [ -51.171498, -29.218117599999971 ], [ -51.170870499999978, -29.218465699999967 ], [ -51.170457499999941, -29.218673199999955 ], [ -51.169870099999969, -29.218980099999953 ], [ -51.169436, -29.219426699999929 ], [ -51.16897229999995, -29.219944399999974 ], [ -51.16877519999997, -29.220138399999939 ], [ -51.168351499999972, -29.220316499999967 ], [ -51.170753599999955, -29.220360899999946 ], [ -51.171061099999974, -29.220363099999929 ], [ -51.173415499999976, -29.220366699999943 ], [ -51.172945099999936, -29.221262199999956 ], [ -51.172432699999945, -29.222113399999955 ], [ -51.172063799999933, -29.222666099999969 ], [ -51.171971599999949, -29.223159599999974 ], [ -51.171991799999944, -29.223286499999972 ], [ -51.172016399999961, -29.223361399999931 ], [ -51.172153399999956, -29.223506 ], [ -51.172298699999942, -29.223581199999956 ], [ -51.172557899999958, -29.223610099999973 ], [ -51.172857699999952, -29.223485099999948 ], [ -51.173225499999944, -29.223223899999937 ], [ -51.173492899999985, -29.223084899999947 ], [ -51.173791399999971, -29.223096099999964 ], [ -51.174170899999979, -29.223168899999962 ], [ -51.174494399999958, -29.223249599999974 ], [ -51.174999799999966, -29.223196199999961 ], [ -51.176090199999976, -29.223019099999931 ], [ -51.176232899999945, -29.222969299999932 ], [ -51.176609399999961, -29.222933599999976 ], [ -51.176987, -29.222866599999975 ], [ -51.177674, -29.22278 ], [ -51.178078299999981, -29.222720899999956 ], [ -51.178678099999956, -29.223016299999983 ], [ -51.178912899999943, -29.223135499999955 ], [ -51.179188699999941, -29.223347899999965 ], [ -51.179444899999964, -29.22342139999995 ], [ -51.179683899999986, -29.223407 ], [ -51.179677, -29.22311 ], [ -51.179750899999931, -29.222612 ], [ -51.179848299999946, -29.22213279999994 ], [ -51.179886499999952, -29.221625899999935 ], [ -51.179879, -29.221081699999957 ], [ -51.179916, -29.220827 ], [ -51.182254499999942, -29.220857 ], [ -51.186284499999942, -29.220941499999981 ], [ -51.188181099999952, -29.220969 ], [ -51.188337799999942, -29.220973 ], [ -51.189581099999941, -29.220948199999953 ], [ -51.189833699999951, -29.220947799999976 ] ] ] } },
{ "type": "Feature", "properties": { "codigobairro": 7, "nome": "Esplanada" }, "geometry": { "type": "Polygon", "coordinates": [ [ [ -51.196589699999947, -29.189737499999978 ], [ -51.19614329999996, -29.18974129999998 ], [ -51.19612079999996, -29.189740399999948 ], [ -51.196119199999941, -29.189900099999932 ], [ -51.196105, -29.190582 ], [ -51.196045099999935, -29.190705 ], [ -51.195775799999979, -29.191058399999974 ], [ -51.195174699999939, -29.191579899999965 ], [ -51.194538899999941, -29.192240199999958 ], [ -51.19426679999998, -29.192449899999929 ], [ -51.193495899999959, -29.193197399999974 ], [ -51.193287, -29.193409799999984 ], [ -51.193235199999947, -29.193452699999966 ], [ -51.193209699999954, -29.194408099999976 ], [ -51.192926399999976, -29.194391699999983 ], [ -51.192624399999943, -29.194436199999984 ], [ -51.192367, -29.194560099999933 ], [ -51.19212239999996, -29.194800199999975 ], [ -51.192051599999957, -29.194935899999962 ], [ -51.191936699999985, -29.195007499999974 ], [ -51.190208299999938, -29.196533899999963 ], [ -51.189974799999959, -29.196771299999966 ], [ -51.18998019999998, -29.196955199999934 ], [ -51.189827799999932, -29.197116699999981 ], [ -51.189252599999975, -29.197653399999979 ], [ -51.189098199999933, -29.197808599999973 ], [ -51.189156799999978, -29.197828799999968 ], [ -51.190008299999931, -29.198077299999966 ], [ -51.190018299999963, -29.19838569999996 ], [ -51.189938499999982, -29.198571499999957 ], [ -51.189910099999963, -29.198771399999941 ], [ -51.189933199999984, -29.199483 ], [ -51.189942299999984, -29.199528699999973 ], [ -51.189779199999975, -29.199486499999978 ], [ -51.189086599999939, -29.199357299999974 ], [ -51.188053699999955, -29.199149399999953 ], [ -51.187539499999957, -29.19904159999993 ], [ -51.187053099999957, -29.198932199999945 ], [ -51.185729799999933, -29.200141799999983 ], [ -51.185064099999977, -29.20081319999997 ], [ -51.183830299999954, -29.20188909999996 ], [ -51.18438759999998, -29.20245239999997 ], [ -51.184488499999986, -29.20254 ], [ -51.184347299999956, -29.202682699999968 ], [ -51.184579299999939, -29.202684799999929 ], [ -51.185639599999945, -29.202683299999933 ], [ -51.186412799999971, -29.202692799999966 ], [ -51.188015499999949, -29.202669299999968 ], [ -51.188110299999948, -29.202634199999977 ], [ -51.189132899999947, -29.202617799999928 ], [ -51.190869099999986, -29.202615799999933 ], [ -51.190866599999936, -29.202922199999932 ], [ -51.192714399999943, -29.202917299999967 ], [ -51.19270279999995, -29.202580099999977 ], [ -51.192659899999967, -29.201943299999982 ], [ -51.193582799999945, -29.201941699999963 ], [ -51.196831799999984, -29.201960499999927 ], [ -51.197065, -29.201990299999977 ], [ -51.196920299999931, -29.202223499999945 ], [ -51.196839499999953, -29.202424399999984 ], [ -51.19660829999998, -29.20306329999994 ], [ -51.19890479999998, -29.203075399999932 ], [ -51.19885679999993, -29.204010099999948 ], [ -51.19881289999995, -29.204911299999935 ], [ -51.199793699999987, -29.204927299999952 ], [ -51.199819899999966, -29.204425199999946 ], [ -51.200711499999954, -29.204453799999953 ], [ -51.203246099999944, -29.204618399999958 ], [ -51.203438499999947, -29.204438399999958 ], [ -51.203661799999963, -29.204279799999938 ], [ -51.204032199999972, -29.203902299999982 ], [ -51.204252199999985, -29.203606 ], [ -51.204252, -29.203565199999957 ], [ -51.20424509999998, -29.20224989999997 ], [ -51.204214199999967, -29.202248699999984 ], [ -51.204229699999985, -29.201315299999976 ], [ -51.204234399999962, -29.200877599999956 ], [ -51.204230099999961, -29.200767399999961 ], [ -51.204175099999986, -29.199943799999971 ], [ -51.204152199999953, -29.19919989999994 ], [ -51.204215599999941, -29.198364 ], [ -51.204193499999974, -29.198121399999934 ], [ -51.204012399999954, -29.197842499999979 ], [ -51.203504499999951, -29.197489 ], [ -51.202775499999973, -29.197090899999978 ], [ -51.203954, -29.196803599999953 ], [ -51.204095799999948, -29.196785899999952 ], [ -51.204755499999976, -29.196717099999944 ], [ -51.205460699999946, -29.196763099999941 ], [ -51.206667399999958, -29.196766499999967 ], [ -51.208387399999935, -29.196718399999952 ], [ -51.208644599999957, -29.19672479999997 ], [ -51.213903099999982, -29.196896199999969 ], [ -51.214149299999974, -29.196870799999942 ], [ -51.213729699999931, -29.196461 ], [ -51.213304699999981, -29.196043599999939 ], [ -51.212780899999984, -29.195412 ], [ -51.212407299999938, -29.194623199999967 ], [ -51.212225899999964, -29.194182299999966 ], [ -51.211984399999949, -29.193264799999952 ], [ -51.211791299999959, -29.192750299999943 ], [ -51.211202, -29.191640699999937 ], [ -51.21094549999998, -29.190909499999975 ], [ -51.210746399999948, -29.190513599999974 ], [ -51.210480299999972, -29.190053899999953 ], [ -51.210457299999973, -29.190023799999949 ], [ -51.210279, -29.190038 ], [ -51.20594, -29.190013 ], [ -51.202974099999949, -29.189992899999936 ], [ -51.202389899999957, -29.190000699999928 ], [ -51.20136309999998, -29.190014499999961 ], [ -51.200320099999942, -29.190030799999931 ], [ -51.200263, -29.189856599999928 ], [ -51.200235799999973, -29.189746899999932 ], [ -51.198580499999935, -29.189750799999956 ], [ -51.196589699999947, -29.189737499999978 ] ] ] } },
{ "type": "Feature", "properties": { "codigobairro": 68, "nome": "São Giácomo" }, "geometry": { "type": "Polygon", "coordinates": [ [ [ -51.25168519999994, -29.183051899999953 ], [ -51.252215299999932, -29.182983599999943 ], [ -51.252578299999982, -29.182872399999951 ], [ -51.252854599999978, -29.182599 ], [ -51.252966599999979, -29.182403499999964 ], [ -51.253095799999983, -29.181812299999933 ], [ -51.253199199999983, -29.181243099999961 ], [ -51.253238799999963, -29.180564299999958 ], [ -51.253191899999933, -29.180361499999947 ], [ -51.253300199999956, -29.179820699999937 ], [ -51.253524399999947, -29.179518799999983 ], [ -51.253887299999974, -29.179236199999934 ], [ -51.255245299999956, -29.178680699999973 ], [ -51.255865, -29.178425799999957 ], [ -51.256339099999934, -29.178370599999937 ], [ -51.256652899999949, -29.178314899999975 ], [ -51.257095499999934, -29.178064399999982 ], [ -51.257378, -29.177770399999929 ], [ -51.258046499999978, -29.177086699999961 ], [ -51.258649, -29.17633879999994 ], [ -51.259087699999952, -29.175725299999954 ], [ -51.259412699999984, -29.174993499999971 ], [ -51.259500699999933, -29.174573 ], [ -51.259820899999966, -29.173911 ], [ -51.259754899999962, -29.173617799999931 ], [ -51.259804799999984, -29.173092 ], [ -51.259886699999981, -29.172515 ], [ -51.259983699999964, -29.172161 ], [ -51.260318099999949, -29.172049299999969 ], [ -51.26079969999995, -29.171897799999954 ], [ -51.261248099999932, -29.171895199999938 ], [ -51.261515499999973, -29.171963099999971 ], [ -51.261738099999945, -29.171960599999977 ], [ -51.261889599999961, -29.171879299999944 ], [ -51.262029899999959, -29.171633399999962 ], [ -51.262314099999969, -29.171565099999953 ], [ -51.262476499999934, -29.171383299999945 ], [ -51.262578799999972, -29.170797499999935 ], [ -51.262832799999956, -29.170670099999938 ], [ -51.263290499999982, -29.170397 ], [ -51.263417499999946, -29.170347899999967 ], [ -51.264069199999938, -29.170285399999955 ], [ -51.264223499999957, -29.170295799999963 ], [ -51.264620699999966, -29.170400299999983 ], [ -51.264885299999946, -29.170498799999962 ], [ -51.265097899999944, -29.170654699999943 ], [ -51.265409599999941, -29.17078609999993 ], [ -51.265723799999932, -29.170946399999934 ], [ -51.266155199999957, -29.171045599999957 ], [ -51.266834399999937, -29.171056299999975 ], [ -51.268100699999934, -29.171068699999978 ], [ -51.269254599999954, -29.171072399999957 ], [ -51.269611399999974, -29.17119219999995 ], [ -51.270333, -29.171604699999932 ], [ -51.271375899999953, -29.172057299999949 ], [ -51.271740799999975, -29.172125299999948 ], [ -51.273224599999935, -29.172345099999973 ], [ -51.274288099999978, -29.172689799999944 ], [ -51.274263099999985, -29.172237 ], [ -51.273984799999937, -29.153128899999956 ], [ -51.268393199999934, -29.153164599999968 ], [ -51.268381899999952, -29.152776399999937 ], [ -51.268260399999974, -29.145609299999933 ], [ -51.268251199999952, -29.145108499999935 ], [ -51.268043499999976, -29.145032 ], [ -51.267723199999978, -29.144995299999948 ], [ -51.26722019999994, -29.14434609999995 ], [ -51.26699519999994, -29.144117499999936 ], [ -51.266193399999963, -29.143655199999955 ], [ -51.265938499999947, -29.143580099999951 ], [ -51.265609299999937, -29.14359479999996 ], [ -51.265504899999939, -29.143876099999943 ], [ -51.265313599999956, -29.143947899999944 ], [ -51.264913399999955, -29.143885099999977 ], [ -51.26429319999994, -29.143958 ], [ -51.263744599999939, -29.143958299999952 ], [ -51.262893799999972, -29.143899899999951 ], [ -51.262735199999952, -29.143904799999973 ], [ -51.262549599999943, -29.14388729999996 ], [ -51.262521799999945, -29.144438099999945 ], [ -51.262277399999959, -29.144971699999928 ], [ -51.260999499999969, -29.146113599999978 ], [ -51.26033179999996, -29.146311299999979 ], [ -51.25777439999996, -29.146705099999963 ], [ -51.256782099999953, -29.147269799999947 ], [ -51.25642019999998, -29.147257699999955 ], [ -51.255446099999972, -29.147319799999934 ], [ -51.255246899999975, -29.147315399999968 ], [ -51.254865, -29.147839 ], [ -51.254661699999986, -29.148206 ], [ -51.254670299999987, -29.148857199999952 ], [ -51.254644299999939, -29.149426699999935 ], [ -51.254626, -29.149827699999946 ], [ -51.254280199999982, -29.150491799999941 ], [ -51.253588099999945, -29.151257699999974 ], [ -51.252336499999956, -29.152097399999946 ], [ -51.251053399999932, -29.152762799999948 ], [ -51.25052009999996, -29.153215299999943 ], [ -51.249891499999933, -29.153726899999981 ], [ -51.249833499999966, -29.153814499999953 ], [ -51.249655, -29.15391029999995 ], [ -51.249241099999949, -29.153918699999963 ], [ -51.248936399999934, -29.153758 ], [ -51.248822299999972, -29.153673 ], [ -51.248454099999947, -29.153605099999936 ], [ -51.248102499999959, -29.15362829999998 ], [ -51.247900399999935, -29.153416899999968 ], [ -51.247465599999941, -29.153062899999952 ], [ -51.247225299999968, -29.152915499999949 ], [ -51.246640099999979, -29.152405899999962 ], [ -51.246466099999964, -29.152030599999932 ], [ -51.246147299999961, -29.151711699999964 ], [ -51.245293499999946, -29.151287299999979 ], [ -51.244819899999982, -29.151123199999972 ], [ -51.243213099999934, -29.150555399999973 ], [ -51.242165599999964, -29.150201399999958 ], [ -51.241757, -29.150281599999971 ], [ -51.241392699999949, -29.150565499999971 ], [ -51.241074, -29.151237499999979 ], [ -51.240940799999976, -29.151458199999979 ], [ -51.242109599999935, -29.151664199999971 ], [ -51.242319099999975, -29.151676599999973 ], [ -51.242787099999987, -29.151744899999983 ], [ -51.243514, -29.151892799999928 ], [ -51.24405, -29.152174899999977 ], [ -51.244248399999947, -29.15230779999996 ], [ -51.244427099999939, -29.152447099999961 ], [ -51.244580699999972, -29.152664299999969 ], [ -51.24473809999995, -29.152968 ], [ -51.244879, -29.153285299999936 ], [ -51.244984499999987, -29.153794199999936 ], [ -51.244902499999966, -29.15432409999994 ], [ -51.244728799999962, -29.154717699999935 ], [ -51.244475199999954, -29.155124899999976 ], [ -51.244438399999979, -29.15519 ], [ -51.244320399999935, -29.155445399999962 ], [ -51.244077899999979, -29.155872899999963 ], [ -51.243854599999963, -29.156393499999979 ], [ -51.243764899999974, -29.156607899999983 ], [ -51.243699399999969, -29.156754299999932 ], [ -51.243518199999983, -29.157280199999946 ], [ -51.243459599999937, -29.15745 ], [ -51.243154199999935, -29.158484 ], [ -51.242976899999974, -29.158874799999978 ], [ -51.242858799999965, -29.15920129999995 ], [ -51.242729899999972, -29.15961939999994 ], [ -51.242613699999936, -29.160023899999942 ], [ -51.242514799999981, -29.160529699999984 ], [ -51.242459399999973, -29.160931799999958 ], [ -51.242431799999963, -29.161426699999936 ], [ -51.242430499999955, -29.161426699999936 ], [ -51.242416899999967, -29.161704499999928 ], [ -51.242442, -29.161913099999936 ], [ -51.242471199999954, -29.162148899999977 ], [ -51.242472299999974, -29.162175899999966 ], [ -51.242467099999942, -29.162241599999959 ], [ -51.242425199999957, -29.162708399999929 ], [ -51.242422699999963, -29.16317319999996 ], [ -51.242496199999948, -29.163645699999961 ], [ -51.242562099999986, -29.16384329999994 ], [ -51.242808899999943, -29.164467799999954 ], [ -51.243136399999969, -29.165260699999976 ], [ -51.244087499999978, -29.167356 ], [ -51.244794899999931, -29.16897309999996 ], [ -51.246418499999947, -29.172684499999946 ], [ -51.246583799999939, -29.173018399999933 ], [ -51.246649899999966, -29.173189799999932 ], [ -51.246812299999931, -29.173490799999968 ], [ -51.246882399999947, -29.173616299999935 ], [ -51.247419599999944, -29.174271699999963 ], [ -51.247733399999959, -29.17460879999993 ], [ -51.247997299999952, -29.174867099999972 ], [ -51.248220299999957, -29.17509 ], [ -51.248477899999955, -29.175378099999932 ], [ -51.248639899999944, -29.175602699999956 ], [ -51.249016099999949, -29.176139699999965 ], [ -51.249300199999936, -29.176714199999935 ], [ -51.249355899999955, -29.176836499999979 ], [ -51.249517499999968, -29.177342599999974 ], [ -51.249589299999968, -29.17768609999996 ], [ -51.24965519999995, -29.178000699999984 ], [ -51.249676699999952, -29.17867769999998 ], [ -51.249688499999934, -29.179339899999945 ], [ -51.249382899999944, -29.180349299999932 ], [ -51.248658099999943, -29.182217 ], [ -51.247851499999967, -29.184444099999951 ], [ -51.247477499999945, -29.185444399999938 ], [ -51.247751599999958, -29.185444599999983 ], [ -51.248342799999932, -29.185432499999933 ], [ -51.248418399999935, -29.185286099999928 ], [ -51.248447799999951, -29.184862199999941 ], [ -51.248639599999933, -29.184122899999977 ], [ -51.248776899999939, -29.18383689999996 ], [ -51.248995299999933, -29.183644 ], [ -51.249309599999947, -29.183539899999971 ], [ -51.249517399999945, -29.183459399999947 ], [ -51.249693899999954, -29.183380499999942 ], [ -51.249864699999932, -29.183188499999972 ], [ -51.249970499999961, -29.183011499999964 ], [ -51.250323799999933, -29.182808099999932 ], [ -51.250738599999977, -29.182852299999979 ], [ -51.25115, -29.182990599999982 ], [ -51.251408899999944, -29.183040199999937 ], [ -51.251580899999965, -29.183016899999984 ], [ -51.25168519999994, -29.183051899999953 ] ] ] } },
{ "type": "Feature", "properties": { "codigobairro": 5, "nome": "Cristo Redentor" }, "geometry": { "type": "Polygon", "coordinates": [ [ [ -51.167446699999971, -29.17390649999993 ], [ -51.167447099999947, -29.17388619999997 ], [ -51.16749249999998, -29.171772199999964 ], [ -51.166955199999961, -29.171735 ], [ -51.166476299999943, -29.171731099999931 ], [ -51.164686499999959, -29.171721299999945 ], [ -51.163415199999974, -29.171683299999984 ], [ -51.162206099999935, -29.171660599999939 ], [ -51.16216559999998, -29.172523799999965 ], [ -51.161943699999938, -29.172541399999943 ], [ -51.161623599999984, -29.17253379999994 ], [ -51.160830399999952, -29.172505499999943 ], [ -51.16059219999994, -29.172498299999972 ], [ -51.16069559999994, -29.172760599999947 ], [ -51.160872099999949, -29.173299899999961 ], [ -51.160945699999957, -29.17366119999997 ], [ -51.160985699999969, -29.173853899999983 ], [ -51.16118819999997, -29.175109099999929 ], [ -51.161306, -29.175865199999976 ], [ -51.16157469999996, -29.176572 ], [ -51.161994599999957, -29.177216299999941 ], [ -51.163438499999984, -29.179886099999976 ], [ -51.163738699999953, -29.180385899999976 ], [ -51.163871799999981, -29.180576699999961 ], [ -51.164030399999945, -29.180673099999979 ], [ -51.164624599999968, -29.180780299999981 ], [ -51.165220599999941, -29.180772199999979 ], [ -51.165639599999963, -29.180868499999974 ], [ -51.165928599999972, -29.181121699999949 ], [ -51.166092399999968, -29.181496599999946 ], [ -51.166160199999979, -29.181835 ], [ -51.166195499999958, -29.181975299999976 ], [ -51.16623409999994, -29.182257799999945 ], [ -51.166297, -29.182366 ], [ -51.16654879999993, -29.18267179999998 ], [ -51.166850799999963, -29.182838099999969 ], [ -51.16720719999995, -29.182875 ], [ -51.168637899999965, -29.182859199999939 ], [ -51.169200499999931, -29.182914199999971 ], [ -51.169565799999987, -29.183058599999981 ], [ -51.169856399999958, -29.183380399999976 ], [ -51.170193899999958, -29.183830099999966 ], [ -51.170371799999941, -29.183962199999939 ], [ -51.170695, -29.184116299999971 ], [ -51.171557699999937, -29.184175399999958 ], [ -51.172299199999941, -29.184168499999942 ], [ -51.172821099999965, -29.184363899999937 ], [ -51.173271199999931, -29.184778499999936 ], [ -51.17348039999996, -29.185055 ], [ -51.173527099999944, -29.185119199999974 ], [ -51.173594, -29.185039499999959 ], [ -51.173591399999964, -29.184136099999932 ], [ -51.173583399999984, -29.183413299999984 ], [ -51.17356239999998, -29.182615599999963 ], [ -51.172656599999982, -29.18258609999998 ], [ -51.172652299999982, -29.180734399999949 ], [ -51.172654299999977, -29.180266099999983 ], [ -51.172659299999964, -29.179706799999963 ], [ -51.172672199999965, -29.17848239999995 ], [ -51.172668699999974, -29.177684099999965 ], [ -51.172139499999957, -29.177685799999949 ], [ -51.171745899999962, -29.177588499999956 ], [ -51.171433899999954, -29.177401299999929 ], [ -51.17121469999995, -29.177206699999942 ], [ -51.171151899999984, -29.177151 ], [ -51.17084959999994, -29.177068499999962 ], [ -51.17069829999997, -29.177065599999935 ], [ -51.170466099999942, -29.177107199999966 ], [ -51.17028259999995, -29.176693899999975 ], [ -51.170501199999933, -29.176375399999984 ], [ -51.170062899999948, -29.176295099999948 ], [ -51.170054499999935, -29.176171299999965 ], [ -51.169986199999983, -29.176037399999927 ], [ -51.169664, -29.175636699999984 ], [ -51.169664599999976, -29.17559069999993 ], [ -51.169676299999935, -29.174774099999979 ], [ -51.167424399999959, -29.174762799999939 ], [ -51.167446699999971, -29.17390649999993 ] ] ] } },
{ "type": "Feature", "properties": { "codigobairro": 18, "nome": "Madureira" }, "geometry": { "type": "Polygon", "coordinates": [ [ [ -51.173441299999979, -29.158175799999981 ], [ -51.173647699999947, -29.158079899999962 ], [ -51.173988299999962, -29.157973099999936 ], [ -51.174133599999948, -29.157945899999959 ], [ -51.174211599999978, -29.157939399999975 ], [ -51.174526399999934, -29.15795559999998 ], [ -51.174728, -29.157964299999946 ], [ -51.174956499999951, -29.157996099999934 ], [ -51.175125199999968, -29.158013799999935 ], [ -51.175448099999983, -29.158037499999978 ], [ -51.175538199999949, -29.158046499999955 ], [ -51.176079399999935, -29.158132899999941 ], [ -51.176288699999986, -29.158167799999944 ], [ -51.176692399999979, -29.158277599999963 ], [ -51.17741019999994, -29.158426799999972 ], [ -51.177653799999973, -29.15852 ], [ -51.17786689999997, -29.158582 ], [ -51.178107199999943, -29.158564499999954 ], [ -51.178300899999954, -29.158482699999979 ], [ -51.178558399999986, -29.158159699999942 ], [ -51.178947499999936, -29.157609599999944 ], [ -51.178913099999932, -29.158619 ], [ -51.178901099999962, -29.159640099999933 ], [ -51.178895499999953, -29.159980599999983 ], [ -51.180199799999968, -29.159984099999974 ], [ -51.181854, -29.160046499999964 ], [ -51.181975299999976, -29.159496899999965 ], [ -51.182142099999965, -29.158863899999972 ], [ -51.182209199999932, -29.158583199999953 ], [ -51.182250399999987, -29.158293299999968 ], [ -51.182324599999959, -29.157989699999973 ], [ -51.182365699999934, -29.157807799999944 ], [ -51.182423899999947, -29.156956799999932 ], [ -51.18249869999994, -29.15619049999998 ], [ -51.182570699999985, -29.155460399999981 ], [ -51.18261739999997, -29.155078699999933 ], [ -51.182621599999948, -29.155043899999953 ], [ -51.185954199999969, -29.155187399999932 ], [ -51.185959499999967, -29.154602899999929 ], [ -51.185938799999974, -29.154011 ], [ -51.185963799999968, -29.153288099999941 ], [ -51.185311299999967, -29.152684699999952 ], [ -51.185255599999948, -29.153498 ], [ -51.184629299999983, -29.15282179999997 ], [ -51.184587699999952, -29.153510299999937 ], [ -51.183874699999933, -29.15347689999993 ], [ -51.183854099999962, -29.153768 ], [ -51.183119099999942, -29.153764099999933 ], [ -51.181640099999981, -29.153738699999963 ], [ -51.181608299999937, -29.153738099999941 ], [ -51.180871099999933, -29.153678099999979 ], [ -51.180778699999962, -29.15367729999997 ], [ -51.180540099999973, -29.15367509999993 ], [ -51.179335099999946, -29.153620799999942 ], [ -51.178354099999979, -29.153621599999951 ], [ -51.176439599999981, -29.153598899999963 ], [ -51.176607799999942, -29.154208899999958 ], [ -51.17554169999994, -29.154221 ], [ -51.17551659999998, -29.154221299999961 ], [ -51.175523, -29.153906 ], [ -51.175534699999957, -29.153503 ], [ -51.175536299999976, -29.153232799999955 ], [ -51.173021499999948, -29.153156699999954 ], [ -51.17215589999995, -29.153143599999964 ], [ -51.172110799999984, -29.153944099999933 ], [ -51.172093399999937, -29.154638699999964 ], [ -51.172095099999979, -29.155223699999965 ], [ -51.172077599999966, -29.155816299999969 ], [ -51.172059799999943, -29.15655229999993 ], [ -51.172024099999931, -29.156980899999951 ], [ -51.172042599999941, -29.157213 ], [ -51.172052699999938, -29.157497399999954 ], [ -51.172035599999958, -29.157764099999952 ], [ -51.172021699999959, -29.15798129999996 ], [ -51.172017199999971, -29.158177599999931 ], [ -51.17200349999996, -29.158536099999935 ], [ -51.172664599999962, -29.158373099999949 ], [ -51.173010399999953, -29.158329899999956 ], [ -51.173441299999979, -29.158175799999981 ] ] ] } },
{ "type": "Feature", "properties": { "codigobairro": 10, "nome": "Medianeira" }, "geometry": { "type": "Polygon", "coordinates": [ [ [ -51.193088899999964, -29.171786099999963 ], [ -51.193228499999975, -29.171983799999964 ], [ -51.193580199999985, -29.172436199999936 ], [ -51.194071799999961, -29.173102 ], [ -51.194090399999936, -29.173127299999976 ], [ -51.194226499999957, -29.173081399999944 ], [ -51.194452699999943, -29.173396799999978 ], [ -51.194936699999971, -29.17380559999998 ], [ -51.195241099999976, -29.173818499999982 ], [ -51.195789799999943, -29.173788099999967 ], [ -51.196154599999943, -29.173622299999977 ], [ -51.196532099999956, -29.173404399999981 ], [ -51.196912499999939, -29.173169799999982 ], [ -51.197403699999938, -29.172981399999969 ], [ -51.197796899999958, -29.172915599999953 ], [ -51.19826089999998, -29.172976399999982 ], [ -51.198537399999964, -29.173078399999952 ], [ -51.198837099999935, -29.173311 ], [ -51.199027, -29.173655599999961 ], [ -51.199069599999973, -29.173905599999955 ], [ -51.199047, -29.174384699999962 ], [ -51.198888599999975, -29.174932599999977 ], [ -51.198766499999977, -29.175627 ], [ -51.198874, -29.175756899999953 ], [ -51.199225699999943, -29.176100099999928 ], [ -51.199565199999938, -29.176319299999932 ], [ -51.199825399999952, -29.176392299999975 ], [ -51.199903899999981, -29.175081299999931 ], [ -51.199909199999979, -29.173638 ], [ -51.20075989999998, -29.173680399999967 ], [ -51.201689399999964, -29.173663099999942 ], [ -51.201913599999955, -29.173902 ], [ -51.202425199999936, -29.173494 ], [ -51.202709199999958, -29.173273599999959 ], [ -51.202798399999949, -29.173206599999958 ], [ -51.202287099999978, -29.172685599999966 ], [ -51.202195099999983, -29.172492699999964 ], [ -51.20192069999996, -29.17191639999993 ], [ -51.201515399999948, -29.171137599999952 ], [ -51.201283799999942, -29.170866399999966 ], [ -51.201076599999965, -29.170728399999973 ], [ -51.200398099999973, -29.170432199999937 ], [ -51.199973299999954, -29.17024669999995 ], [ -51.199519799999962, -29.170246599999928 ], [ -51.197879199999932, -29.17021589999996 ], [ -51.197865199999967, -29.169637899999941 ], [ -51.195653899999968, -29.169614699999954 ], [ -51.195632299999943, -29.170175099999938 ], [ -51.195600299999967, -29.171004 ], [ -51.194962399999952, -29.170968 ], [ -51.192639099999951, -29.170883599999968 ], [ -51.192560699999945, -29.171143699999959 ], [ -51.192504099999951, -29.171352599999977 ], [ -51.192743399999983, -29.171512099999973 ], [ -51.193088899999964, -29.171786099999963 ] ] ] } },
{ "type": "Feature", "properties": { "codigobairro": 67, "nome": "Santa Corona" }, "geometry": { "type": "Polygon", "coordinates": [ [ [ -51.176570099999935, -29.215320299999973 ], [ -51.176661899999942, -29.215377299999943 ], [ -51.176992199999972, -29.215503499999954 ], [ -51.177590199999941, -29.215585899999951 ], [ -51.178057599999931, -29.215506199999936 ], [ -51.178174599999977, -29.215484 ], [ -51.178889, -29.214857499999937 ], [ -51.17970159999993, -29.214189099999942 ], [ -51.180111799999963, -29.21378059999995 ], [ -51.180978499999981, -29.213047399999937 ], [ -51.181656299999986, -29.212668699999938 ], [ -51.181429199999968, -29.212146 ], [ -51.18144239999998, -29.21092189999996 ], [ -51.181846599999972, -29.208200699999963 ], [ -51.181961299999955, -29.207107899999983 ], [ -51.181695799999943, -29.206826799999931 ], [ -51.181436699999949, -29.206659499999944 ], [ -51.180859, -29.206586299999969 ], [ -51.180375599999934, -29.206458099999963 ], [ -51.180071699999985, -29.20629729999996 ], [ -51.17931539999995, -29.20574629999993 ], [ -51.178707299999985, -29.205560599999956 ], [ -51.180394599999943, -29.203868799999952 ], [ -51.17991509999996, -29.203419599999961 ], [ -51.180011299999933, -29.203040399999963 ], [ -51.178352599999982, -29.203153699999973 ], [ -51.177521699999943, -29.203158099999939 ], [ -51.17753289999996, -29.203091699999959 ], [ -51.177575699999977, -29.202957799999979 ], [ -51.177565, -29.202629499999944 ], [ -51.177536, -29.20253839999998 ], [ -51.177516399999945, -29.202480199999968 ], [ -51.176753699999949, -29.201592799999958 ], [ -51.17656489999996, -29.201241399999958 ], [ -51.176277, -29.201249099999984 ], [ -51.175940399999945, -29.201246799999979 ], [ -51.174049, -29.201251899999932 ], [ -51.173910699999965, -29.201348699999983 ], [ -51.173675799999955, -29.201480899999979 ], [ -51.17333, -29.201522399999931 ], [ -51.17301939999993, -29.201437599999963 ], [ -51.172857499999964, -29.199785399999939 ], [ -51.172523899999931, -29.199885 ], [ -51.172127599999953, -29.199808499999961 ], [ -51.171376099999975, -29.199681599999963 ], [ -51.171145, -29.199743 ], [ -51.170930399999975, -29.199847699999964 ], [ -51.170747099999971, -29.200099899999941 ], [ -51.170642199999975, -29.200336099999959 ], [ -51.170464899999956, -29.200711599999977 ], [ -51.170234599999958, -29.20084259999993 ], [ -51.169757299999958, -29.201007 ], [ -51.169251499999973, -29.201128299999937 ], [ -51.168790099999967, -29.201287 ], [ -51.168555, -29.20152829999995 ], [ -51.168382599999973, -29.201784 ], [ -51.167840199999944, -29.202753099999939 ], [ -51.167470599999945, -29.203157899999951 ], [ -51.16724279999994, -29.203772899999933 ], [ -51.167001699999958, -29.204088799999965 ], [ -51.166863299999932, -29.204257 ], [ -51.166845399999943, -29.204641699999968 ], [ -51.16689539999993, -29.204792599999962 ], [ -51.167049899999938, -29.204878899999983 ], [ -51.166948699999978, -29.205485299999964 ], [ -51.166815499999984, -29.206279199999983 ], [ -51.166664299999979, -29.207511099999977 ], [ -51.166456399999959, -29.208486499999935 ], [ -51.166212299999984, -29.209228 ], [ -51.166692499999954, -29.20938979999994 ], [ -51.166909, -29.209564499999942 ], [ -51.166994799999941, -29.209696399999928 ], [ -51.166985199999942, -29.210067099999947 ], [ -51.166595899999948, -29.210174699999982 ], [ -51.165939599999945, -29.210063199999979 ], [ -51.165471499999967, -29.210263899999973 ], [ -51.165224499999965, -29.210606299999938 ], [ -51.165176799999983, -29.210880199999963 ], [ -51.165284399999962, -29.211156499999959 ], [ -51.16595209999997, -29.211566499999947 ], [ -51.166282399999943, -29.212061699999936 ], [ -51.166345599999943, -29.212310699999932 ], [ -51.166497099999958, -29.212962299999958 ], [ -51.167390399999931, -29.214758299999971 ], [ -51.167590399999938, -29.215474 ], [ -51.167386399999941, -29.216027599999961 ], [ -51.167776299999957, -29.216532899999947 ], [ -51.168194399999948, -29.216903 ], [ -51.169604799999945, -29.218548 ], [ -51.169270399999959, -29.218733199999974 ], [ -51.168757599999935, -29.219017299999962 ], [ -51.168020899999931, -29.219575799999973 ], [ -51.167307499999936, -29.220043 ], [ -51.16732959999996, -29.220484799999952 ], [ -51.167338599999937, -29.220788499999969 ], [ -51.167626899999959, -29.220532399999968 ], [ -51.168040799999972, -29.220347899999979 ], [ -51.168351499999972, -29.220316499999967 ], [ -51.16877519999997, -29.220138399999939 ], [ -51.16897229999995, -29.219944399999974 ], [ -51.169436, -29.219426699999929 ], [ -51.169870099999969, -29.218980099999953 ], [ -51.170457499999941, -29.218673199999955 ], [ -51.170870499999978, -29.218465699999967 ], [ -51.171498, -29.218117599999971 ], [ -51.172747499999957, -29.217876099999955 ], [ -51.173387399999967, -29.217326299999968 ], [ -51.174057599999969, -29.216598199999964 ], [ -51.174810199999968, -29.21574279999993 ], [ -51.175096099999962, -29.21560519999997 ], [ -51.175820099999953, -29.215534799999944 ], [ -51.176066599999956, -29.215511699999979 ], [ -51.176321, -29.215424199999973 ], [ -51.176570099999935, -29.215320299999973 ] ] ] } },
{ "type": "Feature", "properties": { "codigobairro": 24, "nome": "Bela Vista" }, "geometry": { "type": "Polygon", "coordinates": [ [ [ -51.152082, -29.184006299999965 ], [ -51.152404299999944, -29.183995799999934 ], [ -51.153124699999978, -29.183980099999928 ], [ -51.154190299999982, -29.183725799999934 ], [ -51.154907299999934, -29.183351499999958 ], [ -51.155273399999942, -29.183049499999981 ], [ -51.155710099999965, -29.182676599999979 ], [ -51.156031399999961, -29.182341699999938 ], [ -51.156171, -29.182212899999968 ], [ -51.156305199999963, -29.182042699999954 ], [ -51.156574399999954, -29.181163 ], [ -51.156819199999973, -29.180731399999956 ], [ -51.157223199999976, -29.180438599999945 ], [ -51.157931699999949, -29.179993799999977 ], [ -51.158133699999951, -29.179646199999979 ], [ -51.158268599999985, -29.179146599999967 ], [ -51.15822129999998, -29.178930499999979 ], [ -51.157879099999946, -29.178633199999979 ], [ -51.157781899999975, -29.17854879999993 ], [ -51.157587599999943, -29.178322599999944 ], [ -51.157452599999942, -29.178114299999947 ], [ -51.157677899999953, -29.178111099999967 ], [ -51.157997599999931, -29.178119399999957 ], [ -51.158772499999941, -29.17814519999996 ], [ -51.158806299999981, -29.178945599999963 ], [ -51.158887499999935, -29.17894739999997 ], [ -51.159683199999961, -29.178957399999945 ], [ -51.160041699999965, -29.178956099999937 ], [ -51.16042079999994, -29.178952699999968 ], [ -51.160831099999939, -29.178948699999978 ], [ -51.160807199999965, -29.179955299999961 ], [ -51.161847699999953, -29.180016199999955 ], [ -51.161863699999969, -29.18001709999993 ], [ -51.161895399999935, -29.179834799999981 ], [ -51.163185599999963, -29.179856199999961 ], [ -51.163438499999984, -29.179886099999976 ], [ -51.161994599999957, -29.177216299999941 ], [ -51.16157469999996, -29.176572 ], [ -51.161306, -29.175865199999976 ], [ -51.16118819999997, -29.175109099999929 ], [ -51.160985699999969, -29.173853899999983 ], [ -51.160945699999957, -29.17366119999997 ], [ -51.160872099999949, -29.173299899999961 ], [ -51.160668799999939, -29.173305099999936 ], [ -51.15974639999996, -29.173284199999955 ], [ -51.159739599999966, -29.173500599999954 ], [ -51.15823249999994, -29.17348949999996 ], [ -51.155067499999973, -29.173415499999976 ], [ -51.154444, -29.17224189999996 ], [ -51.153292099999931, -29.17221109999997 ], [ -51.151622299999985, -29.172152499999982 ], [ -51.151644199999964, -29.173297599999955 ], [ -51.150109099999952, -29.173274399999968 ], [ -51.147864899999945, -29.173240599999929 ], [ -51.147825299999965, -29.17324 ], [ -51.147814699999969, -29.172128899999962 ], [ -51.14622769999994, -29.172132699999963 ], [ -51.146227899999985, -29.173163199999976 ], [ -51.146198199999958, -29.173438899999951 ], [ -51.145885699999951, -29.173892199999955 ], [ -51.145858199999964, -29.173923499999944 ], [ -51.145542099999943, -29.174283199999934 ], [ -51.144711299999983, -29.174889199999939 ], [ -51.14446369999996, -29.175134 ], [ -51.144316099999969, -29.175323499999934 ], [ -51.144165399999963, -29.175501199999928 ], [ -51.144073899999967, -29.175694499999963 ], [ -51.144034099999942, -29.176191 ], [ -51.143859599999985, -29.176726 ], [ -51.143713699999978, -29.176979299999971 ], [ -51.143463499999939, -29.177241399999957 ], [ -51.143241599999953, -29.177496 ], [ -51.14314429999996, -29.177607499999965 ], [ -51.143131, -29.178233199999966 ], [ -51.142249, -29.178751 ], [ -51.141796799999952, -29.179057 ], [ -51.141625, -29.179280099999971 ], [ -51.14150189999998, -29.179749899999933 ], [ -51.141331699999967, -29.180649799999969 ], [ -51.140805299999954, -29.18123 ], [ -51.139962699999955, -29.181951599999934 ], [ -51.139248299999963, -29.182573899999966 ], [ -51.139153699999952, -29.182881399999928 ], [ -51.139145299999939, -29.183766099999957 ], [ -51.139041, -29.184233399999982 ], [ -51.139153, -29.184659699999941 ], [ -51.139539299999967, -29.184990399999947 ], [ -51.140237899999931, -29.185650499999952 ], [ -51.14039, -29.185786399999984 ], [ -51.146309, -29.186036199999933 ], [ -51.146897399999943, -29.186061099999961 ], [ -51.147247499999935, -29.18607529999997 ], [ -51.148419899999965, -29.186064899999963 ], [ -51.149423399999932, -29.186108499999932 ], [ -51.149802399999942, -29.185838099999955 ], [ -51.150202599999943, -29.185441299999979 ], [ -51.150610299999983, -29.184636699999942 ], [ -51.150801199999933, -29.184464299999945 ], [ -51.151197699999955, -29.184215599999959 ], [ -51.151753399999961, -29.184052699999938 ], [ -51.152082, -29.184006299999965 ] ] ] } },
{ "type": "Feature", "properties": { "codigobairro": 20, "nome": "Nossa Senhora de Fátima" }, "geometry": { "type": "Polygon", "coordinates": [ [ [ -51.183147799999972, -29.149494699999934 ], [ -51.183918399999982, -29.149520199999984 ], [ -51.183915299999967, -29.149506899999949 ], [ -51.183944299999951, -29.148522799999967 ], [ -51.184043499999973, -29.148522499999956 ], [ -51.184080599999959, -29.147817299999929 ], [ -51.183995, -29.147729499999969 ], [ -51.184038, -29.146629899999937 ], [ -51.184035, -29.145958899999982 ], [ -51.183928, -29.145900299999937 ], [ -51.183947099999955, -29.145249099999944 ], [ -51.184414699999934, -29.145271199999968 ], [ -51.184516899999949, -29.14527529999998 ], [ -51.186133699999971, -29.145261199999936 ], [ -51.186380699999972, -29.1453 ], [ -51.186396399999978, -29.144911799999932 ], [ -51.186441799999955, -29.144245399999932 ], [ -51.186387799999977, -29.144029699999976 ], [ -51.185994099999959, -29.143994299999974 ], [ -51.185070899999971, -29.143262299999947 ], [ -51.184602299999938, -29.142649199999937 ], [ -51.184401799999932, -29.142614499999979 ], [ -51.184397799999942, -29.142557899999929 ], [ -51.184193199999982, -29.14210769999994 ], [ -51.183840399999951, -29.141157299999975 ], [ -51.183809799999949, -29.141045899999938 ], [ -51.183656599999949, -29.140488799999957 ], [ -51.183612699999969, -29.140328899999929 ], [ -51.183536199999935, -29.139683899999966 ], [ -51.18353639999998, -29.139404199999944 ], [ -51.183551099999931, -29.139282399999956 ], [ -51.183603099999971, -29.138060899999971 ], [ -51.183678899999961, -29.136594099999968 ], [ -51.183692599999972, -29.136432799999966 ], [ -51.183767399999965, -29.136159699999951 ], [ -51.183780699999943, -29.136036499999932 ], [ -51.183397499999955, -29.136042699999962 ], [ -51.18288, -29.136014 ], [ -51.181208499999968, -29.135936699999945 ], [ -51.180883199999982, -29.135921 ], [ -51.180586299999959, -29.135534699999937 ], [ -51.180070699999931, -29.135529799999972 ], [ -51.179064699999969, -29.135508 ], [ -51.179049199999952, -29.135120399999948 ], [ -51.17789659999994, -29.13509769999996 ], [ -51.177408299999968, -29.135077699999954 ], [ -51.176105, -29.135038499999951 ], [ -51.175824099999943, -29.13503819999994 ], [ -51.174734599999965, -29.135027699999966 ], [ -51.174413299999969, -29.135024599999952 ], [ -51.17281289999994, -29.134961499999974 ], [ -51.172444299999938, -29.13494849999995 ], [ -51.172437199999933, -29.135239 ], [ -51.17242049999993, -29.135458699999958 ], [ -51.172348599999964, -29.137296299999946 ], [ -51.172356099999945, -29.138264899999967 ], [ -51.172298199999943, -29.138873199999978 ], [ -51.172241399999962, -29.139873699999953 ], [ -51.172204099999931, -29.140759099999968 ], [ -51.172210899999982, -29.141490499999975 ], [ -51.172169399999973, -29.142157299999951 ], [ -51.172143099999971, -29.142805 ], [ -51.172149299999944, -29.142859 ], [ -51.172152099999948, -29.143213899999978 ], [ -51.172155199999963, -29.143362 ], [ -51.172154899999953, -29.143446599999947 ], [ -51.171928599999944, -29.143339099999935 ], [ -51.171770599999945, -29.143367799999965 ], [ -51.171572399999945, -29.143531899999971 ], [ -51.171342099999947, -29.143820399999981 ], [ -51.17134429999993, -29.144094399999972 ], [ -51.171331599999974, -29.144189899999958 ], [ -51.171387899999957, -29.144259799999929 ], [ -51.171616399999948, -29.144568499999934 ], [ -51.171862199999964, -29.144781399999943 ], [ -51.172120399999983, -29.144785099999979 ], [ -51.172537599999941, -29.144799099999943 ], [ -51.172540799999979, -29.144920799999966 ], [ -51.172553799999946, -29.145513599999958 ], [ -51.17233269999997, -29.14904359999997 ], [ -51.172259799999949, -29.149967599999968 ], [ -51.172265299999935, -29.150139499999966 ], [ -51.174643499999945, -29.149366199999974 ], [ -51.175164199999983, -29.149274299999945 ], [ -51.179621599999962, -29.149379299999964 ], [ -51.182242499999973, -29.149455599999953 ], [ -51.182812499999955, -29.149489399999936 ], [ -51.183147799999972, -29.149494699999934 ] ] ] } },
{ "type": "Feature", "properties": { "codigobairro": 1, "nome": "Exposição" }, "geometry": { "type": "Polygon", "coordinates": [ [ [ -51.175884599999961, -29.169801599999971 ], [ -51.175255299999947, -29.169790699999965 ], [ -51.173109099999976, -29.169735699999933 ], [ -51.171803699999941, -29.169737899999973 ], [ -51.171769099999949, -29.169737299999952 ], [ -51.17035, -29.169675 ], [ -51.167545699999948, -29.169625499999938 ], [ -51.167524199999946, -29.170751899999971 ], [ -51.16749249999998, -29.171772199999964 ], [ -51.167447099999947, -29.17388619999997 ], [ -51.167446699999971, -29.17390649999993 ], [ -51.167424399999959, -29.174762799999939 ], [ -51.169676299999935, -29.174774099999979 ], [ -51.170492499999966, -29.174794399999939 ], [ -51.173096799999939, -29.17480889999996 ], [ -51.173613499999931, -29.174860299999978 ], [ -51.174727299999972, -29.174826499999938 ], [ -51.175141699999983, -29.174850799999945 ], [ -51.1759, -29.174895099999958 ], [ -51.177714299999934, -29.174924699999963 ], [ -51.178508099999931, -29.174935499999947 ], [ -51.179461199999935, -29.174948499999971 ], [ -51.179846399999974, -29.174923299999932 ], [ -51.180086, -29.174905299999978 ], [ -51.18063589999997, -29.174903099999938 ], [ -51.180697599999974, -29.17432539999993 ], [ -51.181051799999977, -29.174841599999979 ], [ -51.181205399999953, -29.175080499999979 ], [ -51.181256599999983, -29.17518709999996 ], [ -51.181307799999956, -29.175268199999948 ], [ -51.181394099999977, -29.175269699999944 ], [ -51.182612199999937, -29.17529989999997 ], [ -51.18395819999995, -29.175287499999968 ], [ -51.18399549999998, -29.174081399999977 ], [ -51.184005099999979, -29.173773899999958 ], [ -51.184047299999975, -29.172615399999984 ], [ -51.184109499999977, -29.170611399999927 ], [ -51.184117299999969, -29.169958899999983 ], [ -51.18275749999998, -29.16994649999998 ], [ -51.181850899999972, -29.169932499999959 ], [ -51.180020099999979, -29.169885699999952 ], [ -51.177270499999963, -29.169801199999938 ], [ -51.175922599999979, -29.169802299999958 ], [ -51.175884599999961, -29.169801599999971 ] ] ] } },
{ "type": "Feature", "properties": { "codigobairro": 47, "nome": "Nossa Senhora do Rosário" }, "geometry": { "type": "Polygon", "coordinates": [ [ [ -51.17242049999993, -29.135458699999958 ], [ -51.172437199999933, -29.135239 ], [ -51.172444299999938, -29.13494849999995 ], [ -51.172411499999953, -29.133493 ], [ -51.172527699999932, -29.130333599999972 ], [ -51.172533699999974, -29.130318199999977 ], [ -51.172595799999954, -29.130157899999972 ], [ -51.172603899999956, -29.129708099999959 ], [ -51.172606899999948, -29.129671 ], [ -51.172659099999976, -29.12709069999994 ], [ -51.172678099999985, -29.126665699999933 ], [ -51.172688499999936, -29.126044299999933 ], [ -51.172713299999941, -29.124492699999962 ], [ -51.172632499999963, -29.124426399999948 ], [ -51.172317899999939, -29.12415139999996 ], [ -51.171972699999969, -29.123849599999971 ], [ -51.171243799999957, -29.123297 ], [ -51.171298399999955, -29.123064699999929 ], [ -51.170995, -29.122939799999983 ], [ -51.170153299999981, -29.122671699999955 ], [ -51.169336899999962, -29.122357099999931 ], [ -51.168583599999977, -29.122037199999966 ], [ -51.167338699999959, -29.121527299999968 ], [ -51.165951899999982, -29.120962599999928 ], [ -51.16557279999995, -29.120786299999963 ], [ -51.164563599999951, -29.120399099999929 ], [ -51.163742899999932, -29.120092099999965 ], [ -51.163300099999958, -29.119925299999977 ], [ -51.162720099999945, -29.119705499999952 ], [ -51.162391199999945, -29.11959319999994 ], [ -51.161803499999962, -29.119433099999981 ], [ -51.16147669999998, -29.119371 ], [ -51.161027099999956, -29.119306199999983 ], [ -51.160642199999984, -29.11926079999995 ], [ -51.160107299999936, -29.119242099999951 ], [ -51.159710099999984, -29.119266599999946 ], [ -51.159246799999949, -29.119316599999934 ], [ -51.158762099999933, -29.11939719999998 ], [ -51.158375699999965, -29.119495299999983 ], [ -51.157552099999975, -29.119786799999929 ], [ -51.157027299999982, -29.120050499999934 ], [ -51.156298099999958, -29.120431399999973 ], [ -51.155777799999953, -29.120718 ], [ -51.154610299999945, -29.12130209999998 ], [ -51.154043299999955, -29.121602099999961 ], [ -51.153693, -29.121774799999969 ], [ -51.153511299999934, -29.121871099999964 ], [ -51.153172, -29.122000499999956 ], [ -51.152692199999933, -29.122168899999963 ], [ -51.151576499999976, -29.122486299999935 ], [ -51.150617, -29.122681799999953 ], [ -51.149719599999969, -29.122836099999972 ], [ -51.149074199999973, -29.122981599999946 ], [ -51.14742659999996, -29.123313099999962 ], [ -51.146799599999952, -29.123430499999984 ], [ -51.146562399999937, -29.123478299999931 ], [ -51.146414799999945, -29.123509099999978 ], [ -51.146166699999981, -29.123561499999937 ], [ -51.145552299999963, -29.123691599999972 ], [ -51.145159299999932, -29.123772 ], [ -51.145025499999974, -29.123802599999976 ], [ -51.144281399999954, -29.12396149999995 ], [ -51.144236199999966, -29.124207 ], [ -51.144227499999943, -29.124371899999971 ], [ -51.144215499999973, -29.124557899999957 ], [ -51.144187099999954, -29.125013399999943 ], [ -51.144192299999986, -29.125168499999972 ], [ -51.144204599999966, -29.125488399999938 ], [ -51.144197099999985, -29.125921299999959 ], [ -51.144178199999942, -29.126742699999966 ], [ -51.144165099999952, -29.127557899999942 ], [ -51.144128699999953, -29.129526099999964 ], [ -51.144137599999965, -29.12989 ], [ -51.144073499999934, -29.130462399999942 ], [ -51.144064199999946, -29.130567 ], [ -51.144052399999964, -29.130867099999932 ], [ -51.144050399999969, -29.131144899999981 ], [ -51.14405759999994, -29.13137949999998 ], [ -51.144088199999942, -29.13171049999994 ], [ -51.144098, -29.131873599999949 ], [ -51.144088899999986, -29.132023099999969 ], [ -51.144056299999932, -29.132827499999962 ], [ -51.144035699999961, -29.133268799999939 ], [ -51.144028299999945, -29.13353619999998 ], [ -51.14400459999996, -29.134041699999955 ], [ -51.143983299999945, -29.134629 ], [ -51.14436349999994, -29.134504199999981 ], [ -51.144894099999931, -29.134303299999942 ], [ -51.145327, -29.134159599999975 ], [ -51.14547239999996, -29.134130099999936 ], [ -51.14556319999997, -29.134129199999961 ], [ -51.146131399999945, -29.134177899999941 ], [ -51.14715469999993, -29.134188 ], [ -51.147927599999946, -29.134197 ], [ -51.148774399999979, -29.134203399999933 ], [ -51.150305499999945, -29.134230099999968 ], [ -51.151197199999956, -29.134241499999973 ], [ -51.151191499999982, -29.135238399999935 ], [ -51.151191, -29.13546249999996 ], [ -51.151176899999939, -29.137102599999935 ], [ -51.147092399999963, -29.137071099999957 ], [ -51.145954299999971, -29.137076399999955 ], [ -51.145244099999957, -29.137068499999941 ], [ -51.14491819999995, -29.137064899999928 ], [ -51.144640099999947, -29.137066 ], [ -51.144431399999974, -29.137065 ], [ -51.144200099999978, -29.137073599999951 ], [ -51.14407929999993, -29.137178799999958 ], [ -51.143997799999966, -29.137289 ], [ -51.143881299999975, -29.137454 ], [ -51.143880599999932, -29.137523 ], [ -51.143880599999932, -29.13760149999996 ], [ -51.143895, -29.137936 ], [ -51.143899, -29.138065799999936 ], [ -51.143878899999947, -29.138509699999929 ], [ -51.14386559999997, -29.138871299999948 ], [ -51.143851499999982, -29.139756 ], [ -51.150837, -29.139917399999945 ], [ -51.15178949999995, -29.139942499999961 ], [ -51.153968899999938, -29.139996699999983 ], [ -51.154443799999967, -29.140026099999943 ], [ -51.155810499999973, -29.14011249999993 ], [ -51.156392399999959, -29.14014949999995 ], [ -51.157042699999977, -29.140012199999944 ], [ -51.157788799999935, -29.139844899999957 ], [ -51.158147399999962, -29.139709799999935 ], [ -51.158381, -29.139500099999964 ], [ -51.158619099999953, -29.139343399999973 ], [ -51.158395499999983, -29.139931199999978 ], [ -51.158205199999941, -29.140424099999962 ], [ -51.158179799999971, -29.140525699999955 ], [ -51.158067399999936, -29.141069899999934 ], [ -51.158039, -29.141805599999941 ], [ -51.16279389999994, -29.142077799999981 ], [ -51.162902299999985, -29.142000099999962 ], [ -51.163119199999983, -29.141674799999976 ], [ -51.163161899999977, -29.141626799999983 ], [ -51.163347499999986, -29.141475299999968 ], [ -51.163513699999953, -29.141381399999943 ], [ -51.163653899999986, -29.141322699999932 ], [ -51.16380909999998, -29.14129029999998 ], [ -51.163885899999968, -29.141288399999951 ], [ -51.164054199999953, -29.141300499999943 ], [ -51.16416849999996, -29.141373 ], [ -51.164239499999951, -29.141467899999952 ], [ -51.164326799999969, -29.141588 ], [ -51.164386399999955, -29.141684099999964 ], [ -51.164607299999943, -29.142269299999953 ], [ -51.164647799999955, -29.142380799999955 ], [ -51.16466429999997, -29.142498199999977 ], [ -51.164729399999942, -29.14258609999996 ], [ -51.164875199999983, -29.142615499999977 ], [ -51.165051799999958, -29.142613399999959 ], [ -51.165192499999932, -29.142585 ], [ -51.165418, -29.142527799999982 ], [ -51.16592559999998, -29.142436799999928 ], [ -51.166336299999955, -29.142418199999952 ], [ -51.166587599999957, -29.142452899999967 ], [ -51.166925499999934, -29.142557599999975 ], [ -51.167171599999961, -29.142746299999942 ], [ -51.167285799999945, -29.142944799999952 ], [ -51.167338399999949, -29.143307499999935 ], [ -51.167369599999972, -29.143889399999978 ], [ -51.167386799999974, -29.143995299999972 ], [ -51.167370199999937, -29.144299899999965 ], [ -51.167451099999937, -29.144792399999972 ], [ -51.167442499999936, -29.144936499999972 ], [ -51.167225199999962, -29.145402399999966 ], [ -51.166991499999938, -29.145933499999956 ], [ -51.166953799999931, -29.146020699999951 ], [ -51.166922299999953, -29.146143699999982 ], [ -51.166930799999932, -29.146438799999942 ], [ -51.166999099999941, -29.146608699999945 ], [ -51.167442699999981, -29.147039899999982 ], [ -51.167818, -29.146796 ], [ -51.168037199999958, -29.146606899999938 ], [ -51.168826599999932, -29.145997 ], [ -51.170096799999953, -29.145124799999962 ], [ -51.170265099999938, -29.145046699999966 ], [ -51.170554, -29.144969399999979 ], [ -51.170839699999931, -29.144932199999971 ], [ -51.171132799999953, -29.144894099999931 ], [ -51.171862199999964, -29.144781399999943 ], [ -51.171616399999948, -29.144568499999934 ], [ -51.171387899999957, -29.144259799999929 ], [ -51.171331599999974, -29.144189899999958 ], [ -51.17134429999993, -29.144094399999972 ], [ -51.171342099999947, -29.143820399999981 ], [ -51.171572399999945, -29.143531899999971 ], [ -51.171770599999945, -29.143367799999965 ], [ -51.171928599999944, -29.143339099999935 ], [ -51.172154899999953, -29.143446599999947 ], [ -51.172155199999963, -29.143362 ], [ -51.172152099999948, -29.143213899999978 ], [ -51.172149299999944, -29.142859 ], [ -51.172143099999971, -29.142805 ], [ -51.172169399999973, -29.142157299999951 ], [ -51.172210899999982, -29.141490499999975 ], [ -51.172204099999931, -29.140759099999968 ], [ -51.172241399999962, -29.139873699999953 ], [ -51.172298199999943, -29.138873199999978 ], [ -51.172356099999945, -29.138264899999967 ], [ -51.172348599999964, -29.137296299999946 ], [ -51.17242049999993, -29.135458699999958 ] ] ] } },
{ "type": "Feature", "properties": { "codigobairro": 39, "nome": "Jardim Eldorado" }, "geometry": { "type": "Polygon", "coordinates": [ [ [ -51.117234699999983, -29.110383199999944 ], [ -51.117460299999948, -29.110696399999938 ], [ -51.11775149999994, -29.110992899999928 ], [ -51.117908799999952, -29.111229 ], [ -51.118099399999949, -29.111708299999975 ], [ -51.118211499999973, -29.112074199999938 ], [ -51.118372299999976, -29.11246529999994 ], [ -51.118378399999983, -29.113579399999935 ], [ -51.117402199999958, -29.113468799999964 ], [ -51.11734169999994, -29.114567699999952 ], [ -51.117327199999977, -29.11510119999997 ], [ -51.117336699999953, -29.116181199999971 ], [ -51.117357199999958, -29.117237599999953 ], [ -51.116793299999983, -29.11762589999995 ], [ -51.116659299999981, -29.117895 ], [ -51.116535799999951, -29.118218099999979 ], [ -51.116553, -29.11849019999994 ], [ -51.116708199999948, -29.118614199999968 ], [ -51.116891499999952, -29.118749399999956 ], [ -51.117119899999977, -29.118885299999931 ], [ -51.117589599999974, -29.11911189999995 ], [ -51.117969199999948, -29.119154799999933 ], [ -51.118071399999963, -29.119151199999976 ], [ -51.118819599999938, -29.119056699999931 ], [ -51.119573799999955, -29.118645399999934 ], [ -51.119960099999957, -29.118443099999979 ], [ -51.120296799999949, -29.118162899999959 ], [ -51.120600799999977, -29.117989 ], [ -51.121044299999937, -29.117973099999972 ], [ -51.121289799999943, -29.118044099999963 ], [ -51.121898599999952, -29.118569299999933 ], [ -51.122486599999945, -29.119096499999955 ], [ -51.122613399999977, -29.119259199999931 ], [ -51.122738199999958, -29.11959029999997 ], [ -51.122718799999973, -29.119916799999942 ], [ -51.122635799999955, -29.120359699999938 ], [ -51.122863799999948, -29.120381499999951 ], [ -51.123821299999975, -29.120475799999952 ], [ -51.124329299999943, -29.120489299999974 ], [ -51.125067299999955, -29.120470599999976 ], [ -51.125138099999958, -29.119545 ], [ -51.125138099999958, -29.119216799999947 ], [ -51.125149499999964, -29.118688799999973 ], [ -51.125211799999931, -29.118050799999935 ], [ -51.12529829999994, -29.117852299999981 ], [ -51.12546969999994, -29.117477 ], [ -51.125521599999956, -29.117368 ], [ -51.125633199999982, -29.117039099999943 ], [ -51.125712199999953, -29.116860199999962 ], [ -51.125782499999957, -29.116688899999929 ], [ -51.125983599999984, -29.116344599999934 ], [ -51.126015399999972, -29.116178299999945 ], [ -51.125835799999948, -29.115641699999969 ], [ -51.125617199999965, -29.114954 ], [ -51.125567699999976, -29.11479339999994 ], [ -51.125388299999941, -29.114229499999965 ], [ -51.125142399999959, -29.113501399999961 ], [ -51.125025699999981, -29.113196 ], [ -51.124894199999972, -29.112815799999964 ], [ -51.124857199999951, -29.112542799999972 ], [ -51.124929099999974, -29.112139899999931 ], [ -51.124957199999983, -29.111704399999951 ], [ -51.125040599999977, -29.110904599999969 ], [ -51.125028399999962, -29.110744799999964 ], [ -51.125029099999949, -29.110571399999969 ], [ -51.124973499999953, -29.110373099999947 ], [ -51.124922, -29.110113099999978 ], [ -51.124806499999977, -29.109638599999982 ], [ -51.124822, -29.109238499999947 ], [ -51.124811, -29.108949699999982 ], [ -51.124811799999975, -29.108540799999957 ], [ -51.123158199999978, -29.108503199999973 ], [ -51.122276499999941, -29.108484099999941 ], [ -51.122292, -29.10737389999997 ], [ -51.121677699999964, -29.107371099999966 ], [ -51.121641599999975, -29.107371 ], [ -51.121643499999948, -29.107159599999932 ], [ -51.121604799999943, -29.107154399999956 ], [ -51.121343399999944, -29.107119699999942 ], [ -51.121033199999943, -29.107092899999941 ], [ -51.120705399999963, -29.10704839999994 ], [ -51.120424499999956, -29.107029799999964 ], [ -51.119629599999939, -29.106978099999935 ], [ -51.116728099999932, -29.106827099999975 ], [ -51.116467199999931, -29.106823099999929 ], [ -51.116293599999949, -29.106811099999959 ], [ -51.116436299999975, -29.107237299999952 ], [ -51.116466799999955, -29.107501899999932 ], [ -51.116419499999949, -29.107892699999979 ], [ -51.11629419999997, -29.108494299999961 ], [ -51.116246899999965, -29.109288399999969 ], [ -51.116247099999953, -29.109622199999933 ], [ -51.116232099999934, -29.109840799999972 ], [ -51.116317699999968, -29.110020499999962 ], [ -51.116554, -29.110149299999932 ], [ -51.116979899999933, -29.11019669999996 ], [ -51.117234699999983, -29.110383199999944 ] ] ] } },
{ "type": "Feature", "properties": { "codigobairro": 61, "nome": "Sanvitto" }, "geometry": { "type": "Polygon", "coordinates": [ [ [ -51.206908199999987, -29.182247199999949 ], [ -51.206578, -29.182604699999956 ], [ -51.206701599999974, -29.18270659999996 ], [ -51.206847799999935, -29.18286 ], [ -51.206901699999946, -29.183004499999981 ], [ -51.207122899999945, -29.183297299999936 ], [ -51.207222499999943, -29.18343619999996 ], [ -51.207332699999938, -29.183536 ], [ -51.207633199999975, -29.183771399999955 ], [ -51.207677799999942, -29.18379 ], [ -51.207809699999984, -29.183843899999943 ], [ -51.20801309999996, -29.183907699999963 ], [ -51.208071599999982, -29.18391639999993 ], [ -51.208342499999958, -29.183944799999949 ], [ -51.20871939999995, -29.183940399999983 ], [ -51.209000099999969, -29.183933199999956 ], [ -51.209384099999966, -29.183902599999954 ], [ -51.209845899999948, -29.183843499999966 ], [ -51.209961499999963, -29.183840499999974 ], [ -51.210078499999952, -29.183837399999959 ], [ -51.210283299999958, -29.183832099999961 ], [ -51.210417199999938, -29.183816599999943 ], [ -51.210714499999938, -29.183775099999934 ], [ -51.211034899999959, -29.18364459999998 ], [ -51.211240299999986, -29.183522 ], [ -51.211443199999962, -29.183195099999978 ], [ -51.211544799999956, -29.183031299999982 ], [ -51.211730799999941, -29.182549699999981 ], [ -51.211788599999977, -29.18239959999994 ], [ -51.211576299999933, -29.182428499999958 ], [ -51.211621299999933, -29.182318099999975 ], [ -51.21179159999997, -29.181882199999961 ], [ -51.211988599999984, -29.181318899999951 ], [ -51.212155, -29.180762699999946 ], [ -51.212235299999975, -29.18053539999994 ], [ -51.212250199999971, -29.180442599999935 ], [ -51.21225789999994, -29.180337599999973 ], [ -51.212278199999957, -29.18028019999997 ], [ -51.212307099999975, -29.180195099999935 ], [ -51.212370199999953, -29.180054799999937 ], [ -51.212541599999952, -29.179796199999942 ], [ -51.212649499999941, -29.179660699999943 ], [ -51.212767199999973, -29.179495199999963 ], [ -51.212775799999974, -29.179366699999946 ], [ -51.21309709999997, -29.179223199999967 ], [ -51.213245, -29.179154399999959 ], [ -51.213460599999962, -29.179091099999937 ], [ -51.213575599999956, -29.179068599999937 ], [ -51.213798599999961, -29.179031799999962 ], [ -51.214008799999931, -29.17903519999993 ], [ -51.214169199999958, -29.179062299999941 ], [ -51.214327499999968, -29.179114499999969 ], [ -51.214641799999981, -29.179252099999928 ], [ -51.214899499999945, -29.179383099999939 ], [ -51.215080199999932, -29.17947769999995 ], [ -51.215312, -29.179612199999951 ], [ -51.215543299999979, -29.179749199999947 ], [ -51.215843099999972, -29.179947699999957 ], [ -51.216457, -29.180297199999984 ], [ -51.216812399999981, -29.180498299999954 ], [ -51.216833, -29.180496699999935 ], [ -51.216901699999937, -29.180486599999938 ], [ -51.21724949999998, -29.180469599999981 ], [ -51.217394, -29.18044459999993 ], [ -51.217618399999935, -29.180380799999966 ], [ -51.217827099999965, -29.180286199999955 ], [ -51.217995199999962, -29.180193899999949 ], [ -51.218137699999943, -29.18012589999995 ], [ -51.218314499999963, -29.180053599999951 ], [ -51.218487, -29.180012699999963 ], [ -51.218597699999975, -29.179995 ], [ -51.218807499999969, -29.17996809999994 ], [ -51.219432, -29.17992449999997 ], [ -51.219647399999985, -29.179831 ], [ -51.220101499999942, -29.179806099999951 ], [ -51.220046799999977, -29.179950699999949 ], [ -51.220027799999968, -29.179979099999969 ], [ -51.220016299999941, -29.180038499999966 ], [ -51.220027099999982, -29.180075599999952 ], [ -51.220135399999947, -29.180082699999957 ], [ -51.220324099999971, -29.180119299999944 ], [ -51.220470399999954, -29.180155099999979 ], [ -51.220653299999981, -29.180234199999973 ], [ -51.220681899999931, -29.180246599999975 ], [ -51.220719199999962, -29.180267499999957 ], [ -51.220899499999973, -29.180368299999941 ], [ -51.220908699999939, -29.180374799999981 ], [ -51.22122539999998, -29.18060209999993 ], [ -51.221302599999945, -29.180646699999954 ], [ -51.22142539999993, -29.18072369999993 ], [ -51.221569, -29.180822399999954 ], [ -51.221717199999944, -29.180923199999938 ], [ -51.221797599999945, -29.180987799999969 ], [ -51.222113199999967, -29.181130199999984 ], [ -51.222333899999967, -29.181211299999973 ], [ -51.222643099999971, -29.181273399999952 ], [ -51.22279919999994, -29.181267499999933 ], [ -51.223236, -29.181231199999957 ], [ -51.223525, -29.181204399999956 ], [ -51.223853599999984, -29.181190599999979 ], [ -51.224023399999965, -29.181181399999957 ], [ -51.224231, -29.181203 ], [ -51.224448299999949, -29.181255499999963 ], [ -51.224565899999959, -29.181285899999978 ], [ -51.224759199999937, -29.181365699999958 ], [ -51.225021099999935, -29.181477799999982 ], [ -51.225182699999948, -29.181560799999943 ], [ -51.225337, -29.181661899999938 ], [ -51.22554649999995, -29.181795399999942 ], [ -51.22629749999993, -29.182271799999967 ], [ -51.226643, -29.182492299999979 ], [ -51.226691599999981, -29.182523299999957 ], [ -51.226958399999944, -29.182707799999946 ], [ -51.2271, -29.182805099999939 ], [ -51.227109899999959, -29.182888099999957 ], [ -51.227190099999973, -29.182944599999928 ], [ -51.227433299999973, -29.183123899999941 ], [ -51.227545799999973, -29.183193299999971 ], [ -51.227725199999952, -29.183297799999934 ], [ -51.227930199999946, -29.183429899999965 ], [ -51.228063499999962, -29.183518 ], [ -51.228264599999932, -29.183685 ], [ -51.22837009999995, -29.183634899999959 ], [ -51.228510399999948, -29.183631 ], [ -51.228627899999935, -29.183667399999933 ], [ -51.228710499999977, -29.183687099999929 ], [ -51.228765599999974, -29.183714599999973 ], [ -51.229017299999953, -29.18391639999993 ], [ -51.229529199999945, -29.184343499999954 ], [ -51.229714499999943, -29.18449789999994 ], [ -51.230001099999981, -29.184712599999955 ], [ -51.230063599999937, -29.184646199999975 ], [ -51.230141799999956, -29.18405649999994 ], [ -51.230153599999937, -29.183957899999939 ], [ -51.230236899999966, -29.183323299999984 ], [ -51.229470899999967, -29.183302 ], [ -51.229465499999947, -29.182209599999965 ], [ -51.229930299999978, -29.18167829999993 ], [ -51.231279599999937, -29.180171799999982 ], [ -51.233126, -29.178118899999959 ], [ -51.230101799999943, -29.176852499999939 ], [ -51.227371299999959, -29.175839499999938 ], [ -51.225276899999983, -29.175142899999969 ], [ -51.223826799999983, -29.174688799999956 ], [ -51.222864099999981, -29.174382099999946 ], [ -51.22201339999998, -29.174236299999961 ], [ -51.221394499999974, -29.174200199999973 ], [ -51.220506099999966, -29.174354 ], [ -51.220365, -29.17442989999995 ], [ -51.21741819999994, -29.175323 ], [ -51.216380199999946, -29.17560839999993 ], [ -51.216115199999933, -29.175674499999957 ], [ -51.213365599999975, -29.175433399999974 ], [ -51.212006499999973, -29.175308099999938 ], [ -51.211844, -29.175295299999959 ], [ -51.209643699999958, -29.175102799999934 ], [ -51.208779799999945, -29.175049699999931 ], [ -51.20841189999993, -29.175010899999961 ], [ -51.208081099999958, -29.174948299999983 ], [ -51.207359499999939, -29.174758499999939 ], [ -51.20699639999998, -29.174903899999947 ], [ -51.206851799999981, -29.17513 ], [ -51.206563799999969, -29.175632499999949 ], [ -51.206293099999982, -29.176064699999984 ], [ -51.206075399999975, -29.176381 ], [ -51.205639799999972, -29.176801 ], [ -51.204956299999935, -29.177233799999954 ], [ -51.204477699999984, -29.177725299999963 ], [ -51.204290799999967, -29.178117 ], [ -51.204289, -29.178329499999961 ], [ -51.204345399999966, -29.17867039999993 ], [ -51.204500699999983, -29.179156 ], [ -51.20473439999995, -29.179855199999963 ], [ -51.204743099999973, -29.180145799999934 ], [ -51.204690399999947, -29.180329299999983 ], [ -51.204578399999946, -29.180494099999976 ], [ -51.204257899999959, -29.180775 ], [ -51.203981099999964, -29.180941 ], [ -51.203820499999949, -29.181111299999941 ], [ -51.20371149999994, -29.181311599999958 ], [ -51.20354059999994, -29.181630899999959 ], [ -51.203622799999948, -29.181562699999972 ], [ -51.203889299999958, -29.181554299999959 ], [ -51.204606799999965, -29.181489799999952 ], [ -51.205279299999972, -29.181689099999971 ], [ -51.205545599999937, -29.181788099999949 ], [ -51.205643299999963, -29.18191969999998 ], [ -51.206058699999971, -29.182017299999984 ], [ -51.206156899999939, -29.182032699999979 ], [ -51.20629839999998, -29.182060499999977 ], [ -51.206622099999947, -29.182127299999934 ], [ -51.206771899999978, -29.182176099999936 ], [ -51.206908199999987, -29.182247199999949 ] ] ] } },
{ "type": "Feature", "properties": { "codigobairro": 28, "nome": "de Lazzer" }, "geometry": { "type": "Polygon", "coordinates": [ [ [ -51.14960119999995, -29.148049699999945 ], [ -51.149588699999981, -29.147229399999958 ], [ -51.149573399999952, -29.146788099999981 ], [ -51.148513399999956, -29.146769699999936 ], [ -51.143933499999946, -29.146680899999978 ], [ -51.143984599999953, -29.147051199999964 ], [ -51.144057299999986, -29.147638599999937 ], [ -51.14396469999997, -29.147991799999943 ], [ -51.143709799999954, -29.148310199999969 ], [ -51.143348399999979, -29.148682099999974 ], [ -51.14318, -29.148869199999979 ], [ -51.143044699999962, -29.14902509999996 ], [ -51.143766899999946, -29.149524699999972 ], [ -51.144714399999941, -29.150098399999933 ], [ -51.146487699999966, -29.151061699999957 ], [ -51.14742949999993, -29.151571199999978 ], [ -51.148138299999971, -29.15193069999998 ], [ -51.149104499999964, -29.152540599999952 ], [ -51.150574799999958, -29.152621 ], [ -51.150619499999948, -29.152190799999971 ], [ -51.150663399999985, -29.151799399999959 ], [ -51.15066969999998, -29.151618099999951 ], [ -51.150673299999937, -29.151023799999962 ], [ -51.150665299999957, -29.15085449999998 ], [ -51.150677199999961, -29.150616 ], [ -51.150562699999966, -29.150562699999966 ], [ -51.150563399999953, -29.15024939999995 ], [ -51.150728, -29.15020329999993 ], [ -51.150746, -29.148085299999934 ], [ -51.149601899999936, -29.148099699999932 ], [ -51.14960119999995, -29.148049699999945 ] ] ] } },
{ "type": "Feature", "properties": { "codigobairro": 19, "nome": "Jardim América" }, "geometry": { "type": "Polygon", "coordinates": [ [ [ -51.171128799999963, -29.162003099999936 ], [ -51.171766, -29.161822099999938 ], [ -51.171781199999941, -29.161229899999967 ], [ -51.172483799999952, -29.161261799999977 ], [ -51.172878199999957, -29.161261599999932 ], [ -51.174932499999954, -29.16138019999994 ], [ -51.175179299999968, -29.161392299999932 ], [ -51.175374199999965, -29.161397499999964 ], [ -51.176731199999949, -29.161445799999967 ], [ -51.176735199999939, -29.161693 ], [ -51.177478099999973, -29.161687299999983 ], [ -51.177505899999971, -29.16122919999998 ], [ -51.177497099999982, -29.160570299999961 ], [ -51.177499199999943, -29.15968659999993 ], [ -51.178000499999939, -29.159622899999931 ], [ -51.178633699999978, -29.159628099999964 ], [ -51.178901099999962, -29.159640099999933 ], [ -51.178913099999932, -29.158619 ], [ -51.178947499999936, -29.157609599999944 ], [ -51.178558399999986, -29.158159699999942 ], [ -51.178300899999954, -29.158482699999979 ], [ -51.178107199999943, -29.158564499999954 ], [ -51.17786689999997, -29.158582 ], [ -51.177653799999973, -29.15852 ], [ -51.17741019999994, -29.158426799999972 ], [ -51.176692399999979, -29.158277599999963 ], [ -51.176288699999986, -29.158167799999944 ], [ -51.176079399999935, -29.158132899999941 ], [ -51.175538199999949, -29.158046499999955 ], [ -51.175448099999983, -29.158037499999978 ], [ -51.175125199999968, -29.158013799999935 ], [ -51.174956499999951, -29.157996099999934 ], [ -51.174728, -29.157964299999946 ], [ -51.174526399999934, -29.15795559999998 ], [ -51.174211599999978, -29.157939399999975 ], [ -51.174133599999948, -29.157945899999959 ], [ -51.173988299999962, -29.157973099999936 ], [ -51.173647699999947, -29.158079899999962 ], [ -51.173441299999979, -29.158175799999981 ], [ -51.173010399999953, -29.158329899999956 ], [ -51.172664599999962, -29.158373099999949 ], [ -51.17200349999996, -29.158536099999935 ], [ -51.172017199999971, -29.158177599999931 ], [ -51.172021699999959, -29.15798129999996 ], [ -51.172035599999958, -29.157764099999952 ], [ -51.172052699999938, -29.157497399999954 ], [ -51.172042599999941, -29.157213 ], [ -51.172024099999931, -29.156980899999951 ], [ -51.172059799999943, -29.15655229999993 ], [ -51.172077599999966, -29.155816299999969 ], [ -51.172095099999979, -29.155223699999965 ], [ -51.172093399999937, -29.154638699999964 ], [ -51.172110799999984, -29.153944099999933 ], [ -51.17215589999995, -29.153143599999964 ], [ -51.172174, -29.152741399999968 ], [ -51.172209899999984, -29.151943199999948 ], [ -51.172239099999956, -29.151465899999948 ], [ -51.172254199999941, -29.151089299999967 ], [ -51.172265299999935, -29.150139499999966 ], [ -51.170262299999933, -29.150904099999934 ], [ -51.168235799999934, -29.151626599999929 ], [ -51.16792769999995, -29.15174449999995 ], [ -51.16736039999995, -29.151950699999929 ], [ -51.164990699999976, -29.152584599999955 ], [ -51.164990899999964, -29.152828299999953 ], [ -51.164981199999943, -29.153899399999943 ], [ -51.164976, -29.153903799999966 ], [ -51.164878, -29.153987 ], [ -51.164848799999959, -29.154611199999977 ], [ -51.164785, -29.155277499999954 ], [ -51.164757499999951, -29.155893599999956 ], [ -51.164754, -29.157148699999937 ], [ -51.165227199999947, -29.157146 ], [ -51.165384099999983, -29.157206899999949 ], [ -51.165985299999932, -29.156692899999939 ], [ -51.166432899999961, -29.156715299999973 ], [ -51.166908899999953, -29.157136 ], [ -51.167425099999946, -29.158064499999966 ], [ -51.168043399999931, -29.158697599999982 ], [ -51.168036099999938, -29.158824899999956 ], [ -51.168032799999935, -29.158883099999969 ], [ -51.168453899999975, -29.159539099999961 ], [ -51.168597799999986, -29.159783599999969 ], [ -51.168640899999957, -29.160066599999936 ], [ -51.168521199999986, -29.160308899999961 ], [ -51.16839989999994, -29.160491899999954 ], [ -51.168329799999981, -29.160618899999974 ], [ -51.168307099999936, -29.160892699999977 ], [ -51.168360899999982, -29.161067299999957 ], [ -51.16851829999996, -29.16126509999998 ], [ -51.168916299999978, -29.161528899999951 ], [ -51.16926639999997, -29.16181169999993 ], [ -51.16942709999995, -29.161949799999945 ], [ -51.169601599999964, -29.16213879999998 ], [ -51.169805399999973, -29.162259499999948 ], [ -51.170122099999958, -29.162742099999946 ], [ -51.170270499999958, -29.162955299999965 ], [ -51.170490899999947, -29.163289099999929 ], [ -51.17050949999998, -29.163721499999951 ], [ -51.170530099999951, -29.163725099999965 ], [ -51.171771899999953, -29.163744399999928 ], [ -51.171762699999931, -29.162646399999971 ], [ -51.171474699999976, -29.162765499999978 ], [ -51.171209099999942, -29.162763899999959 ], [ -51.171149599999978, -29.162460099999976 ], [ -51.171162199999969, -29.162313299999937 ], [ -51.171128799999963, -29.162003099999936 ] ] ] } },
{ "type": "Feature", "properties": { "codigobairro": 11, "nome": "Cinquentenário" }, "geometry": { "type": "Polygon", "coordinates": [ [ [ -51.202195099999983, -29.172492699999964 ], [ -51.202287099999978, -29.172685599999966 ], [ -51.202798399999949, -29.173206599999958 ], [ -51.202961099999982, -29.17337619999995 ], [ -51.203594399999986, -29.173767 ], [ -51.204324099999951, -29.173983399999941 ], [ -51.205414399999938, -29.174236099999973 ], [ -51.206519599999979, -29.174528399999929 ], [ -51.207359499999939, -29.174758499999939 ], [ -51.208081099999958, -29.174948299999983 ], [ -51.20841189999993, -29.175010899999961 ], [ -51.208779799999945, -29.175049699999931 ], [ -51.209643699999958, -29.175102799999934 ], [ -51.211844, -29.175295299999959 ], [ -51.212006499999973, -29.175308099999938 ], [ -51.213365599999975, -29.175433399999974 ], [ -51.216115199999933, -29.175674499999957 ], [ -51.216380199999946, -29.17560839999993 ], [ -51.21741819999994, -29.175323 ], [ -51.220365, -29.17442989999995 ], [ -51.220467699999972, -29.17403429999996 ], [ -51.220543699999951, -29.170893 ], [ -51.220554299999947, -29.170135199999947 ], [ -51.220531299999948, -29.169726 ], [ -51.220522399999936, -29.169216099999971 ], [ -51.220497599999931, -29.16724279999994 ], [ -51.219692699999939, -29.164707499999963 ], [ -51.219649299999958, -29.164706799999976 ], [ -51.219220699999937, -29.164715299999955 ], [ -51.218954199999985, -29.164704399999948 ], [ -51.218821799999944, -29.164703299999928 ], [ -51.218486799999937, -29.164730199999951 ], [ -51.218351199999972, -29.164736 ], [ -51.217218, -29.164772399999947 ], [ -51.217100599999981, -29.16480329999996 ], [ -51.217077299999971, -29.164904599999943 ], [ -51.21708, -29.165114299999971 ], [ -51.21708, -29.165179 ], [ -51.217105199999935, -29.165603499999975 ], [ -51.217182, -29.165692799999931 ], [ -51.21726069999994, -29.165858699999944 ], [ -51.217302, -29.166029499999979 ], [ -51.21727919999995, -29.166168199999959 ], [ -51.217227299999934, -29.166261299999974 ], [ -51.217141599999934, -29.166374099999928 ], [ -51.217036699999937, -29.166428599999961 ], [ -51.216921499999955, -29.16645879999993 ], [ -51.216787, -29.166457899999955 ], [ -51.216595499999983, -29.166436699999963 ], [ -51.216352799999981, -29.166393299999982 ], [ -51.216221399999938, -29.166359799999952 ], [ -51.216094399999974, -29.166320499999983 ], [ -51.215990699999963, -29.166282899999942 ], [ -51.215948099999935, -29.16628929999996 ], [ -51.215909399999987, -29.166300299999932 ], [ -51.215605499999981, -29.166515 ], [ -51.215570699999944, -29.166394599999933 ], [ -51.215438199999937, -29.166183899999965 ], [ -51.215243, -29.166301899999951 ], [ -51.213872, -29.166218499999957 ], [ -51.209950699999979, -29.166097 ], [ -51.208770299999969, -29.166928199999973 ], [ -51.208699099999933, -29.166781499999956 ], [ -51.206378499999971, -29.166799099999935 ], [ -51.206376199999966, -29.167300599999976 ], [ -51.205621, -29.167298499999958 ], [ -51.205610299999933, -29.166814599999952 ], [ -51.204390899999964, -29.166784399999983 ], [ -51.204121899999961, -29.166344199999969 ], [ -51.201756599999953, -29.166285499999958 ], [ -51.200596599999983, -29.166290299999957 ], [ -51.200327199999947, -29.16820569999993 ], [ -51.197785599999975, -29.168126899999947 ], [ -51.195689199999947, -29.168111199999942 ], [ -51.195677399999965, -29.168855099999973 ], [ -51.195653899999968, -29.169614699999954 ], [ -51.197865199999967, -29.169637899999941 ], [ -51.197879199999932, -29.17021589999996 ], [ -51.199519799999962, -29.170246599999928 ], [ -51.199973299999954, -29.17024669999995 ], [ -51.200398099999973, -29.170432199999937 ], [ -51.201076599999965, -29.170728399999973 ], [ -51.201283799999942, -29.170866399999966 ], [ -51.201515399999948, -29.171137599999952 ], [ -51.20192069999996, -29.17191639999993 ], [ -51.202195099999983, -29.172492699999964 ] ] ] } },
{ "type": "Feature", "properties": { "codigobairro": 57, "nome": "Maestra" }, "geometry": { "type": "Polygon", "coordinates": [ [ [ -51.190124899999944, -29.110403399999939 ], [ -51.189790099999982, -29.11040909999997 ], [ -51.189456, -29.110386499999947 ], [ -51.189185, -29.110375699999963 ], [ -51.188901099999953, -29.110387499999945 ], [ -51.188617599999986, -29.110427099999981 ], [ -51.188308099999972, -29.110513099999935 ], [ -51.188107799999955, -29.110579799999982 ], [ -51.187867799999935, -29.110644199999967 ], [ -51.18710139999996, -29.11079849999993 ], [ -51.186138099999937, -29.11094079999998 ], [ -51.185460699999965, -29.111018199999933 ], [ -51.184567199999947, -29.111122499999965 ], [ -51.184218399999963, -29.111176399999977 ], [ -51.183823799999971, -29.111264799999958 ], [ -51.183443499999953, -29.111407199999974 ], [ -51.183188399999949, -29.111567399999956 ], [ -51.182937599999946, -29.111792699999967 ], [ -51.182778399999961, -29.111994899999956 ], [ -51.182653599999981, -29.112205 ], [ -51.182587399999932, -29.112394799999947 ], [ -51.182534, -29.112628099999938 ], [ -51.182489499999974, -29.112883199999942 ], [ -51.182485099999951, -29.11306419999994 ], [ -51.182499499999949, -29.113199699999939 ], [ -51.182540099999983, -29.113353899999936 ], [ -51.18261119999994, -29.113559199999941 ], [ -51.182712599999945, -29.11376759999996 ], [ -51.182861299999956, -29.113963299999966 ], [ -51.183037499999955, -29.114131699999973 ], [ -51.183300199999962, -29.114315499999975 ], [ -51.183583699999986, -29.114465199999984 ], [ -51.18392659999995, -29.114611299999979 ], [ -51.184479, -29.114837799999975 ], [ -51.185056599999939, -29.115050199999928 ], [ -51.186225299999933, -29.115550499999983 ], [ -51.186666599999967, -29.115745299999958 ], [ -51.186832199999969, -29.11581069999994 ], [ -51.187384299999962, -29.116000199999974 ], [ -51.187803699999961, -29.116116299999931 ], [ -51.188753899999938, -29.116307199999937 ], [ -51.188932099999931, -29.116338799999937 ], [ -51.189965099999938, -29.11651269999993 ], [ -51.190414799999985, -29.116591299999982 ], [ -51.191345, -29.116768 ], [ -51.192089799999962, -29.116889899999933 ], [ -51.192616299999941, -29.116985099999965 ], [ -51.192964199999949, -29.117084499999976 ], [ -51.193367699999953, -29.11725569999993 ], [ -51.193701799999985, -29.117480099999966 ], [ -51.193912099999977, -29.117652299999975 ], [ -51.194170299999939, -29.118008299999929 ], [ -51.194235, -29.11811119999993 ], [ -51.194297099999972, -29.11821139999995 ], [ -51.194373199999973, -29.118469 ], [ -51.194412799999952, -29.118647199999941 ], [ -51.194420199999968, -29.118883699999969 ], [ -51.194388799999956, -29.119153599999947 ], [ -51.194322299999953, -29.119398699999977 ], [ -51.194247599999983, -29.119682499999954 ], [ -51.194152499999973, -29.119889899999976 ], [ -51.194066499999963, -29.120028399999967 ], [ -51.193927799999983, -29.120253799999944 ], [ -51.193898299999944, -29.120379 ], [ -51.194073699999933, -29.120358899999928 ], [ -51.194286699999964, -29.120097199999975 ], [ -51.194505399999969, -29.119853399999954 ], [ -51.194681099999968, -29.119712799999945 ], [ -51.194980299999941, -29.119577699999979 ], [ -51.195173899999986, -29.11950539999998 ], [ -51.195285199999944, -29.119479499999954 ], [ -51.195595499999968, -29.119443199999978 ], [ -51.196727, -29.119342599999982 ], [ -51.197413, -29.119279699999936 ], [ -51.197672799999964, -29.119212499999946 ], [ -51.197887899999955, -29.119140199999947 ], [ -51.198256799999967, -29.119016199999976 ], [ -51.198474399999952, -29.118970399999967 ], [ -51.198937099999966, -29.118942 ], [ -51.199767599999973, -29.119027599999981 ], [ -51.200349399999936, -29.119092299999977 ], [ -51.200556, -29.119065599999942 ], [ -51.200716799999952, -29.119032 ], [ -51.201010399999973, -29.11891339999994 ], [ -51.201259399999969, -29.118801299999973 ], [ -51.201481299999955, -29.118716399999983 ], [ -51.201786299999981, -29.118627799999956 ], [ -51.201787799999977, -29.118515199999933 ], [ -51.201805699999966, -29.117667499999982 ], [ -51.201620799999944, -29.117663599999958 ], [ -51.201306799999941, -29.117664299999944 ], [ -51.2012, -29.117653899999937 ], [ -51.201164199999937, -29.117619099999956 ], [ -51.201128, -29.11758459999993 ], [ -51.20110619999997, -29.117430199999944 ], [ -51.201131099999941, -29.117097599999965 ], [ -51.201153399999953, -29.116993699999966 ], [ -51.201215499999932, -29.116694699999982 ], [ -51.201219599999945, -29.116551899999934 ], [ -51.201200099999937, -29.116419299999961 ], [ -51.201194, -29.116365299999984 ], [ -51.201184799999965, -29.116156599999954 ], [ -51.201141899999982, -29.115606599999978 ], [ -51.202482599999939, -29.108727599999952 ], [ -51.190804799999967, -29.108634799999948 ], [ -51.190988299999958, -29.108813199999929 ], [ -51.191100399999982, -29.108936799999981 ], [ -51.191152699999975, -29.109004099999936 ], [ -51.191255699999942, -29.109168199999942 ], [ -51.191298499999959, -29.109257199999945 ], [ -51.19133329999994, -29.109367599999928 ], [ -51.191338499999972, -29.109494699999971 ], [ -51.191343399999937, -29.109627499999931 ], [ -51.191306299999951, -29.109783499999935 ], [ -51.191197599999953, -29.109971 ], [ -51.191046, -29.110133499999961 ], [ -51.190874399999984, -29.110243699999955 ], [ -51.190632099999959, -29.110333799999978 ], [ -51.190429299999948, -29.110391 ], [ -51.190124899999944, -29.110403399999939 ] ] ] } },
{ "type": "Feature", "properties": { "codigobairro": 44, "nome": "Forqueta" }, "geometry": { "type": "Polygon", "coordinates": [ [ [ -51.288585899999987, -29.214285399999937 ], [ -51.288517, -29.210891 ], [ -51.288546499999939, -29.210232 ], [ -51.288566099999969, -29.199845399999958 ], [ -51.288585799999964, -29.193757 ], [ -51.288674399999934, -29.192696099999978 ], [ -51.286869599999932, -29.192586699999936 ], [ -51.28678119999995, -29.192581299999972 ], [ -51.284138799999937, -29.192421199999956 ], [ -51.280174299999942, -29.192296899999974 ], [ -51.279372099999932, -29.192089799999962 ], [ -51.279382099999964, -29.192586799999958 ], [ -51.27937339999994, -29.192935299999931 ], [ -51.279380499999945, -29.195411399999955 ], [ -51.279398199999946, -29.202544299999943 ], [ -51.279426399999977, -29.205437399999937 ], [ -51.279426499999943, -29.206019499999968 ], [ -51.27880719999996, -29.205736599999966 ], [ -51.277876299999946, -29.205304 ], [ -51.277508199999943, -29.205131299999948 ], [ -51.276544099999967, -29.204677099999969 ], [ -51.275736199999983, -29.204303 ], [ -51.274929099999952, -29.203917399999966 ], [ -51.274099499999977, -29.203557199999977 ], [ -51.273223399999949, -29.203182699999957 ], [ -51.273002499999961, -29.203083599999957 ], [ -51.272819599999934, -29.203020199999969 ], [ -51.272172799999964, -29.202795 ], [ -51.271071199999938, -29.202364399999965 ], [ -51.27007679999997, -29.202010799999982 ], [ -51.269464699999958, -29.201805599999943 ], [ -51.269012299999986, -29.201659099999972 ], [ -51.268471199999965, -29.201485099999957 ], [ -51.267936499999962, -29.201309599999945 ], [ -51.267070399999966, -29.201009699999929 ], [ -51.26624819999995, -29.200724899999955 ], [ -51.265419099999974, -29.20045 ], [ -51.264746699999932, -29.200226399999963 ], [ -51.263978499999951, -29.199971199999936 ], [ -51.263434399999937, -29.199754599999949 ], [ -51.262914199999955, -29.199442599999941 ], [ -51.262661099999946, -29.19929609999997 ], [ -51.261754199999984, -29.198770099999933 ], [ -51.260201299999949, -29.197804599999984 ], [ -51.259469599999932, -29.197352199999955 ], [ -51.258253299999978, -29.196603 ], [ -51.257407299999954, -29.196075099999973 ], [ -51.256969199999958, -29.195804099999975 ], [ -51.256778099999963, -29.195683699999961 ], [ -51.256294099999934, -29.195382299999949 ], [ -51.256066299999986, -29.195239199999946 ], [ -51.255958299999975, -29.195168899999942 ], [ -51.255754799999977, -29.195043 ], [ -51.255581799999959, -29.194940499999973 ], [ -51.254908499999942, -29.194527199999982 ], [ -51.253888699999948, -29.193907399999944 ], [ -51.253130799999951, -29.193442699999935 ], [ -51.25235379999998, -29.192969799999958 ], [ -51.251833399999953, -29.192652 ], [ -51.251300799999967, -29.192325499999981 ], [ -51.250853899999981, -29.192052499999932 ], [ -51.250457, -29.19181059999994 ], [ -51.24984349999994, -29.191435299999966 ], [ -51.249424499999975, -29.191177799999934 ], [ -51.248914299999967, -29.190867299999979 ], [ -51.248606199999983, -29.190659299999936 ], [ -51.248297099999945, -29.190452299999947 ], [ -51.247961499999974, -29.190260599999931 ], [ -51.247793699999932, -29.190164599999946 ], [ -51.247600599999942, -29.190061299999968 ], [ -51.24747, -29.189984 ], [ -51.247234699999979, -29.190299099999947 ], [ -51.247103699999968, -29.190702699999974 ], [ -51.24705309999996, -29.191001299999982 ], [ -51.247041899999942, -29.191174799999942 ], [ -51.24699819999995, -29.191404199999965 ], [ -51.24691, -29.191562 ], [ -51.246594899999934, -29.191995799999972 ], [ -51.246443299999953, -29.19218369999993 ], [ -51.246316899999954, -29.192448599999977 ], [ -51.246299699999952, -29.192849299999978 ], [ -51.246260399999983, -29.193425199999979 ], [ -51.246259599999973, -29.193719499999929 ], [ -51.246182499999975, -29.194309899999951 ], [ -51.246143399999937, -29.19442719999995 ], [ -51.246138599999938, -29.194491 ], [ -51.246130299999948, -29.195029199999965 ], [ -51.246122199999945, -29.195731099999932 ], [ -51.246124799999961, -29.196360299999981 ], [ -51.246167699999944, -29.197016599999984 ], [ -51.246136699999965, -29.197174299999972 ], [ -51.246165299999973, -29.197326 ], [ -51.246216, -29.197446 ], [ -51.246287099999961, -29.197542799999951 ], [ -51.246391799999969, -29.197608799999955 ], [ -51.246702899999946, -29.197693799999968 ], [ -51.247026099999971, -29.197738899999933 ], [ -51.24736919999998, -29.197806399999934 ], [ -51.247717899999941, -29.197938299999976 ], [ -51.247848, -29.198026099999936 ], [ -51.247833699999944, -29.198105599999963 ], [ -51.247857, -29.198207799999977 ], [ -51.24824579999995, -29.198868 ], [ -51.248449199999982, -29.199288399999944 ], [ -51.248527299999978, -29.199547099999961 ], [ -51.2485, -29.200441599999976 ], [ -51.248476499999981, -29.200943799999948 ], [ -51.248838199999966, -29.201419 ], [ -51.249306499999932, -29.202140399999962 ], [ -51.24947659999998, -29.202617399999951 ], [ -51.249576699999977, -29.202876799999956 ], [ -51.249777199999983, -29.203098199999943 ], [ -51.249966599999937, -29.203335399999958 ], [ -51.250017, -29.203579099999956 ], [ -51.250095899999963, -29.203925699999957 ], [ -51.249992599999985, -29.20426109999994 ], [ -51.249891199999979, -29.20461789999996 ], [ -51.249654099999987, -29.204841299999941 ], [ -51.249470499999973, -29.205073 ], [ -51.249364899999932, -29.205503399999941 ], [ -51.249283699999978, -29.20589949999993 ], [ -51.249002599999983, -29.206356899999946 ], [ -51.248902699999974, -29.206508099999951 ], [ -51.248539799999946, -29.206908899999974 ], [ -51.24830929999996, -29.20711 ], [ -51.24786759999995, -29.207433899999955 ], [ -51.247364799999957, -29.207793699999968 ], [ -51.248956199999952, -29.207529499999964 ], [ -51.249613699999941, -29.20758 ], [ -51.250029, -29.207627599999967 ], [ -51.250545699999975, -29.207657099999949 ], [ -51.250889099999938, -29.207622299999969 ], [ -51.252259199999969, -29.207669899999928 ], [ -51.252723799999956, -29.207701 ], [ -51.253620199999943, -29.207628099999965 ], [ -51.253748899999948, -29.207676299999946 ], [ -51.25383039999997, -29.207845199999952 ], [ -51.253839699999958, -29.208056699999929 ], [ -51.253805799999952, -29.208237199999928 ], [ -51.253777399999933, -29.208396199999981 ], [ -51.253740899999968, -29.209406 ], [ -51.253786799999943, -29.209586899999977 ], [ -51.253879499999982, -29.209822899999949 ], [ -51.253920199999982, -29.209902199999931 ], [ -51.253934899999933, -29.21008779999994 ], [ -51.253801199999941, -29.210442499999942 ], [ -51.253720299999941, -29.210520799999983 ], [ -51.253516099999956, -29.210535899999968 ], [ -51.253205299999934, -29.210641 ], [ -51.253094399999952, -29.210637599999984 ], [ -51.252830499999959, -29.210740699999974 ], [ -51.252645599999937, -29.210879399999953 ], [ -51.252522499999941, -29.211065899999937 ], [ -51.252443199999959, -29.211220099999935 ], [ -51.252341799999954, -29.211322099999961 ], [ -51.252156099999979, -29.211470199999951 ], [ -51.251715699999977, -29.211791299999959 ], [ -51.251486399999976, -29.211975699999982 ], [ -51.251287699999978, -29.212187399999948 ], [ -51.25118759999998, -29.212327399999936 ], [ -51.25075, -29.212668199999939 ], [ -51.250496199999986, -29.21274909999994 ], [ -51.250402599999973, -29.212799099999984 ], [ -51.250248399999975, -29.213180299999976 ], [ -51.250227099999961, -29.21326739999995 ], [ -51.250279499999976, -29.213319099999978 ], [ -51.250346199999967, -29.21334 ], [ -51.250370499999974, -29.213384599999983 ], [ -51.25037, -29.213467399999956 ], [ -51.25035, -29.213570699999934 ], [ -51.25036769999997, -29.21382049999994 ], [ -51.250245099999972, -29.214672 ], [ -51.250264099999981, -29.214959299999975 ], [ -51.250410599999952, -29.215115899999944 ], [ -51.251470499999982, -29.215064199999972 ], [ -51.251979199999937, -29.215033099999971 ], [ -51.252869699999962, -29.215245099999947 ], [ -51.253352699999937, -29.215478099999928 ], [ -51.254599699999972, -29.215655499999968 ], [ -51.255279899999948, -29.215884899999935 ], [ -51.255641599999933, -29.215831399999956 ], [ -51.256102699999985, -29.215537299999937 ], [ -51.258126299999958, -29.215541099999939 ], [ -51.259078799999941, -29.21574819999995 ], [ -51.259385599999973, -29.215776399999982 ], [ -51.259807299999977, -29.215693599999952 ], [ -51.26060259999997, -29.215586299999984 ], [ -51.261109499999975, -29.215562399999953 ], [ -51.26198, -29.215639 ], [ -51.263363499999969, -29.215661599999976 ], [ -51.265103499999952, -29.215715899999964 ], [ -51.269428699999935, -29.215753599999971 ], [ -51.270132199999978, -29.215909899999929 ], [ -51.270854799999938, -29.215759599999956 ], [ -51.271197599999937, -29.215794599999981 ], [ -51.272155, -29.215754 ], [ -51.272132599999964, -29.216108199999951 ], [ -51.271998199999985, -29.216562099999976 ], [ -51.271968099999981, -29.216939 ], [ -51.271998899999971, -29.217655799999932 ], [ -51.272006399999952, -29.218803499999979 ], [ -51.271912899999961, -29.219230299999936 ], [ -51.271860899999979, -29.219474699999978 ], [ -51.27211559999995, -29.219815 ], [ -51.272874, -29.21981059999996 ], [ -51.28043839999998, -29.219895099999974 ], [ -51.280129699999975, -29.226036499999964 ], [ -51.287799899999982, -29.225976599999967 ], [ -51.288097799999946, -29.225948499999959 ], [ -51.288653099999976, -29.225288399999954 ], [ -51.288609399999984, -29.223032299999943 ], [ -51.288633699999934, -29.221074499999929 ], [ -51.288644699999963, -29.220183899999938 ], [ -51.288625199999956, -29.21860229999993 ], [ -51.288625199999956, -29.21830719999997 ], [ -51.288595599999951, -29.21802189999994 ], [ -51.28859749999998, -29.216439199999968 ], [ -51.288585899999987, -29.214285399999937 ] ] ] } },
{ "type": "Feature", "properties": { "codigobairro": 45, "nome": "Galópolis" }, "geometry": { "type": "Polygon", "coordinates": [ [ [ -51.16348789999995, -29.23103459999993 ], [ -51.162989899999957, -29.230790599999978 ], [ -51.162436199999945, -29.230598599999951 ], [ -51.161838699999976, -29.230075499999941 ], [ -51.161454499999934, -29.229851 ], [ -51.161104699999953, -29.229763499999933 ], [ -51.160919499999977, -29.229670299999952 ], [ -51.16077329999996, -29.229360199999974 ], [ -51.160708699999986, -29.229015899999979 ], [ -51.160746299999971, -29.228512 ], [ -51.160827, -29.228368699999976 ], [ -51.160814, -29.228191199999969 ], [ -51.162018499999931, -29.228203699999938 ], [ -51.17202919999994, -29.228101899999956 ], [ -51.172082799999941, -29.224124099999983 ], [ -51.172113599999932, -29.223622599999942 ], [ -51.172016399999961, -29.223361399999931 ], [ -51.171991799999944, -29.223286499999972 ], [ -51.171971599999949, -29.223159599999974 ], [ -51.172063799999933, -29.222666099999969 ], [ -51.172432699999945, -29.222113399999955 ], [ -51.172945099999936, -29.221262199999956 ], [ -51.173415499999976, -29.220366699999943 ], [ -51.171061099999974, -29.220363099999929 ], [ -51.170753599999955, -29.220360899999946 ], [ -51.168351499999972, -29.220316499999967 ], [ -51.168040799999972, -29.220347899999979 ], [ -51.167626899999959, -29.220532399999968 ], [ -51.167338599999937, -29.220788499999969 ], [ -51.16732959999996, -29.220484799999952 ], [ -51.167307499999936, -29.220043 ], [ -51.168020899999931, -29.219575799999973 ], [ -51.168757599999935, -29.219017299999962 ], [ -51.169270399999959, -29.218733199999974 ], [ -51.169604799999945, -29.218548 ], [ -51.168194399999948, -29.216903 ], [ -51.167776299999957, -29.216532899999947 ], [ -51.167386399999941, -29.216027599999961 ], [ -51.167590399999938, -29.215474 ], [ -51.167390399999931, -29.214758299999971 ], [ -51.166497099999958, -29.212962299999958 ], [ -51.166345599999943, -29.212310699999932 ], [ -51.166282399999943, -29.212061699999936 ], [ -51.16595209999997, -29.211566499999947 ], [ -51.165284399999962, -29.211156499999959 ], [ -51.165176799999983, -29.210880199999963 ], [ -51.163843, -29.210884 ], [ -51.16364509999994, -29.210883499999966 ], [ -51.163097299999947, -29.210889699999939 ], [ -51.162067699999966, -29.210892299999955 ], [ -51.161977899999954, -29.21089749999993 ], [ -51.161249599999962, -29.210926099999938 ], [ -51.161835899999971, -29.21655839999994 ], [ -51.161835799999949, -29.21665459999997 ], [ -51.161833299999955, -29.218773499999941 ], [ -51.161814, -29.219632899999965 ], [ -51.160173099999952, -29.21964209999993 ], [ -51.159623099999976, -29.21964509999998 ], [ -51.157997599999931, -29.219654199999979 ], [ -51.157922199999973, -29.221150699999953 ], [ -51.156767199999933, -29.221173799999974 ], [ -51.156759199999954, -29.222648799999945 ], [ -51.156728599999951, -29.223213299999941 ], [ -51.157831899999962, -29.223194 ], [ -51.157704199999955, -29.223684699999978 ], [ -51.156579699999952, -29.227035399999977 ], [ -51.156087799999966, -29.228700499999945 ], [ -51.155138699999952, -29.230768599999976 ], [ -51.154761299999961, -29.231519 ], [ -51.15440719999998, -29.231811299999947 ], [ -51.154751299999987, -29.232067499999971 ], [ -51.154524799999933, -29.232293799999979 ], [ -51.154093, -29.232689 ], [ -51.153682699999933, -29.232670699999971 ], [ -51.153360099999986, -29.232513399999959 ], [ -51.152899699999978, -29.232319199999949 ], [ -51.152360499999986, -29.23221609999996 ], [ -51.152072899999951, -29.232133799999929 ], [ -51.151161599999966, -29.231950799999936 ], [ -51.150545199999954, -29.231942 ], [ -51.15041089999994, -29.232162099999982 ], [ -51.150178, -29.232593099999974 ], [ -51.149376099999984, -29.232579499999929 ], [ -51.15169359999993, -29.240862399999969 ], [ -51.151834299999962, -29.241151799999955 ], [ -51.155325699999935, -29.23992329999993 ], [ -51.155407399999945, -29.239972299999977 ], [ -51.156347599999947, -29.240535399999942 ], [ -51.156701099999964, -29.240184899999974 ], [ -51.156929899999966, -29.239926 ], [ -51.157054599999981, -29.239834299999984 ], [ -51.15731089999997, -29.239633799999979 ], [ -51.157494, -29.239431 ], [ -51.157715099999962, -29.23912619999993 ], [ -51.157740199999978, -29.238909899999953 ], [ -51.15774609999994, -29.23863149999994 ], [ -51.157735799999955, -29.238040699999942 ], [ -51.158492299999978, -29.238019399999928 ], [ -51.159734799999967, -29.238127899999938 ], [ -51.160156399999948, -29.238241199999948 ], [ -51.160349, -29.238368 ], [ -51.160457399999984, -29.238505799999928 ], [ -51.16049449999997, -29.238680199999976 ], [ -51.160471199999961, -29.238782 ], [ -51.160389099999975, -29.238885399999958 ], [ -51.160187599999972, -29.239167399999928 ], [ -51.160005, -29.23933059999996 ], [ -51.159788599999956, -29.239522199999954 ], [ -51.159469599999966, -29.239966799999934 ], [ -51.159342599999945, -29.240212699999972 ], [ -51.159294199999977, -29.24059479999994 ], [ -51.160239699999977, -29.241004199999963 ], [ -51.16063349999996, -29.24114979999996 ], [ -51.160896699999967, -29.240677099999971 ], [ -51.16109309999996, -29.240104199999962 ], [ -51.161555199999952, -29.239592799999969 ], [ -51.162272399999949, -29.238370399999951 ], [ -51.162143699999945, -29.238132399999984 ], [ -51.161851399999932, -29.237808899999948 ], [ -51.160466399999962, -29.233633399999974 ], [ -51.160466399999962, -29.233624299999974 ], [ -51.160787499999969, -29.233492799999965 ], [ -51.16121789999994, -29.233276 ], [ -51.161597399999948, -29.233033399999954 ], [ -51.16198989999998, -29.23283749999996 ], [ -51.162434699999949, -29.232626 ], [ -51.162765699999966, -29.232456599999978 ], [ -51.163053899999966, -29.23234059999993 ], [ -51.163230099999964, -29.232242399999961 ], [ -51.163545899999974, -29.232101899999975 ], [ -51.163549099999955, -29.231690299999968 ], [ -51.163549599999953, -29.23162259999998 ], [ -51.16348789999995, -29.23103459999993 ] ] ] } },
{ "type": "Feature", "properties": { "codigobairro": 2, "nome": "São Peregrino" }, "geometry": { "type": "Polygon", "coordinates": [ [ [ -51.185501199999976, -29.169990599999949 ], [ -51.184117299999969, -29.169958899999983 ], [ -51.184109499999977, -29.170611399999927 ], [ -51.186799199999939, -29.17152619999996 ], [ -51.188332699999933, -29.172027799999967 ], [ -51.18842589999997, -29.172162799999967 ], [ -51.188444199999935, -29.17234389999993 ], [ -51.188404, -29.172476499999959 ], [ -51.189025, -29.172585099999935 ], [ -51.189561, -29.17248 ], [ -51.189924, -29.172357399999953 ], [ -51.190466399999934, -29.172107599999947 ], [ -51.190882199999976, -29.171915699999943 ], [ -51.19165959999998, -29.171646399999929 ], [ -51.192196599999932, -29.171468899999979 ], [ -51.192504099999951, -29.171352599999977 ], [ -51.192560699999945, -29.171143699999959 ], [ -51.192639099999951, -29.170883599999968 ], [ -51.194962399999952, -29.170968 ], [ -51.195600299999967, -29.171004 ], [ -51.195632299999943, -29.170175099999938 ], [ -51.195653899999968, -29.169614699999954 ], [ -51.195677399999965, -29.168855099999973 ], [ -51.195689199999947, -29.168111199999942 ], [ -51.195695099999966, -29.167100199999936 ], [ -51.193920799999944, -29.167098599999974 ], [ -51.193963899999972, -29.166094099999953 ], [ -51.193964299999948, -29.166074399999957 ], [ -51.193976099999986, -29.165555799999936 ], [ -51.193988499999932, -29.165178399999945 ], [ -51.19292269999994, -29.165183 ], [ -51.192806399999938, -29.165085899999951 ], [ -51.192816, -29.164798499999961 ], [ -51.192638199999976, -29.164645 ], [ -51.192140399999971, -29.16447009999996 ], [ -51.191769399999941, -29.164281 ], [ -51.191391599999974, -29.164065199999982 ], [ -51.191343699999948, -29.164064399999972 ], [ -51.188656499999979, -29.164017899999976 ], [ -51.186941299999944, -29.163976299999945 ], [ -51.186743699999965, -29.163973599999963 ], [ -51.185615299999938, -29.163987799999973 ], [ -51.185595199999966, -29.165929399999982 ], [ -51.185594899999955, -29.165955599999961 ], [ -51.185572799999932, -29.166408499999932 ], [ -51.185565599999961, -29.16696369999994 ], [ -51.185529499999973, -29.167966099999944 ], [ -51.185501199999976, -29.169990599999949 ] ] ] } },
{ "type": "Feature", "properties": { "codigobairro": 54, "nome": "Diamantino" }, "geometry": { "type": "Polygon", "coordinates": [ [ [ -51.129871299999934, -29.156770599999959 ], [ -51.130571499999974, -29.157430499999975 ], [ -51.131412299999965, -29.158359299999972 ], [ -51.131566499999963, -29.158529599999952 ], [ -51.131818499999952, -29.158855099999982 ], [ -51.13234319999998, -29.159215899999936 ], [ -51.133329099999969, -29.159532299999967 ], [ -51.13399469999996, -29.159917299999961 ], [ -51.134423599999934, -29.160457899999983 ], [ -51.134504499999935, -29.160459299999957 ], [ -51.136203199999954, -29.160485799999947 ], [ -51.13685049999998, -29.160518099999933 ], [ -51.13767, -29.16051989999994 ], [ -51.139087099999983, -29.16054 ], [ -51.139446599999985, -29.160555299999942 ], [ -51.139817299999947, -29.160514399999954 ], [ -51.139805199999955, -29.160886099999971 ], [ -51.141697499999964, -29.16088179999997 ], [ -51.141698299999973, -29.160224599999935 ], [ -51.141709299999945, -29.159487499999955 ], [ -51.141695299999981, -29.158760299999983 ], [ -51.141546099999971, -29.158874599999933 ], [ -51.141279, -29.159041899999977 ], [ -51.141263799999933, -29.157609699999966 ], [ -51.140599699999939, -29.157198499999936 ], [ -51.140682799999979, -29.155715099999952 ], [ -51.141109799999981, -29.155515599999944 ], [ -51.14131139999995, -29.155412399999932 ], [ -51.141319899999985, -29.154742499999941 ], [ -51.141369399999974, -29.152643799999964 ], [ -51.141821599999957, -29.152646799999957 ], [ -51.142080199999953, -29.152557799999954 ], [ -51.142543699999976, -29.152260099999978 ], [ -51.143972499999961, -29.151239699999962 ], [ -51.14394029999994, -29.152458599999932 ], [ -51.143948099999932, -29.153268199999957 ], [ -51.147982, -29.15329939999998 ], [ -51.148752099999967, -29.153315799999973 ], [ -51.148050199999943, -29.152821599999982 ], [ -51.14742949999993, -29.151571199999978 ], [ -51.146487699999966, -29.151061699999957 ], [ -51.144714399999941, -29.150098399999933 ], [ -51.143766899999946, -29.149524699999972 ], [ -51.143044699999962, -29.14902509999996 ], [ -51.142495899999972, -29.148545499999955 ], [ -51.141161199999942, -29.147155899999973 ], [ -51.140743399999963, -29.146689899999956 ], [ -51.139725199999987, -29.145623399999977 ], [ -51.138961599999959, -29.144821099999945 ], [ -51.137855599999966, -29.14366229999996 ], [ -51.137620799999979, -29.143437699999936 ], [ -51.137036299999977, -29.14276289999998 ], [ -51.13695569999993, -29.142688 ], [ -51.136696, -29.142536799999959 ], [ -51.13635869999996, -29.142306899999937 ], [ -51.136099599999966, -29.142133 ], [ -51.135882799999933, -29.141988499999968 ], [ -51.135525299999983, -29.141690399999959 ], [ -51.134961199999964, -29.141931299999953 ], [ -51.134291, -29.142132499999946 ], [ -51.132983699999954, -29.142535299999963 ], [ -51.130714, -29.142724 ], [ -51.129175699999962, -29.142728 ], [ -51.128854499999932, -29.14288149999993 ], [ -51.128193499999952, -29.143295499999965 ], [ -51.127638399999967, -29.143482 ], [ -51.127653399999986, -29.144047399999977 ], [ -51.124514699999963, -29.144025 ], [ -51.124524799999961, -29.142694699999936 ], [ -51.111958899999934, -29.142476099999953 ], [ -51.111628799999949, -29.142459499999973 ], [ -51.111915299999964, -29.151917799999978 ], [ -51.11284459999996, -29.151570099999958 ], [ -51.113233499999978, -29.151535099999933 ], [ -51.113572499999975, -29.151650399999937 ], [ -51.114391399999931, -29.152230299999928 ], [ -51.114581, -29.152302199999951 ], [ -51.114957299999958, -29.15232519999995 ], [ -51.115487, -29.152311099999963 ], [ -51.116403399999967, -29.152292699999975 ], [ -51.120094699999981, -29.152325599999983 ], [ -51.120750299999941, -29.152363499999979 ], [ -51.121336499999984, -29.152352099999973 ], [ -51.121719499999983, -29.152473 ], [ -51.122105399999953, -29.152653 ], [ -51.122535599999935, -29.152790699999969 ], [ -51.12305809999998, -29.152939 ], [ -51.123447099999964, -29.153013099999953 ], [ -51.124098299999957, -29.153089799999975 ], [ -51.124911899999972, -29.153152599999942 ], [ -51.125720899999976, -29.153398899999956 ], [ -51.127474599999971, -29.153701599999977 ], [ -51.127852099999984, -29.153695699999957 ], [ -51.128265299999953, -29.153654299999971 ], [ -51.128629299999943, -29.153665899999964 ], [ -51.128923499999985, -29.153786199999956 ], [ -51.129137, -29.154032199999961 ], [ -51.129206499999952, -29.154363799999942 ], [ -51.129204699999946, -29.154537699999935 ], [ -51.12920459999998, -29.154773599999942 ], [ -51.129175199999963, -29.156112899999982 ], [ -51.129770299999961, -29.156675399999983 ], [ -51.129871299999934, -29.156770599999959 ] ] ] } },
{ "type": "Feature", "properties": { "codigobairro": 31, "nome": "Presidente Vargas" }, "geometry": { "type": "Polygon", "coordinates": [ [ [ -51.141695299999981, -29.158760299999983 ], [ -51.141709299999945, -29.159487499999955 ], [ -51.141698299999973, -29.160224599999935 ], [ -51.143339899999944, -29.16018749999995 ], [ -51.143322599999976, -29.16370569999998 ], [ -51.144553, -29.16371 ], [ -51.146803799999986, -29.16365559999997 ], [ -51.148152399999958, -29.163667499999974 ], [ -51.147195699999941, -29.162541699999963 ], [ -51.146914399999957, -29.162018399999965 ], [ -51.146757799999932, -29.161735699999952 ], [ -51.146666, -29.161348699999962 ], [ -51.146790799999962, -29.161018299999967 ], [ -51.147535599999969, -29.160136299999976 ], [ -51.147736899999984, -29.159856099999956 ], [ -51.147896599999967, -29.159657599999946 ], [ -51.148258899999973, -29.159574299999974 ], [ -51.14852419999994, -29.159609499999931 ], [ -51.148871699999972, -29.159766399999967 ], [ -51.149079399999948, -29.159924599999954 ], [ -51.14964729999997, -29.160021699999959 ], [ -51.150573299999962, -29.160164699999939 ], [ -51.151202399999931, -29.160246499999971 ], [ -51.152316399999961, -29.160147199999983 ], [ -51.152928899999949, -29.160129099999949 ], [ -51.153287199999966, -29.160295699999949 ], [ -51.153424, -29.160629099999937 ], [ -51.153407899999934, -29.160865099999967 ], [ -51.153429299999971, -29.161097299999938 ], [ -51.153477599999974, -29.161513 ], [ -51.153523899999982, -29.161529299999984 ], [ -51.153758899999957, -29.161611599999958 ], [ -51.154648699999939, -29.161648699999944 ], [ -51.156193, -29.161620899999946 ], [ -51.156774899999959, -29.161649699999941 ], [ -51.156791099999964, -29.161479 ], [ -51.156780599999934, -29.161287899999934 ], [ -51.15677, -29.161094099999957 ], [ -51.156760899999938, -29.160928499999955 ], [ -51.15675159999995, -29.160783699999968 ], [ -51.156749199999979, -29.160441699999978 ], [ -51.156729799999937, -29.16026979999998 ], [ -51.155706299999963, -29.158717599999932 ], [ -51.155194299999948, -29.158377799999982 ], [ -51.15470369999997, -29.158300699999984 ], [ -51.152098399999943, -29.158148599999947 ], [ -51.151668799999982, -29.15793009999993 ], [ -51.151450099999977, -29.157656499999973 ], [ -51.151418399999955, -29.15734649999996 ], [ -51.151484099999948, -29.157095 ], [ -51.15158, -29.156799 ], [ -51.151923599999975, -29.155487 ], [ -51.151905899999974, -29.155258499999945 ], [ -51.151850599999932, -29.154918699999939 ], [ -51.151655299999959, -29.154713199999946 ], [ -51.150473399999953, -29.154113799999948 ], [ -51.14908719999994, -29.153460299999949 ], [ -51.148752099999967, -29.153315799999973 ], [ -51.147982, -29.15329939999998 ], [ -51.143948099999932, -29.153268199999957 ], [ -51.14394029999994, -29.152458599999932 ], [ -51.143972499999961, -29.151239699999962 ], [ -51.142543699999976, -29.152260099999978 ], [ -51.142080199999953, -29.152557799999954 ], [ -51.141821599999957, -29.152646799999957 ], [ -51.141369399999974, -29.152643799999964 ], [ -51.141319899999985, -29.154742499999941 ], [ -51.14131139999995, -29.155412399999932 ], [ -51.141109799999981, -29.155515599999944 ], [ -51.140682799999979, -29.155715099999952 ], [ -51.140599699999939, -29.157198499999936 ], [ -51.141263799999933, -29.157609699999966 ], [ -51.141279, -29.159041899999977 ], [ -51.141546099999971, -29.158874599999933 ], [ -51.141695299999981, -29.158760299999983 ] ] ] } },
{ "type": "Feature", "properties": { "codigobairro": 8, "nome": "Kayser" }, "geometry": { "type": "Polygon", "coordinates": [ [ [ -51.193506899999932, -29.182689299999936 ], [ -51.193524699999955, -29.182985299999928 ], [ -51.192586199999937, -29.182949899999983 ], [ -51.192108299999973, -29.182934099999954 ], [ -51.190672499999948, -29.182951 ], [ -51.190659699999969, -29.18334219999997 ], [ -51.190506499999969, -29.183717699999931 ], [ -51.190173299999969, -29.183698899999968 ], [ -51.190158, -29.184425399999952 ], [ -51.19016929999998, -29.18514689999995 ], [ -51.190154799999959, -29.185974 ], [ -51.190154099999972, -29.186067799999933 ], [ -51.189889099999959, -29.186037499999941 ], [ -51.18815909999995, -29.18601149999995 ], [ -51.188216299999965, -29.186054599999977 ], [ -51.188465399999984, -29.186297 ], [ -51.188656199999969, -29.186541499999976 ], [ -51.188715499999944, -29.186715499999934 ], [ -51.188746, -29.186912899999982 ], [ -51.188734699999941, -29.187084599999935 ], [ -51.188571899999943, -29.187409499999944 ], [ -51.188557899999978, -29.187437099999954 ], [ -51.188997, -29.187425699999949 ], [ -51.190915699999948, -29.18744769999995 ], [ -51.191214899999977, -29.18744659999993 ], [ -51.191602499999931, -29.187461199999973 ], [ -51.191584899999953, -29.188069399999961 ], [ -51.191650099999947, -29.188094799999931 ], [ -51.191786099999945, -29.188133199999982 ], [ -51.191950199999951, -29.188177099999962 ], [ -51.193181399999958, -29.188158899999962 ], [ -51.193198699999982, -29.187520599999971 ], [ -51.193822599999976, -29.187516899999935 ], [ -51.194563799999969, -29.188178299999947 ], [ -51.194356599999935, -29.188789 ], [ -51.194333499999971, -29.189120199999934 ], [ -51.194317799999965, -29.18962149999993 ], [ -51.194320399999981, -29.189713099999949 ], [ -51.19440579999997, -29.18979029999997 ], [ -51.195813799999939, -29.189808399999947 ], [ -51.19599919999996, -29.189739299999928 ], [ -51.19612079999996, -29.189740399999948 ], [ -51.19614329999996, -29.18974129999998 ], [ -51.196589699999947, -29.189737499999978 ], [ -51.198580499999935, -29.189750799999956 ], [ -51.200235799999973, -29.189746899999932 ], [ -51.200263, -29.189856599999928 ], [ -51.200320099999942, -29.190030799999931 ], [ -51.20136309999998, -29.190014499999961 ], [ -51.202389899999957, -29.190000699999928 ], [ -51.202974099999949, -29.189992899999936 ], [ -51.20594, -29.190013 ], [ -51.210279, -29.190038 ], [ -51.210457299999973, -29.190023799999949 ], [ -51.210029, -29.189611 ], [ -51.20977019999998, -29.189322799999957 ], [ -51.209326, -29.188802599999974 ], [ -51.209227399999975, -29.188583699999981 ], [ -51.209159699999987, -29.188438499999961 ], [ -51.20901, -29.188110499999937 ], [ -51.208904899999936, -29.187877399999934 ], [ -51.208800199999985, -29.187674499999957 ], [ -51.208658799999967, -29.187402899999938 ], [ -51.208233099999973, -29.186804099999961 ], [ -51.207833899999969, -29.186183899999946 ], [ -51.207581699999935, -29.185730299999932 ], [ -51.207113799999945, -29.184955799999955 ], [ -51.207038099999977, -29.184833399999945 ], [ -51.206544699999938, -29.18421909999995 ], [ -51.206591199999934, -29.184035699999981 ], [ -51.206571199999985, -29.183788599999957 ], [ -51.206490199999962, -29.183518899999967 ], [ -51.20642, -29.183388 ], [ -51.206082399999957, -29.182907899999975 ], [ -51.205738199999985, -29.182371 ], [ -51.205658399999948, -29.182000199999948 ], [ -51.205549, -29.182236699999976 ], [ -51.205457299999978, -29.182328599999948 ], [ -51.205324099999984, -29.182421099999942 ], [ -51.205206099999941, -29.182456099999968 ], [ -51.205011899999931, -29.182541699999945 ], [ -51.204658099999961, -29.182588199999941 ], [ -51.204371299999934, -29.182670199999961 ], [ -51.203892199999984, -29.182937399999958 ], [ -51.203259099999968, -29.18319809999997 ], [ -51.20241459999994, -29.18318759999994 ], [ -51.200289199999986, -29.183143599999937 ], [ -51.199610599999971, -29.182874799999979 ], [ -51.199537799999973, -29.182596399999966 ], [ -51.199558399999944, -29.182366799999954 ], [ -51.196480599999973, -29.182330099999945 ], [ -51.193531899999982, -29.182402099999933 ], [ -51.193506899999932, -29.182689299999936 ] ] ] } },
{ "type": "Feature", "properties": { "codigobairro": 51, "nome": "Serrano" }, "geometry": { "type": "Polygon", "coordinates": [ [ [ -51.124329299999943, -29.120489299999974 ], [ -51.123821299999975, -29.120475799999952 ], [ -51.122863799999948, -29.120381499999951 ], [ -51.122635799999955, -29.120359699999938 ], [ -51.12241389999997, -29.12133369999998 ], [ -51.122386, -29.121650799999941 ], [ -51.122425599999985, -29.121810499999981 ], [ -51.122660099999962, -29.122299799999951 ], [ -51.122722499999952, -29.122433499999943 ], [ -51.122874899999942, -29.122625699999958 ], [ -51.123093599999947, -29.122951499999942 ], [ -51.123501799999985, -29.12350749999996 ], [ -51.123795799999982, -29.123711399999934 ], [ -51.124099599999965, -29.123818399999948 ], [ -51.125223199999937, -29.124134099999935 ], [ -51.125693299999966, -29.124376 ], [ -51.126883599999985, -29.125268299999959 ], [ -51.127656099999967, -29.125854599999968 ], [ -51.127829, -29.126198599999952 ], [ -51.127837799999952, -29.126558 ], [ -51.127688199999966, -29.126897099999951 ], [ -51.127277499999934, -29.127362599999969 ], [ -51.127031199999976, -29.127782699999955 ], [ -51.127036099999941, -29.127990599999976 ], [ -51.12724129999998, -29.128622899999982 ], [ -51.127469, -29.128969499999982 ], [ -51.127733099999944, -29.129557499999976 ], [ -51.12839409999998, -29.130970199999979 ], [ -51.129164499999945, -29.13248509999994 ], [ -51.132827099999986, -29.130075399999953 ], [ -51.136410199999943, -29.127657499999941 ], [ -51.13746249999997, -29.126930399999935 ], [ -51.137627699999939, -29.126805499999932 ], [ -51.138121199999944, -29.126493399999958 ], [ -51.138261199999931, -29.126403 ], [ -51.138594399999931, -29.126179399999955 ], [ -51.138831799999934, -29.126023699999962 ], [ -51.139413899999965, -29.125648199999944 ], [ -51.139839499999937, -29.125398099999984 ], [ -51.140184699999963, -29.125228599999957 ], [ -51.140910499999961, -29.124879499999963 ], [ -51.141728199999932, -29.124569599999973 ], [ -51.142273599999953, -29.124389299999962 ], [ -51.142733899999939, -29.124271599999929 ], [ -51.143154899999956, -29.124178499999971 ], [ -51.143861, -29.124027199999944 ], [ -51.144281399999954, -29.12396149999995 ], [ -51.145025499999974, -29.123802599999976 ], [ -51.145159299999932, -29.123772 ], [ -51.145552299999963, -29.123691599999972 ], [ -51.146166699999981, -29.123561499999937 ], [ -51.146414799999945, -29.123509099999978 ], [ -51.146562399999937, -29.123478299999931 ], [ -51.146799599999952, -29.123430499999984 ], [ -51.14742659999996, -29.123313099999962 ], [ -51.149074199999973, -29.122981599999946 ], [ -51.149719599999969, -29.122836099999972 ], [ -51.150617, -29.122681799999953 ], [ -51.151576499999976, -29.122486299999935 ], [ -51.152692199999933, -29.122168899999963 ], [ -51.153172, -29.122000499999956 ], [ -51.153511299999934, -29.121871099999964 ], [ -51.153693, -29.121774799999969 ], [ -51.154043299999955, -29.121602099999961 ], [ -51.154610299999945, -29.12130209999998 ], [ -51.155777799999953, -29.120718 ], [ -51.156298099999958, -29.120431399999973 ], [ -51.157027299999982, -29.120050499999934 ], [ -51.157552099999975, -29.119786799999929 ], [ -51.158375699999965, -29.119495299999983 ], [ -51.158762099999933, -29.11939719999998 ], [ -51.159246799999949, -29.119316599999934 ], [ -51.159710099999984, -29.119266599999946 ], [ -51.160107299999936, -29.119242099999951 ], [ -51.160642199999984, -29.11926079999995 ], [ -51.161027099999956, -29.119306199999983 ], [ -51.16147669999998, -29.119371 ], [ -51.161803499999962, -29.119433099999981 ], [ -51.162391199999945, -29.11959319999994 ], [ -51.162720099999945, -29.119705499999952 ], [ -51.163300099999958, -29.119925299999977 ], [ -51.163742899999932, -29.120092099999965 ], [ -51.164563599999951, -29.120399099999929 ], [ -51.16557279999995, -29.120786299999963 ], [ -51.165951899999982, -29.120962599999928 ], [ -51.167338699999959, -29.121527299999968 ], [ -51.168583599999977, -29.122037199999966 ], [ -51.169336899999962, -29.122357099999931 ], [ -51.170153299999981, -29.122671699999955 ], [ -51.170995, -29.122939799999983 ], [ -51.170938699999965, -29.122642599999949 ], [ -51.170672699999955, -29.122201 ], [ -51.170544099999972, -29.122035699999969 ], [ -51.170265599999937, -29.121804299999951 ], [ -51.170015799999931, -29.121630799999934 ], [ -51.169644299999959, -29.121375299999954 ], [ -51.169329299999958, -29.121153499999934 ], [ -51.169033199999944, -29.12093479999993 ], [ -51.168717, -29.120634099999961 ], [ -51.168336899999986, -29.120228599999962 ], [ -51.168176799999969, -29.120018799999968 ], [ -51.167850199999975, -29.119591299999968 ], [ -51.167677, -29.119325599999968 ], [ -51.167578299999946, -29.119174099999952 ], [ -51.167504199999939, -29.119077899999979 ], [ -51.167257399999983, -29.118744899999967 ], [ -51.166944, -29.118382399999973 ], [ -51.166490299999964, -29.117857399999934 ], [ -51.166188199999965, -29.117540399999939 ], [ -51.166061699999943, -29.117343399999982 ], [ -51.16596009999995, -29.117168499999934 ], [ -51.16589659999994, -29.116995799999984 ], [ -51.165781299999935, -29.116684699999951 ], [ -51.165684099999964, -29.116446899999971 ], [ -51.165534099999945, -29.116035199999942 ], [ -51.165352299999938, -29.115627699999948 ], [ -51.165244199999961, -29.115407599999969 ], [ -51.165230399999984, -29.115355699999952 ], [ -51.165121599999964, -29.115158199999939 ], [ -51.164980499999956, -29.114952 ], [ -51.164814, -29.114783599999953 ], [ -51.164761799999951, -29.114720399999953 ], [ -51.164613799999984, -29.114479199999948 ], [ -51.164430599999946, -29.114196499999935 ], [ -51.164313199999981, -29.113954099999944 ], [ -51.164262399999984, -29.113832799999955 ], [ -51.164184299999931, -29.113599 ], [ -51.164193099999977, -29.113428699999929 ], [ -51.164218399999982, -29.113240599999983 ], [ -51.164296499999978, -29.113089199999933 ], [ -51.164346899999941, -29.112945499999967 ], [ -51.164506099999983, -29.112598799999944 ], [ -51.164725399999952, -29.112173899999959 ], [ -51.164835399999959, -29.111852299999953 ], [ -51.165102299999944, -29.111225899999965 ], [ -51.165333, -29.110680499999944 ], [ -51.165511399999957, -29.110093199999937 ], [ -51.165385399999934, -29.109985299999948 ], [ -51.165726499999948, -29.110095699999931 ], [ -51.166289899999981, -29.110138 ], [ -51.166801799999973, -29.110175399999946 ], [ -51.16733, -29.110144699999978 ], [ -51.167582099999947, -29.10991619999993 ], [ -51.167493299999933, -29.109615 ], [ -51.167106699999977, -29.109421599999962 ], [ -51.166604099999972, -29.10925629999997 ], [ -51.165999199999931, -29.108915599999932 ], [ -51.165625499999976, -29.108481499999982 ], [ -51.165474299999971, -29.10821889999994 ], [ -51.162915, -29.10009539999993 ], [ -51.162739499999986, -29.097914 ], [ -51.162736799999948, -29.094760899999983 ], [ -51.16188139999997, -29.094727099999943 ], [ -51.161450499999944, -29.094733799999972 ], [ -51.160923599999933, -29.094713599999977 ], [ -51.160917199999972, -29.094165099999941 ], [ -51.160640199999932, -29.093343199999936 ], [ -51.159805399999982, -29.093365299999959 ], [ -51.14952379999994, -29.093218199999967 ], [ -51.149051399999962, -29.091884 ], [ -51.148896399999956, -29.09202879999998 ], [ -51.148177199999964, -29.09214 ], [ -51.147832499999936, -29.092095599999936 ], [ -51.146847599999944, -29.092078899999933 ], [ -51.14651779999997, -29.09210429999996 ], [ -51.146993299999963, -29.090438799999959 ], [ -51.144950299999948, -29.090356 ], [ -51.144448599999976, -29.090391699999941 ], [ -51.144033, -29.090492 ], [ -51.143441499999938, -29.09094529999993 ], [ -51.142805499999952, -29.091167599999949 ], [ -51.142329199999949, -29.09128329999993 ], [ -51.141962899999953, -29.09132969999996 ], [ -51.141512699999964, -29.091439099999945 ], [ -51.141271899999936, -29.091569799999945 ], [ -51.141011399999968, -29.091629499999954 ], [ -51.140625799999953, -29.091701799999953 ], [ -51.140291499999933, -29.091926299999955 ], [ -51.139878, -29.091743099999974 ], [ -51.139396099999942, -29.091611799999953 ], [ -51.13884429999996, -29.091759099999933 ], [ -51.138517199999967, -29.091903499999944 ], [ -51.138290199999972, -29.091925199999935 ], [ -51.137882299999944, -29.091940799999975 ], [ -51.137528299999985, -29.091967199999942 ], [ -51.137313099999972, -29.091768499999944 ], [ -51.137006, -29.09157149999993 ], [ -51.136738099999945, -29.091534199999955 ], [ -51.136644799999942, -29.091583399999934 ], [ -51.136586299999976, -29.091812899999979 ], [ -51.136605599999939, -29.092026 ], [ -51.136827099999948, -29.092549199999951 ], [ -51.136789, -29.092806399999972 ], [ -51.136382199999957, -29.09300989999997 ], [ -51.136277399999983, -29.093181899999934 ], [ -51.136321499999951, -29.093505799999946 ], [ -51.136317499999961, -29.093933 ], [ -51.136280099999965, -29.094518 ], [ -51.136304499999937, -29.094944699999928 ], [ -51.136316399999941, -29.095509599999957 ], [ -51.136354299999937, -29.096163599999954 ], [ -51.136314399999947, -29.096699299999955 ], [ -51.13614629999995, -29.096959899999945 ], [ -51.136150699999973, -29.096961499999964 ], [ -51.135797, -29.097092 ], [ -51.135795799999983, -29.097526099999982 ], [ -51.135767399999963, -29.098082799999929 ], [ -51.135746599999948, -29.098434899999972 ], [ -51.135626299999956, -29.10004 ], [ -51.135584399999971, -29.10096429999993 ], [ -51.135560299999952, -29.101672599999972 ], [ -51.135638799999981, -29.102352199999928 ], [ -51.135950799999932, -29.102732099999969 ], [ -51.136378699999966, -29.103178199999945 ], [ -51.136569699999939, -29.103392799999938 ], [ -51.136666499999933, -29.103720799999962 ], [ -51.136052499999948, -29.103910299999939 ], [ -51.135697199999981, -29.104317299999934 ], [ -51.135082499999953, -29.104748099999938 ], [ -51.13474309999998, -29.104852499999936 ], [ -51.135019399999976, -29.104906899999946 ], [ -51.136010499999941, -29.104778599999975 ], [ -51.136270199999956, -29.104804399999978 ], [ -51.136237499999936, -29.105996399999981 ], [ -51.136195199999975, -29.107545899999934 ], [ -51.136178099999938, -29.108699199999933 ], [ -51.136121199999934, -29.109489699999983 ], [ -51.130009099999938, -29.109349599999973 ], [ -51.130029499999978, -29.109265499999935 ], [ -51.127701899999977, -29.109272 ], [ -51.124822, -29.109238499999947 ], [ -51.124806499999977, -29.109638599999982 ], [ -51.124922, -29.110113099999978 ], [ -51.124973499999953, -29.110373099999947 ], [ -51.125029099999949, -29.110571399999969 ], [ -51.125028399999962, -29.110744799999964 ], [ -51.125040599999977, -29.110904599999969 ], [ -51.124957199999983, -29.111704399999951 ], [ -51.124929099999974, -29.112139899999931 ], [ -51.124857199999951, -29.112542799999972 ], [ -51.124894199999972, -29.112815799999964 ], [ -51.125025699999981, -29.113196 ], [ -51.125142399999959, -29.113501399999961 ], [ -51.125388299999941, -29.114229499999965 ], [ -51.125567699999976, -29.11479339999994 ], [ -51.125617199999965, -29.114954 ], [ -51.125835799999948, -29.115641699999969 ], [ -51.126015399999972, -29.116178299999945 ], [ -51.125983599999984, -29.116344599999934 ], [ -51.125782499999957, -29.116688899999929 ], [ -51.125712199999953, -29.116860199999962 ], [ -51.125633199999982, -29.117039099999943 ], [ -51.125521599999956, -29.117368 ], [ -51.12546969999994, -29.117477 ], [ -51.12529829999994, -29.117852299999981 ], [ -51.125211799999931, -29.118050799999935 ], [ -51.125149499999964, -29.118688799999973 ], [ -51.125138099999958, -29.119216799999947 ], [ -51.125138099999958, -29.119545 ], [ -51.125067299999955, -29.120470599999976 ], [ -51.124329299999943, -29.120489299999974 ] ] ] } },
{ "type": "Feature", "properties": { "codigobairro": 53, "nome": "Jardim das Hortências" }, "geometry": { "type": "Polygon", "coordinates": [ [ [ -51.120701, -29.132263299999977 ], [ -51.119788299999982, -29.132315 ], [ -51.118850799999962, -29.132468099999983 ], [ -51.115980299999933, -29.133031199999948 ], [ -51.11526379999998, -29.133172799999954 ], [ -51.113818899999956, -29.133432099999936 ], [ -51.113834299999951, -29.134023299999967 ], [ -51.113856699999985, -29.134889399999963 ], [ -51.113751799999932, -29.134967099999983 ], [ -51.11315959999996, -29.135049199999969 ], [ -51.112538, -29.135102699999948 ], [ -51.111778799999968, -29.13515179999996 ], [ -51.111301799999978, -29.135091599999953 ], [ -51.11093429999994, -29.135178399999972 ], [ -51.110341699999935, -29.135107699999935 ], [ -51.109887299999968, -29.13512389999994 ], [ -51.109046599999942, -29.135368899999946 ], [ -51.108143899999959, -29.136105099999952 ], [ -51.107697099999939, -29.136174799999935 ], [ -51.101712599999985, -29.136030299999959 ], [ -51.101023599999962, -29.136288199999967 ], [ -51.100561099999936, -29.136860099999979 ], [ -51.10098789999995, -29.136848599999951 ], [ -51.107416099999966, -29.136944599999936 ], [ -51.111517299999946, -29.136839299999963 ], [ -51.111628799999949, -29.142459499999973 ], [ -51.111958899999934, -29.142476099999953 ], [ -51.124524799999961, -29.142694699999936 ], [ -51.124514699999963, -29.144025 ], [ -51.127653399999986, -29.144047399999977 ], [ -51.127638399999967, -29.143482 ], [ -51.128193499999952, -29.143295499999965 ], [ -51.128854499999932, -29.14288149999993 ], [ -51.129175699999962, -29.142728 ], [ -51.130714, -29.142724 ], [ -51.132983699999954, -29.142535299999963 ], [ -51.134291, -29.142132499999946 ], [ -51.134961199999964, -29.141931299999953 ], [ -51.135525299999983, -29.141690399999959 ], [ -51.135081099999979, -29.141234399999973 ], [ -51.134644099999946, -29.14074839999995 ], [ -51.134428, -29.140498799999932 ], [ -51.134015199999965, -29.140043899999966 ], [ -51.133059099999969, -29.138978499999951 ], [ -51.132012299999985, -29.137835099999961 ], [ -51.131719199999964, -29.137511099999983 ], [ -51.131540599999937, -29.137310899999932 ], [ -51.131425199999967, -29.13716009999996 ], [ -51.131016699999975, -29.136488199999974 ], [ -51.130845699999952, -29.136204499999963 ], [ -51.129120899999975, -29.132552 ], [ -51.128684099999987, -29.132813499999941 ], [ -51.127849399999945, -29.133365399999946 ], [ -51.127287299999978, -29.133630099999948 ], [ -51.126819599999976, -29.133725699999957 ], [ -51.125953199999969, -29.133688799999959 ], [ -51.125154899999984, -29.133450899999957 ], [ -51.124141799999961, -29.133063099999958 ], [ -51.12285449999996, -29.13260269999995 ], [ -51.122116, -29.132409399999972 ], [ -51.121213099999977, -29.132277099999953 ], [ -51.120701, -29.132263299999977 ] ] ] } },
{ "type": "Feature", "properties": { "codigobairro": 59, "nome": "Pedancino" }, "geometry": { "type": "Polygon", "coordinates": [ [ [ -51.179334, -29.09097259999993 ], [ -51.172978, -29.09091669999998 ], [ -51.172904299999971, -29.093808699999954 ], [ -51.167349499999943, -29.093539299999975 ], [ -51.167233, -29.096888099999944 ], [ -51.165561099999934, -29.100222899999949 ], [ -51.165718, -29.100471 ], [ -51.165788, -29.100654199999951 ], [ -51.16824859999997, -29.100813199999948 ], [ -51.17069749999996, -29.100839399999984 ], [ -51.172956, -29.10087539999995 ], [ -51.172941399999957, -29.102023899999949 ], [ -51.1727, -29.114834499999972 ], [ -51.173042, -29.114912599999968 ], [ -51.173190399999953, -29.114938699999982 ], [ -51.173317899999972, -29.114954099999977 ], [ -51.173458899999957, -29.114958399999978 ], [ -51.174312899999961, -29.114884 ], [ -51.174259699999936, -29.115623099999937 ], [ -51.180673299999967, -29.115895799999976 ], [ -51.180666299999984, -29.114943099999948 ], [ -51.181267199999979, -29.114976499999955 ], [ -51.182142799999951, -29.114996499999961 ], [ -51.18268809999995, -29.115008199999977 ], [ -51.183489399999985, -29.115012 ], [ -51.183957, -29.115032499999984 ], [ -51.184275799999966, -29.114979499999947 ], [ -51.184394299999951, -29.114922299999932 ], [ -51.184479, -29.114837799999975 ], [ -51.18392659999995, -29.114611299999979 ], [ -51.183583699999986, -29.114465199999984 ], [ -51.183300199999962, -29.114315499999975 ], [ -51.183037499999955, -29.114131699999973 ], [ -51.182861299999956, -29.113963299999966 ], [ -51.182712599999945, -29.11376759999996 ], [ -51.18261119999994, -29.113559199999941 ], [ -51.182540099999983, -29.113353899999936 ], [ -51.182499499999949, -29.113199699999939 ], [ -51.182485099999951, -29.11306419999994 ], [ -51.182489499999974, -29.112883199999942 ], [ -51.182534, -29.112628099999938 ], [ -51.182587399999932, -29.112394799999947 ], [ -51.182653599999981, -29.112205 ], [ -51.182778399999961, -29.111994899999956 ], [ -51.182937599999946, -29.111792699999967 ], [ -51.183188399999949, -29.111567399999956 ], [ -51.183443499999953, -29.111407199999974 ], [ -51.183823799999971, -29.111264799999958 ], [ -51.184218399999963, -29.111176399999977 ], [ -51.184567199999947, -29.111122499999965 ], [ -51.185460699999965, -29.111018199999933 ], [ -51.186138099999937, -29.11094079999998 ], [ -51.18710139999996, -29.11079849999993 ], [ -51.187867799999935, -29.110644199999967 ], [ -51.188107799999955, -29.110579799999982 ], [ -51.188308099999972, -29.110513099999935 ], [ -51.188617599999986, -29.110427099999981 ], [ -51.188901099999953, -29.110387499999945 ], [ -51.189185, -29.110375699999963 ], [ -51.189456, -29.110386499999947 ], [ -51.189790099999982, -29.11040909999997 ], [ -51.190124899999944, -29.110403399999939 ], [ -51.190429299999948, -29.110391 ], [ -51.190632099999959, -29.110333799999978 ], [ -51.190874399999984, -29.110243699999955 ], [ -51.191046, -29.110133499999961 ], [ -51.191197599999953, -29.109971 ], [ -51.191306299999951, -29.109783499999935 ], [ -51.191343399999937, -29.109627499999931 ], [ -51.191338499999972, -29.109494699999971 ], [ -51.19133329999994, -29.109367599999928 ], [ -51.191298499999959, -29.109257199999945 ], [ -51.191255699999942, -29.109168199999942 ], [ -51.191152699999975, -29.109004099999936 ], [ -51.191100399999982, -29.108936799999981 ], [ -51.190988299999958, -29.108813199999929 ], [ -51.190804799999967, -29.108634799999948 ], [ -51.190472199999931, -29.108327699999961 ], [ -51.189851499999975, -29.107770599999981 ], [ -51.189455799999962, -29.107384299999978 ], [ -51.189216, -29.107122199999935 ], [ -51.188986599999964, -29.106843899999944 ], [ -51.188856499999986, -29.106652699999984 ], [ -51.188745099999949, -29.10633219999994 ], [ -51.18864039999994, -29.105903199999943 ], [ -51.188490199999933, -29.104985499999941 ], [ -51.188386399999956, -29.104219499999942 ], [ -51.188319799999931, -29.103635599999961 ], [ -51.188133799999946, -29.102510499999937 ], [ -51.188088499999935, -29.10222529999993 ], [ -51.187964799999975, -29.101719899999978 ], [ -51.18789739999994, -29.101481399999955 ], [ -51.187656199999935, -29.100942 ], [ -51.187486599999943, -29.100635499999953 ], [ -51.187155599999983, -29.100096199999939 ], [ -51.187007899999969, -29.099909699999955 ], [ -51.186854299999936, -29.099672299999952 ], [ -51.18675989999997, -29.099454399999956 ], [ -51.186683699999946, -29.099185599999942 ], [ -51.186659799999973, -29.09909719999996 ], [ -51.186634899999945, -29.099005299999931 ], [ -51.186323699999946, -29.098904499999946 ], [ -51.186127899999974, -29.098783099999935 ], [ -51.185943, -29.098606699999948 ], [ -51.185844199999963, -29.098393899999962 ], [ -51.185772499999985, -29.098224899999934 ], [ -51.185751099999948, -29.098161199999936 ], [ -51.185692, -29.098138399999982 ], [ -51.17425419999995, -29.097917499999937 ], [ -51.173569199999974, -29.097895799999947 ], [ -51.17358, -29.097630699999968 ], [ -51.17358269999994, -29.097528499999953 ], [ -51.182540299999971, -29.097700799999984 ], [ -51.18399549999998, -29.097748399999944 ], [ -51.185802199999955, -29.097796 ], [ -51.185973499999932, -29.097821 ], [ -51.185995399999968, -29.097869499999945 ], [ -51.186062199999981, -29.097992499999975 ], [ -51.186126399999978, -29.098222599999929 ], [ -51.186252, -29.098458599999958 ], [ -51.186403299999938, -29.098613 ], [ -51.186552899999981, -29.098663599999952 ], [ -51.186485199999936, -29.098332699999958 ], [ -51.186331299999949, -29.097887199999946 ], [ -51.186209599999984, -29.097497799999928 ], [ -51.18605169999995, -29.096971199999928 ], [ -51.18585859999996, -29.096238799999981 ], [ -51.185640499999977, -29.095707499999946 ], [ -51.185363399999972, -29.094746199999975 ], [ -51.185300299999938, -29.094388599999945 ], [ -51.185188799999935, -29.094095799999934 ], [ -51.185058199999958, -29.093831299999977 ], [ -51.184916099999953, -29.093686 ], [ -51.184672199999966, -29.093523599999969 ], [ -51.183844699999952, -29.093173499999978 ], [ -51.183709299999975, -29.093081599999948 ], [ -51.183601199999941, -29.092969399999959 ], [ -51.183508499999959, -29.092819299999974 ], [ -51.183479599999941, -29.09271739999997 ], [ -51.18347579999994, -29.092556499999944 ], [ -51.183499099999949, -29.092128 ], [ -51.183524099999943, -29.091995599999962 ], [ -51.183578399999931, -29.091876299999967 ], [ -51.183671899999979, -29.091772499999934 ], [ -51.183819, -29.091676599999971 ], [ -51.184243099999946, -29.091529 ], [ -51.185254499999985, -29.091317199999935 ], [ -51.186411099999987, -29.091099 ], [ -51.183091799999943, -29.09104 ], [ -51.179334, -29.09097259999993 ] ] ] } },
{ "type": "Feature", "properties": { "codigobairro": 50, "nome": "Santo Antônio" }, "geometry": { "type": "Polygon", "coordinates": [ [ [ -51.116148, -29.106346 ], [ -51.116293599999949, -29.106811099999959 ], [ -51.116467199999931, -29.106823099999929 ], [ -51.116728099999932, -29.106827099999975 ], [ -51.119629599999939, -29.106978099999935 ], [ -51.120424499999956, -29.107029799999964 ], [ -51.120705399999963, -29.10704839999994 ], [ -51.121033199999943, -29.107092899999941 ], [ -51.121343399999944, -29.107119699999942 ], [ -51.121604799999943, -29.107154399999956 ], [ -51.121643499999948, -29.107159599999932 ], [ -51.121641599999975, -29.107371 ], [ -51.121677699999964, -29.107371099999966 ], [ -51.122292, -29.10737389999997 ], [ -51.122276499999941, -29.108484099999941 ], [ -51.123158199999978, -29.108503199999973 ], [ -51.124811799999975, -29.108540799999957 ], [ -51.124811, -29.108949699999982 ], [ -51.124822, -29.109238499999947 ], [ -51.127701899999977, -29.109272 ], [ -51.130029499999978, -29.109265499999935 ], [ -51.130009099999938, -29.109349599999973 ], [ -51.136121199999934, -29.109489699999983 ], [ -51.136178099999938, -29.108699199999933 ], [ -51.136195199999975, -29.107545899999934 ], [ -51.136237499999936, -29.105996399999981 ], [ -51.136270199999956, -29.104804399999978 ], [ -51.136010499999941, -29.104778599999975 ], [ -51.135019399999976, -29.104906899999946 ], [ -51.13474309999998, -29.104852499999936 ], [ -51.135082499999953, -29.104748099999938 ], [ -51.135697199999981, -29.104317299999934 ], [ -51.136052499999948, -29.103910299999939 ], [ -51.136666499999933, -29.103720799999962 ], [ -51.136569699999939, -29.103392799999938 ], [ -51.136378699999966, -29.103178199999945 ], [ -51.135950799999932, -29.102732099999969 ], [ -51.135638799999981, -29.102352199999928 ], [ -51.135560299999952, -29.101672599999972 ], [ -51.135584399999971, -29.10096429999993 ], [ -51.135626299999956, -29.10004 ], [ -51.135746599999948, -29.098434899999972 ], [ -51.135767399999963, -29.098082799999929 ], [ -51.135795799999983, -29.097526099999982 ], [ -51.135797, -29.097092 ], [ -51.136150699999973, -29.096961499999964 ], [ -51.13614629999995, -29.096959899999945 ], [ -51.136314399999947, -29.096699299999955 ], [ -51.136354299999937, -29.096163599999954 ], [ -51.136316399999941, -29.095509599999957 ], [ -51.136304499999937, -29.094944699999928 ], [ -51.136280099999965, -29.094518 ], [ -51.136317499999961, -29.093933 ], [ -51.136321499999951, -29.093505799999946 ], [ -51.136277399999983, -29.093181899999934 ], [ -51.136382199999957, -29.09300989999997 ], [ -51.136789, -29.092806399999972 ], [ -51.136827099999948, -29.092549199999951 ], [ -51.136605599999939, -29.092026 ], [ -51.136586299999976, -29.091812899999979 ], [ -51.136644799999942, -29.091583399999934 ], [ -51.136738099999945, -29.091534199999955 ], [ -51.137006, -29.09157149999993 ], [ -51.137313099999972, -29.091768499999944 ], [ -51.137528299999985, -29.091967199999942 ], [ -51.137882299999944, -29.091940799999975 ], [ -51.138290199999972, -29.091925199999935 ], [ -51.138517199999967, -29.091903499999944 ], [ -51.13884429999996, -29.091759099999933 ], [ -51.139396099999942, -29.091611799999953 ], [ -51.139878, -29.091743099999974 ], [ -51.140291499999933, -29.091926299999955 ], [ -51.140625799999953, -29.091701799999953 ], [ -51.141011399999968, -29.091629499999954 ], [ -51.141271899999936, -29.091569799999945 ], [ -51.141512699999964, -29.091439099999945 ], [ -51.141962899999953, -29.09132969999996 ], [ -51.142329199999949, -29.09128329999993 ], [ -51.142805499999952, -29.091167599999949 ], [ -51.143441499999938, -29.09094529999993 ], [ -51.144033, -29.090492 ], [ -51.144448599999976, -29.090391699999941 ], [ -51.144950299999948, -29.090356 ], [ -51.14533229999995, -29.081126599999948 ], [ -51.133955599999979, -29.08078409999996 ], [ -51.126242699999978, -29.080693599999961 ], [ -51.117270599999983, -29.08042439999997 ], [ -51.114342799999974, -29.080339899999956 ], [ -51.112031099999967, -29.080273299999931 ], [ -51.112157799999977, -29.080409299999928 ], [ -51.112273, -29.080585799999938 ], [ -51.112326699999983, -29.080789399999958 ], [ -51.11230089999998, -29.081012299999941 ], [ -51.112313699999959, -29.081357199999957 ], [ -51.112301299999956, -29.081582799999978 ], [ -51.112309099999948, -29.081735699999967 ], [ -51.112715699999967, -29.082260399999939 ], [ -51.112765199999956, -29.082638499999973 ], [ -51.112673299999983, -29.083114899999941 ], [ -51.112265299999933, -29.083796399999983 ], [ -51.112488699999972, -29.084212399999956 ], [ -51.113038899999935, -29.085033499999952 ], [ -51.113394599999936, -29.085653699999966 ], [ -51.113162, -29.086161199999935 ], [ -51.112968699999954, -29.086789899999928 ], [ -51.112962599999946, -29.087740799999949 ], [ -51.112958899999967, -29.089434299999937 ], [ -51.112839, -29.090212699999938 ], [ -51.112318599999981, -29.091119099999958 ], [ -51.111687299999971, -29.092160499999977 ], [ -51.111095499999976, -29.093088 ], [ -51.110349, -29.093934699999977 ], [ -51.11012379999994, -29.094352899999933 ], [ -51.110071499999947, -29.094796 ], [ -51.110465699999963, -29.095422199999973 ], [ -51.110775699999976, -29.096240099999932 ], [ -51.110557099999937, -29.096748299999945 ], [ -51.109856499999978, -29.09739419999994 ], [ -51.109061099999963, -29.098149099999944 ], [ -51.107515099999944, -29.099415099999931 ], [ -51.107369699999936, -29.099662399999943 ], [ -51.107448, -29.1 ], [ -51.107768399999941, -29.100432299999966 ], [ -51.109669499999939, -29.100770699999941 ], [ -51.11037639999995, -29.101087499999949 ], [ -51.110515699999951, -29.101432099999954 ], [ -51.110637, -29.101958299999978 ], [ -51.110152299999982, -29.102975599999979 ], [ -51.109709899999984, -29.103571799999941 ], [ -51.109362899999951, -29.104818399999942 ], [ -51.109561799999938, -29.105227799999966 ], [ -51.109837099999936, -29.105659699999933 ], [ -51.110655099999974, -29.106285599999978 ], [ -51.110730899999965, -29.106386499999928 ], [ -51.110907299999951, -29.106796799999984 ], [ -51.110925099999974, -29.107434 ], [ -51.110171599999944, -29.108389299999942 ], [ -51.109730399999933, -29.108881799999949 ], [ -51.110467299999982, -29.109166799999969 ], [ -51.111426899999969, -29.109329399999979 ], [ -51.112053299999957, -29.10932779999996 ], [ -51.11295389999998, -29.109308499999941 ], [ -51.116148, -29.106346 ] ] ] } },
{ "type": "Feature", "properties": { "codigobairro": 27, "nome": "Jardelino Ramos" }, "geometry": { "type": "Polygon", "coordinates": [ [ [ -51.168521199999986, -29.160308899999961 ], [ -51.168640899999957, -29.160066599999936 ], [ -51.168597799999986, -29.159783599999969 ], [ -51.168453899999975, -29.159539099999961 ], [ -51.168032799999935, -29.158883099999969 ], [ -51.168036099999938, -29.158824899999956 ], [ -51.168043399999931, -29.158697599999982 ], [ -51.167425099999946, -29.158064499999966 ], [ -51.166908899999953, -29.157136 ], [ -51.166432899999961, -29.156715299999973 ], [ -51.165985299999932, -29.156692899999939 ], [ -51.165384099999983, -29.157206899999949 ], [ -51.165227199999947, -29.157146 ], [ -51.164754, -29.157148699999937 ], [ -51.164785799999947, -29.158627799999977 ], [ -51.163870799999984, -29.158743199999947 ], [ -51.162514299999941, -29.15873739999995 ], [ -51.162493099999949, -29.159944099999962 ], [ -51.162492199999974, -29.160649399999954 ], [ -51.162482099999977, -29.162522299999978 ], [ -51.162455399999942, -29.162588099999937 ], [ -51.162444099999959, -29.162662499999954 ], [ -51.162448099999949, -29.163558699999953 ], [ -51.164935199999945, -29.163610299999959 ], [ -51.166353399999934, -29.163631499999951 ], [ -51.167127199999982, -29.163648599999931 ], [ -51.167731599999968, -29.16364729999998 ], [ -51.168951, -29.16369919999994 ], [ -51.17050949999998, -29.163721499999951 ], [ -51.170490899999947, -29.163289099999929 ], [ -51.170270499999958, -29.162955299999965 ], [ -51.170122099999958, -29.162742099999946 ], [ -51.169805399999973, -29.162259499999948 ], [ -51.169601599999964, -29.16213879999998 ], [ -51.16942709999995, -29.161949799999945 ], [ -51.16926639999997, -29.16181169999993 ], [ -51.168916299999978, -29.161528899999951 ], [ -51.16851829999996, -29.16126509999998 ], [ -51.168360899999982, -29.161067299999957 ], [ -51.168307099999936, -29.160892699999977 ], [ -51.168329799999981, -29.160618899999974 ], [ -51.16839989999994, -29.160491899999954 ], [ -51.168521199999986, -29.160308899999961 ] ] ] } },
{ "type": "Feature", "properties": { "codigobairro": 14, "nome": "Santa Catarina" }, "geometry": { "type": "Polygon", "coordinates": [ [ [ -51.203803199999982, -29.156749 ], [ -51.203801199999987, -29.156875099999979 ], [ -51.203806099999952, -29.156971399999975 ], [ -51.203951199999949, -29.157118699999955 ], [ -51.204021299999965, -29.157610699999964 ], [ -51.204079199999967, -29.157712 ], [ -51.204336299999966, -29.15786769999994 ], [ -51.204905099999962, -29.157808599999953 ], [ -51.20533729999994, -29.157712299999957 ], [ -51.205911199999946, -29.157552099999975 ], [ -51.206380399999944, -29.157426799999939 ], [ -51.207281199999954, -29.157129599999962 ], [ -51.207606699999985, -29.157127699999933 ], [ -51.208061, -29.157201599999951 ], [ -51.208695099999943, -29.157321199999956 ], [ -51.209004299999947, -29.157411299999978 ], [ -51.209011099999941, -29.157417499999951 ], [ -51.209187799999938, -29.157579599999963 ], [ -51.209482899999955, -29.158017399999949 ], [ -51.20981, -29.158138 ], [ -51.210171599999967, -29.158135799999968 ], [ -51.210570699999948, -29.158165 ], [ -51.210789, -29.158240299999932 ], [ -51.211007299999949, -29.158392099999958 ], [ -51.21102819999993, -29.158576599999947 ], [ -51.211021199999948, -29.158744199999944 ], [ -51.211008099999958, -29.15883359999998 ], [ -51.211069099999975, -29.159236199999953 ], [ -51.211491, -29.159550699999954 ], [ -51.212322, -29.160004799999967 ], [ -51.213083499999982, -29.16053549999998 ], [ -51.213259599999958, -29.160605799999928 ], [ -51.213478599999974, -29.160779099999957 ], [ -51.213666599999954, -29.160883699999943 ], [ -51.214301499999976, -29.161271599999964 ], [ -51.214414899999952, -29.161336199999937 ], [ -51.214688299999978, -29.161602099999982 ], [ -51.214900199999931, -29.16183929999994 ], [ -51.215073899999936, -29.161982399999943 ], [ -51.215162, -29.16203779999995 ], [ -51.215313399999957, -29.162108 ], [ -51.21581539999994, -29.16229519999996 ], [ -51.216372199999967, -29.16247629999998 ], [ -51.216475699999933, -29.162487099999964 ], [ -51.216688799999986, -29.162507399999981 ], [ -51.216806499999961, -29.162506399999984 ], [ -51.216899099999978, -29.162495299999932 ], [ -51.217052, -29.162472699999967 ], [ -51.2172, -29.162437899999929 ], [ -51.217286699999931, -29.162412699999948 ], [ -51.217475199999967, -29.162329299999953 ], [ -51.217665, -29.162233 ], [ -51.217763, -29.162174799999946 ], [ -51.217919499999937, -29.162056599999971 ], [ -51.218021699999952, -29.161938499999962 ], [ -51.218099199999983, -29.16181389999997 ], [ -51.218159899999932, -29.161693299999968 ], [ -51.218275699999936, -29.161455399999966 ], [ -51.218405099999984, -29.161277799999937 ], [ -51.218485, -29.161194299999977 ], [ -51.218660099999965, -29.161011099999939 ], [ -51.219079799999975, -29.16063349999996 ], [ -51.219152699999938, -29.16081829999996 ], [ -51.219269099999963, -29.161113199999932 ], [ -51.219403299999954, -29.16145309999996 ], [ -51.219434599999943, -29.161557499999958 ], [ -51.219635699999969, -29.162224699999967 ], [ -51.219833799999947, -29.162360499999977 ], [ -51.219952499999977, -29.162425299999938 ], [ -51.220056099999965, -29.162480899999935 ], [ -51.220093499999962, -29.16252 ], [ -51.220129, -29.162548699999945 ], [ -51.220259599999963, -29.162573399999928 ], [ -51.220501199999944, -29.162583899999959 ], [ -51.220724299999972, -29.162588299999982 ], [ -51.22095969999998, -29.162592099999983 ], [ -51.221279899999956, -29.16259 ], [ -51.221329599999933, -29.162605499999984 ], [ -51.221349799999984, -29.162653099999943 ], [ -51.22138259999997, -29.16269269999998 ], [ -51.221457, -29.162724599999933 ], [ -51.221524699999975, -29.162736799999948 ], [ -51.221567899999968, -29.162733799999955 ], [ -51.22167989999997, -29.162760399999968 ], [ -51.221825599999931, -29.162774799999966 ], [ -51.221947099999966, -29.162779499999942 ], [ -51.222269, -29.162777099999971 ], [ -51.222642499999949, -29.162759699999981 ], [ -51.222717699999976, -29.16273469999993 ], [ -51.223305499999981, -29.162719599999946 ], [ -51.223607699999945, -29.16273659999996 ], [ -51.223709799999938, -29.16274459999994 ], [ -51.223850899999945, -29.162715499999933 ], [ -51.223972699999933, -29.162732499999947 ], [ -51.224900699999978, -29.162765399999955 ], [ -51.224917599999969, -29.162766 ], [ -51.225881799999968, -29.161754599999938 ], [ -51.226377099999979, -29.161765 ], [ -51.226396199999954, -29.160796399999981 ], [ -51.226406499999939, -29.160599599999955 ], [ -51.226412399999958, -29.160470399999951 ], [ -51.226966599999969, -29.160333899999955 ], [ -51.227065699999969, -29.160303099999965 ], [ -51.227370699999938, -29.160136499999965 ], [ -51.227963699999975, -29.159751799999981 ], [ -51.228208099999961, -29.159477199999969 ], [ -51.228732599999944, -29.15928729999996 ], [ -51.228849699999955, -29.159209799999928 ], [ -51.229094399999951, -29.159174599999972 ], [ -51.22962339999998, -29.159207099999946 ], [ -51.229832099999953, -29.159256299999981 ], [ -51.230019199999958, -29.159360099999958 ], [ -51.230008099999964, -29.15979429999993 ], [ -51.236923299999944, -29.16291259999997 ], [ -51.237159399999939, -29.162890799999957 ], [ -51.237509399999965, -29.162853 ], [ -51.237620099999958, -29.162835599999937 ], [ -51.237610699999948, -29.162743399999954 ], [ -51.237661199999934, -29.162642199999937 ], [ -51.238540099999966, -29.162835799999982 ], [ -51.239125699999931, -29.162977499999954 ], [ -51.240264299999978, -29.163264099999935 ], [ -51.241332899999975, -29.163669199999958 ], [ -51.241390099999933, -29.163755399999957 ], [ -51.241564299999936, -29.16390169999994 ], [ -51.241673899999967, -29.163935899999956 ], [ -51.242115899999931, -29.163962899999945 ], [ -51.24235989999994, -29.163981399999955 ], [ -51.242470499999968, -29.163962199999958 ], [ -51.242562099999986, -29.16384329999994 ], [ -51.242496199999948, -29.163645699999961 ], [ -51.242422699999963, -29.16317319999996 ], [ -51.242425199999957, -29.162708399999929 ], [ -51.242467099999942, -29.162241599999959 ], [ -51.242472299999974, -29.162175899999966 ], [ -51.242471199999954, -29.162148899999977 ], [ -51.242442, -29.161913099999936 ], [ -51.242416899999967, -29.161704499999928 ], [ -51.242430499999955, -29.161426699999936 ], [ -51.242431799999963, -29.161426699999936 ], [ -51.242459399999973, -29.160931799999958 ], [ -51.242514799999981, -29.160529699999984 ], [ -51.242613699999936, -29.160023899999942 ], [ -51.242729899999972, -29.15961939999994 ], [ -51.242858799999965, -29.15920129999995 ], [ -51.242976899999974, -29.158874799999978 ], [ -51.243154199999935, -29.158484 ], [ -51.243459599999937, -29.15745 ], [ -51.243518199999983, -29.157280199999946 ], [ -51.243699399999969, -29.156754299999932 ], [ -51.243764899999974, -29.156607899999983 ], [ -51.243854599999963, -29.156393499999979 ], [ -51.244077899999979, -29.155872899999963 ], [ -51.244320399999935, -29.155445399999962 ], [ -51.244438399999979, -29.15519 ], [ -51.244475199999954, -29.155124899999976 ], [ -51.244728799999962, -29.154717699999935 ], [ -51.244902499999966, -29.15432409999994 ], [ -51.244984499999987, -29.153794199999936 ], [ -51.244879, -29.153285299999936 ], [ -51.24473809999995, -29.152968 ], [ -51.244580699999972, -29.152664299999969 ], [ -51.244427099999939, -29.152447099999961 ], [ -51.244248399999947, -29.15230779999996 ], [ -51.24405, -29.152174899999977 ], [ -51.243514, -29.151892799999928 ], [ -51.242787099999987, -29.151744899999983 ], [ -51.242319099999975, -29.151676599999973 ], [ -51.242109599999935, -29.151664199999971 ], [ -51.240940799999976, -29.151458199999979 ], [ -51.237075299999958, -29.150977199999943 ], [ -51.236164899999949, -29.150847899999974 ], [ -51.23598549999997, -29.150784499999929 ], [ -51.235849899999948, -29.150699699999961 ], [ -51.234810699999969, -29.150155899999959 ], [ -51.234337299999936, -29.149818799999935 ], [ -51.23355829999997, -29.149378399999932 ], [ -51.233059499999968, -29.149227199999928 ], [ -51.231822799999975, -29.148999099999969 ], [ -51.231682899999953, -29.148967099999936 ], [ -51.231012, -29.148612499999956 ], [ -51.230705599999965, -29.148437799999954 ], [ -51.23059939999996, -29.148377299999936 ], [ -51.230206599999974, -29.148153399999956 ], [ -51.229440499999953, -29.147308599999974 ], [ -51.229277899999943, -29.14708509999997 ], [ -51.228998399999966, -29.146743 ], [ -51.228470299999969, -29.145863299999974 ], [ -51.228352099999938, -29.145593199999951 ], [ -51.228349299999934, -29.144926299999952 ], [ -51.228387199999986, -29.143452399999944 ], [ -51.22838669999993, -29.14334139999994 ], [ -51.228206099999966, -29.143418899999972 ], [ -51.227522799999974, -29.143613399999936 ], [ -51.22627209999996, -29.143985 ], [ -51.225279, -29.144302699999969 ], [ -51.224597899999935, -29.144656699999928 ], [ -51.224391399999945, -29.144879599999967 ], [ -51.223936599999945, -29.145605599999953 ], [ -51.224196499999948, -29.14764729999996 ], [ -51.223591, -29.147284599999978 ], [ -51.22343989999996, -29.147073599999942 ], [ -51.222605099999953, -29.14700229999994 ], [ -51.222090699999967, -29.145743399999958 ], [ -51.221025899999972, -29.14573919999998 ], [ -51.219407, -29.145728899999938 ], [ -51.217163299999982, -29.145728 ], [ -51.217139399999951, -29.146517899999935 ], [ -51.216397599999937, -29.146871899999951 ], [ -51.21420489999997, -29.146837699999935 ], [ -51.213316299999974, -29.146823799999936 ], [ -51.213073599999973, -29.146889299999941 ], [ -51.21289, -29.148213 ], [ -51.212387099999944, -29.148194499999931 ], [ -51.210397499999942, -29.148086099999944 ], [ -51.21021769999993, -29.148038 ], [ -51.209567899999968, -29.147920799999952 ], [ -51.209334699999943, -29.147577499999954 ], [ -51.209011199999964, -29.147406399999966 ], [ -51.208654399999944, -29.147349599999984 ], [ -51.20826859999994, -29.14731409999996 ], [ -51.207731699999954, -29.147624399999984 ], [ -51.20743269999997, -29.147766699999977 ], [ -51.206652599999984, -29.148032399999977 ], [ -51.205959899999982, -29.148133899999948 ], [ -51.205714199999932, -29.148140699999942 ], [ -51.205710299999964, -29.148140799999965 ], [ -51.204954699999973, -29.148157599999934 ], [ -51.204586399999982, -29.148452799999973 ], [ -51.204255399999965, -29.148725099999979 ], [ -51.20315549999998, -29.149472899999978 ], [ -51.202588799999944, -29.149705 ], [ -51.202187099999946, -29.149873099999979 ], [ -51.20173189999997, -29.150124199999937 ], [ -51.201691899999958, -29.15014629999996 ], [ -51.200352899999984, -29.15070019999996 ], [ -51.200355899999977, -29.150794599999983 ], [ -51.200226699999973, -29.150885099999982 ], [ -51.19774149999995, -29.150876699999969 ], [ -51.197514099999978, -29.150723699999958 ], [ -51.197388599999954, -29.150697499999978 ], [ -51.195087599999965, -29.150588499999969 ], [ -51.193220799999949, -29.150513699999976 ], [ -51.193211799999972, -29.150601699999982 ], [ -51.193045299999937, -29.153828799999928 ], [ -51.193013399999984, -29.155428299999983 ], [ -51.193039699999986, -29.155660299999965 ], [ -51.19306279999995, -29.155849099999955 ], [ -51.193441, -29.156364599999961 ], [ -51.194193799999937, -29.157173499999942 ], [ -51.19458069999996, -29.157539699999973 ], [ -51.194903799999963, -29.157889499999953 ], [ -51.195442699999944, -29.158425199999954 ], [ -51.195930899999951, -29.158966699999951 ], [ -51.195398399999931, -29.159245 ], [ -51.19485659999998, -29.159597199999951 ], [ -51.194270499999959, -29.159977799999979 ], [ -51.194083599999942, -29.160107699999969 ], [ -51.193950799999982, -29.160177499999975 ], [ -51.194113499999958, -29.160330399999964 ], [ -51.194371099999955, -29.160607499999969 ], [ -51.195126799999969, -29.160170699999981 ], [ -51.197834499999942, -29.160234099999968 ], [ -51.199941099999933, -29.160315799999978 ], [ -51.199950199999932, -29.160145099999966 ], [ -51.199979599999949, -29.159593899999948 ], [ -51.200004099999944, -29.158889399999964 ], [ -51.200055599999985, -29.15744669999998 ], [ -51.200406199999975, -29.15736389999995 ], [ -51.200738899999976, -29.157316599999945 ], [ -51.201546499999949, -29.157210899999939 ], [ -51.201907, -29.157183799999927 ], [ -51.202192699999955, -29.157129899999973 ], [ -51.202619899999945, -29.157061799999951 ], [ -51.203169199999934, -29.156894199999954 ], [ -51.203803199999982, -29.156749 ] ] ] } },
{ "type": "Feature", "properties": { "codigobairro": 9, "nome": "Rio Branco" }, "geometry": { "type": "Polygon", "coordinates": [ [ [ -51.190882199999976, -29.171915699999943 ], [ -51.190466399999934, -29.172107599999947 ], [ -51.189924, -29.172357399999953 ], [ -51.189561, -29.17248 ], [ -51.189025, -29.172585099999935 ], [ -51.188404, -29.172476499999959 ], [ -51.188444199999935, -29.17234389999993 ], [ -51.18842589999997, -29.172162799999967 ], [ -51.188332699999933, -29.172027799999967 ], [ -51.186799199999939, -29.17152619999996 ], [ -51.184109499999977, -29.170611399999927 ], [ -51.184047299999975, -29.172615399999984 ], [ -51.184005099999979, -29.173773899999958 ], [ -51.18399549999998, -29.174081399999977 ], [ -51.18395819999995, -29.175287499999968 ], [ -51.184404, -29.17529159999998 ], [ -51.184749699999941, -29.175291699999946 ], [ -51.186644499999943, -29.175331699999958 ], [ -51.186684399999933, -29.175331699999958 ], [ -51.187782499999969, -29.175329899999952 ], [ -51.187784399999941, -29.175801399999955 ], [ -51.187697899999932, -29.17711769999994 ], [ -51.187689899999953, -29.178302599999938 ], [ -51.188213399999938, -29.178296199999977 ], [ -51.188200499999937, -29.178317199999981 ], [ -51.187978199999975, -29.178679099999954 ], [ -51.187952899999971, -29.178741399999979 ], [ -51.188094099999944, -29.179078 ], [ -51.188087799999948, -29.179082499999936 ], [ -51.187729899999965, -29.179151299999944 ], [ -51.187617899999964, -29.179384399999947 ], [ -51.187562599999978, -29.179843399999982 ], [ -51.187585199999944, -29.180132199999946 ], [ -51.187579, -29.18039559999994 ], [ -51.188044299999945, -29.180521499999941 ], [ -51.188349799999969, -29.180601099999933 ], [ -51.189167199999986, -29.180789599999969 ], [ -51.189992599999982, -29.180941799999971 ], [ -51.190010799999982, -29.181349499999953 ], [ -51.189939, -29.181611399999952 ], [ -51.189951, -29.181918499999938 ], [ -51.189594099999965, -29.181957899999929 ], [ -51.189631199999951, -29.182908599999962 ], [ -51.189632399999937, -29.182939099999942 ], [ -51.190672499999948, -29.182951 ], [ -51.192108299999973, -29.182934099999954 ], [ -51.192586199999937, -29.182949899999983 ], [ -51.193524699999955, -29.182985299999928 ], [ -51.193506899999932, -29.182689299999936 ], [ -51.193531899999982, -29.182402099999933 ], [ -51.196480599999973, -29.182330099999945 ], [ -51.199558399999944, -29.182366799999954 ], [ -51.199537799999973, -29.182596399999966 ], [ -51.199610599999971, -29.182874799999979 ], [ -51.200289199999986, -29.183143599999937 ], [ -51.20241459999994, -29.18318759999994 ], [ -51.203259099999968, -29.18319809999997 ], [ -51.203892199999984, -29.182937399999958 ], [ -51.204371299999934, -29.182670199999961 ], [ -51.204658099999961, -29.182588199999941 ], [ -51.205011899999931, -29.182541699999945 ], [ -51.205206099999941, -29.182456099999968 ], [ -51.205324099999984, -29.182421099999942 ], [ -51.205457299999978, -29.182328599999948 ], [ -51.205549, -29.182236699999976 ], [ -51.205658399999948, -29.182000199999948 ], [ -51.205643299999963, -29.18191969999998 ], [ -51.205545599999937, -29.181788099999949 ], [ -51.205279299999972, -29.181689099999971 ], [ -51.204606799999965, -29.181489799999952 ], [ -51.203889299999958, -29.181554299999959 ], [ -51.203622799999948, -29.181562699999972 ], [ -51.20354059999994, -29.181630899999959 ], [ -51.203143199999943, -29.181558 ], [ -51.202831299999957, -29.181402599999956 ], [ -51.202615899999955, -29.181111099999953 ], [ -51.202435, -29.180780099999936 ], [ -51.202394199999958, -29.180442199999959 ], [ -51.202490399999931, -29.180239799999981 ], [ -51.202540799999952, -29.17999089999995 ], [ -51.202754299999981, -29.179621699999927 ], [ -51.202807399999983, -29.17935719999997 ], [ -51.202772799999934, -29.179085799999939 ], [ -51.202662499999974, -29.178552299999978 ], [ -51.202558799999963, -29.17828819999994 ], [ -51.202475, -29.178095499999984 ], [ -51.20220409999996, -29.177729099999965 ], [ -51.201809199999957, -29.177399799999932 ], [ -51.20159469999993, -29.177234 ], [ -51.201109799999983, -29.17687959999995 ], [ -51.200603599999965, -29.176556499999947 ], [ -51.200330299999962, -29.176408899999956 ], [ -51.199825399999952, -29.176392299999975 ], [ -51.199565199999938, -29.176319299999932 ], [ -51.199225699999943, -29.176100099999928 ], [ -51.198874, -29.175756899999953 ], [ -51.198766499999977, -29.175627 ], [ -51.198888599999975, -29.174932599999977 ], [ -51.199047, -29.174384699999962 ], [ -51.199069599999973, -29.173905599999955 ], [ -51.199027, -29.173655599999961 ], [ -51.198837099999935, -29.173311 ], [ -51.198537399999964, -29.173078399999952 ], [ -51.19826089999998, -29.172976399999982 ], [ -51.197796899999958, -29.172915599999953 ], [ -51.197403699999938, -29.172981399999969 ], [ -51.196912499999939, -29.173169799999982 ], [ -51.196532099999956, -29.173404399999981 ], [ -51.196154599999943, -29.173622299999977 ], [ -51.195789799999943, -29.173788099999967 ], [ -51.195241099999976, -29.173818499999982 ], [ -51.194936699999971, -29.17380559999998 ], [ -51.194452699999943, -29.173396799999978 ], [ -51.194226499999957, -29.173081399999944 ], [ -51.194090399999936, -29.173127299999976 ], [ -51.194071799999961, -29.173102 ], [ -51.193580199999985, -29.172436199999936 ], [ -51.193228499999975, -29.171983799999964 ], [ -51.193088899999964, -29.171786099999963 ], [ -51.192743399999983, -29.171512099999973 ], [ -51.192504099999951, -29.171352599999977 ], [ -51.192196599999932, -29.171468899999979 ], [ -51.19165959999998, -29.171646399999929 ], [ -51.190882199999976, -29.171915699999943 ] ] ] } },
{ "type": "Feature", "properties": { "codigobairro": 21, "nome": "Sagrada Família" }, "geometry": { "type": "Polygon", "coordinates": [ [ [ -51.151418399999955, -29.15734649999996 ], [ -51.151450099999977, -29.157656499999973 ], [ -51.151668799999982, -29.15793009999993 ], [ -51.152098399999943, -29.158148599999947 ], [ -51.15470369999997, -29.158300699999984 ], [ -51.155194299999948, -29.158377799999982 ], [ -51.155706299999963, -29.158717599999932 ], [ -51.156729799999937, -29.16026979999998 ], [ -51.156749199999979, -29.160441699999978 ], [ -51.15675159999995, -29.160783699999968 ], [ -51.156760899999938, -29.160928499999955 ], [ -51.15677, -29.161094099999957 ], [ -51.156780599999934, -29.161287899999934 ], [ -51.156791099999964, -29.161479 ], [ -51.157044099999951, -29.161152799999968 ], [ -51.157163899999944, -29.161020399999984 ], [ -51.157306099999971, -29.160929499999952 ], [ -51.15750989999998, -29.160869199999979 ], [ -51.158143399999972, -29.160805499999981 ], [ -51.158930899999973, -29.160849699999972 ], [ -51.159778499999959, -29.160881899999936 ], [ -51.160153499999979, -29.161000499999943 ], [ -51.160483699999986, -29.16113189999993 ], [ -51.161333099999979, -29.161535799999967 ], [ -51.161666399999945, -29.161734499999966 ], [ -51.162212699999941, -29.16245159999994 ], [ -51.162444099999959, -29.162662499999954 ], [ -51.162455399999942, -29.162588099999937 ], [ -51.162482099999977, -29.162522299999978 ], [ -51.162492199999974, -29.160649399999954 ], [ -51.162493099999949, -29.159944099999962 ], [ -51.162514299999941, -29.15873739999995 ], [ -51.163870799999984, -29.158743199999947 ], [ -51.164785799999947, -29.158627799999977 ], [ -51.164754, -29.157148699999937 ], [ -51.164757499999951, -29.155893599999956 ], [ -51.164785, -29.155277499999954 ], [ -51.164848799999959, -29.154611199999977 ], [ -51.164878, -29.153987 ], [ -51.164976, -29.153903799999966 ], [ -51.164981199999943, -29.153899399999943 ], [ -51.164990899999964, -29.152828299999953 ], [ -51.164990699999976, -29.152584599999955 ], [ -51.164713099999972, -29.152615699999956 ], [ -51.163365899999974, -29.15298729999995 ], [ -51.162390699999946, -29.153040899999951 ], [ -51.15928619999994, -29.152999399999942 ], [ -51.157973499999969, -29.152933899999937 ], [ -51.157721299999935, -29.152859 ], [ -51.157678099999941, -29.152829699999984 ], [ -51.151472199999944, -29.152674499999932 ], [ -51.150574799999958, -29.152621 ], [ -51.149104499999964, -29.152540599999952 ], [ -51.148138299999971, -29.15193069999998 ], [ -51.14742949999993, -29.151571199999978 ], [ -51.148050199999943, -29.152821599999982 ], [ -51.148752099999967, -29.153315799999973 ], [ -51.14908719999994, -29.153460299999949 ], [ -51.150473399999953, -29.154113799999948 ], [ -51.151655299999959, -29.154713199999946 ], [ -51.151850599999932, -29.154918699999939 ], [ -51.151905899999974, -29.155258499999945 ], [ -51.151923599999975, -29.155487 ], [ -51.15158, -29.156799 ], [ -51.151484099999948, -29.157095 ], [ -51.151418399999955, -29.15734649999996 ] ] ] } },
{ "type": "Feature", "properties": { "codigobairro": 62, "nome": "Samuara" }, "geometry": { "type": "Polygon", "coordinates": [ [ [ -51.272250099999951, -29.180626 ], [ -51.272372799999971, -29.180443599999933 ], [ -51.272575899999936, -29.180147299999931 ], [ -51.272694, -29.179980399999977 ], [ -51.27276489999997, -29.179832499999975 ], [ -51.272815, -29.179666699999927 ], [ -51.272796699999958, -29.179432099999929 ], [ -51.272790099999952, -29.179185 ], [ -51.272796099999937, -29.179086 ], [ -51.272876399999973, -29.178895299999965 ], [ -51.273052, -29.17857719999995 ], [ -51.273219099999949, -29.178298899999959 ], [ -51.273346899999979, -29.178033599999935 ], [ -51.273347899999976, -29.17765739999993 ], [ -51.273209299999962, -29.177366199999938 ], [ -51.272986699999933, -29.177096199999937 ], [ -51.272827199999938, -29.177022399999942 ], [ -51.272693, -29.176982199999941 ], [ -51.27207379999993, -29.176925599999947 ], [ -51.271702599999969, -29.176589499999977 ], [ -51.271525399999973, -29.17627779999998 ], [ -51.27140019999996, -29.175979 ], [ -51.271363799999961, -29.175903099999971 ], [ -51.273224599999935, -29.172345099999973 ], [ -51.271740799999975, -29.172125299999948 ], [ -51.271375899999953, -29.172057299999949 ], [ -51.270333, -29.171604699999932 ], [ -51.269611399999974, -29.17119219999995 ], [ -51.269254599999954, -29.171072399999957 ], [ -51.268100699999934, -29.171068699999978 ], [ -51.266834399999937, -29.171056299999975 ], [ -51.266155199999957, -29.171045599999957 ], [ -51.265723799999932, -29.170946399999934 ], [ -51.265409599999941, -29.17078609999993 ], [ -51.265097899999944, -29.170654699999943 ], [ -51.264885299999946, -29.170498799999962 ], [ -51.264620699999966, -29.170400299999983 ], [ -51.264223499999957, -29.170295799999963 ], [ -51.264069199999938, -29.170285399999955 ], [ -51.263417499999946, -29.170347899999967 ], [ -51.263290499999982, -29.170397 ], [ -51.262832799999956, -29.170670099999938 ], [ -51.262578799999972, -29.170797499999935 ], [ -51.262476499999934, -29.171383299999945 ], [ -51.262314099999969, -29.171565099999953 ], [ -51.262029899999959, -29.171633399999962 ], [ -51.261889599999961, -29.171879299999944 ], [ -51.261738099999945, -29.171960599999977 ], [ -51.261515499999973, -29.171963099999971 ], [ -51.261248099999932, -29.171895199999938 ], [ -51.26079969999995, -29.171897799999954 ], [ -51.260318099999949, -29.172049299999969 ], [ -51.259983699999964, -29.172161 ], [ -51.259886699999981, -29.172515 ], [ -51.259804799999984, -29.173092 ], [ -51.259754899999962, -29.173617799999931 ], [ -51.259820899999966, -29.173911 ], [ -51.259500699999933, -29.174573 ], [ -51.259412699999984, -29.174993499999971 ], [ -51.259087699999952, -29.175725299999954 ], [ -51.258649, -29.17633879999994 ], [ -51.258046499999978, -29.177086699999961 ], [ -51.257378, -29.177770399999929 ], [ -51.257095499999934, -29.178064399999982 ], [ -51.256652899999949, -29.178314899999975 ], [ -51.256339099999934, -29.178370599999937 ], [ -51.255865, -29.178425799999957 ], [ -51.255245299999956, -29.178680699999973 ], [ -51.253887299999974, -29.179236199999934 ], [ -51.253524399999947, -29.179518799999983 ], [ -51.253300199999956, -29.179820699999937 ], [ -51.253191899999933, -29.180361499999947 ], [ -51.253238799999963, -29.180564299999958 ], [ -51.253199199999983, -29.181243099999961 ], [ -51.253095799999983, -29.181812299999933 ], [ -51.252966599999979, -29.182403499999964 ], [ -51.252854599999978, -29.182599 ], [ -51.252578299999982, -29.182872399999951 ], [ -51.252215299999932, -29.182983599999943 ], [ -51.25168519999994, -29.183051899999953 ], [ -51.251580899999965, -29.183016899999984 ], [ -51.251408899999944, -29.183040199999937 ], [ -51.25115, -29.182990599999982 ], [ -51.250738599999977, -29.182852299999979 ], [ -51.250323799999933, -29.182808099999932 ], [ -51.249970499999961, -29.183011499999964 ], [ -51.249864699999932, -29.183188499999972 ], [ -51.249693899999954, -29.183380499999942 ], [ -51.249517399999945, -29.183459399999947 ], [ -51.249309599999947, -29.183539899999971 ], [ -51.248995299999933, -29.183644 ], [ -51.248776899999939, -29.18383689999996 ], [ -51.248639599999933, -29.184122899999977 ], [ -51.248447799999951, -29.184862199999941 ], [ -51.248418399999935, -29.185286099999928 ], [ -51.248342799999932, -29.185432499999933 ], [ -51.247751599999958, -29.185444599999983 ], [ -51.247477499999945, -29.185444399999938 ], [ -51.247415699999976, -29.185599099999934 ], [ -51.247261599999945, -29.18620569999996 ], [ -51.247259, -29.186882 ], [ -51.24721859999994, -29.187271499999952 ], [ -51.247218, -29.187390099999959 ], [ -51.247219399999949, -29.187515299999973 ], [ -51.24724219999996, -29.188383 ], [ -51.247256799999946, -29.188778099999979 ], [ -51.247264099999938, -29.188909199999955 ], [ -51.247209399999974, -29.18891 ], [ -51.247124299999939, -29.189741199999958 ], [ -51.247310899999945, -29.189879699999949 ], [ -51.24747, -29.189984 ], [ -51.247600599999942, -29.190061299999968 ], [ -51.247793699999932, -29.190164599999946 ], [ -51.247961499999974, -29.190260599999931 ], [ -51.248297099999945, -29.190452299999947 ], [ -51.248606199999983, -29.190659299999936 ], [ -51.248914299999967, -29.190867299999979 ], [ -51.249424499999975, -29.191177799999934 ], [ -51.24984349999994, -29.191435299999966 ], [ -51.250457, -29.19181059999994 ], [ -51.250853899999981, -29.192052499999932 ], [ -51.251300799999967, -29.192325499999981 ], [ -51.251833399999953, -29.192652 ], [ -51.25235379999998, -29.192969799999958 ], [ -51.253130799999951, -29.193442699999935 ], [ -51.253888699999948, -29.193907399999944 ], [ -51.254908499999942, -29.194527199999982 ], [ -51.255581799999959, -29.194940499999973 ], [ -51.255754799999977, -29.195043 ], [ -51.255958299999975, -29.195168899999942 ], [ -51.256066299999986, -29.195239199999946 ], [ -51.256294099999934, -29.195382299999949 ], [ -51.256778099999963, -29.195683699999961 ], [ -51.256969199999958, -29.195804099999975 ], [ -51.257407299999954, -29.196075099999973 ], [ -51.258253299999978, -29.196603 ], [ -51.259469599999932, -29.197352199999955 ], [ -51.260201299999949, -29.197804599999984 ], [ -51.261754199999984, -29.198770099999933 ], [ -51.262661099999946, -29.19929609999997 ], [ -51.262914199999955, -29.199442599999941 ], [ -51.263434399999937, -29.199754599999949 ], [ -51.263978499999951, -29.199971199999936 ], [ -51.264746699999932, -29.200226399999963 ], [ -51.265419099999974, -29.20045 ], [ -51.26624819999995, -29.200724899999955 ], [ -51.267070399999966, -29.201009699999929 ], [ -51.267936499999962, -29.201309599999945 ], [ -51.268471199999965, -29.201485099999957 ], [ -51.269012299999986, -29.201659099999972 ], [ -51.269464699999958, -29.201805599999943 ], [ -51.27007679999997, -29.202010799999982 ], [ -51.271071199999938, -29.202364399999965 ], [ -51.272172799999964, -29.202795 ], [ -51.272819599999934, -29.203020199999969 ], [ -51.273002499999961, -29.203083599999957 ], [ -51.273223399999949, -29.203182699999957 ], [ -51.274099499999977, -29.203557199999977 ], [ -51.274929099999952, -29.203917399999966 ], [ -51.275736199999983, -29.204303 ], [ -51.276544099999967, -29.204677099999969 ], [ -51.277508199999943, -29.205131299999948 ], [ -51.277876299999946, -29.205304 ], [ -51.27880719999996, -29.205736599999966 ], [ -51.279426499999943, -29.206019499999968 ], [ -51.279426399999977, -29.205437399999937 ], [ -51.279398199999946, -29.202544299999943 ], [ -51.279380499999945, -29.195411399999955 ], [ -51.27937339999994, -29.192935299999931 ], [ -51.279382099999964, -29.192586799999958 ], [ -51.279372099999932, -29.192089799999962 ], [ -51.277941299999952, -29.19204869999993 ], [ -51.27501529999995, -29.19203669999996 ], [ -51.274874299999965, -29.191801899999973 ], [ -51.274723699999981, -29.191620599999965 ], [ -51.274614399999962, -29.191417799999954 ], [ -51.274421599999982, -29.191413099999977 ], [ -51.273267899999951, -29.191385 ], [ -51.273257399999977, -29.181665 ], [ -51.273259, -29.181061599999964 ], [ -51.272957699999949, -29.180963 ], [ -51.272792899999956, -29.180709699999966 ], [ -51.272642399999938, -29.180624 ], [ -51.272250099999951, -29.180626 ] ] ] } },
{ "type": "Feature", "properties": { "codigobairro": 43, "nome": "Ana Rech" }, "geometry": { "type": "Polygon", "coordinates": [ [ [ -51.100242, -29.080273099999943 ], [ -51.099629299999947, -29.080154599999958 ], [ -51.097857899999951, -29.079796599999952 ], [ -51.083913799999948, -29.082145099999934 ], [ -51.082436199999961, -29.082055399999945 ], [ -51.08208019999995, -29.082063799999958 ], [ -51.081772899999976, -29.082232799999929 ], [ -51.080779, -29.082185099999947 ], [ -51.079597499999977, -29.083054299999958 ], [ -51.079362299999957, -29.083094799999969 ], [ -51.079275499999937, -29.08296329999996 ], [ -51.078986099999952, -29.083105699999976 ], [ -51.07867, -29.083283699999981 ], [ -51.078442499999937, -29.083369499999947 ], [ -51.078079599999967, -29.083355499999982 ], [ -51.077436399999954, -29.083629499999972 ], [ -51.076007599999969, -29.083588599999928 ], [ -51.074693699999955, -29.083546599999977 ], [ -51.074650199999951, -29.084263699999951 ], [ -51.074624799999981, -29.08830869999997 ], [ -51.081067, -29.088337299999978 ], [ -51.081122799999946, -29.088649199999963 ], [ -51.081206099999974, -29.088879799999972 ], [ -51.081269599999985, -29.089090299999953 ], [ -51.081393499999933, -29.089366699999971 ], [ -51.081435699999986, -29.089757299999974 ], [ -51.081008599999961, -29.090002499999969 ], [ -51.080676899999958, -29.090761399999963 ], [ -51.080128599999966, -29.092155199999979 ], [ -51.079732599999943, -29.093063 ], [ -51.079725499999938, -29.093368599999962 ], [ -51.080124, -29.094373699999949 ], [ -51.080348799999967, -29.095191399999976 ], [ -51.080719899999963, -29.096283399999948 ], [ -51.080665399999987, -29.096852699999943 ], [ -51.080491399999971, -29.097486 ], [ -51.080453399999953, -29.097884499999964 ], [ -51.080657699999961, -29.098434 ], [ -51.080913, -29.099005899999952 ], [ -51.08121669999997, -29.099764299999947 ], [ -51.081329699999969, -29.10040749999996 ], [ -51.081259099999954, -29.101707799999929 ], [ -51.081110699999954, -29.101856199999929 ], [ -51.080149499999948, -29.101997599999947 ], [ -51.080085899999972, -29.102103599999964 ], [ -51.080799699999943, -29.102506399999982 ], [ -51.081387399999983, -29.102583899999956 ], [ -51.081739599999935, -29.102725499999963 ], [ -51.081859799999961, -29.102852699999971 ], [ -51.081879099999981, -29.103201299999967 ], [ -51.081750399999976, -29.10343789999996 ], [ -51.081396899999959, -29.103885099999957 ], [ -51.08133, -29.104038499999945 ], [ -51.081295799999964, -29.103903699999933 ], [ -51.080340799999931, -29.103934 ], [ -51.076897499999973, -29.103916799999979 ], [ -51.076903399999935, -29.10501869999996 ], [ -51.076945699999953, -29.106101299999978 ], [ -51.076947, -29.106689899999935 ], [ -51.076948699999946, -29.10748069999994 ], [ -51.076949499999955, -29.107854599999939 ], [ -51.07695549999994, -29.11569789999993 ], [ -51.076948099999981, -29.116569099999936 ], [ -51.076946499999963, -29.116757799999959 ], [ -51.076899599999933, -29.122298399999977 ], [ -51.076898099999937, -29.122472 ], [ -51.076853299999982, -29.127766399999928 ], [ -51.076848299999938, -29.128349399999934 ], [ -51.07684839999996, -29.12836539999995 ], [ -51.076839, -29.129451099999983 ], [ -51.076836799999967, -29.129707499999938 ], [ -51.076810899999941, -29.132763899999929 ], [ -51.076809399999945, -29.13294419999994 ], [ -51.076782, -29.136184799999967 ], [ -51.07677689999997, -29.136778699999979 ], [ -51.077004599999952, -29.136779 ], [ -51.09090029999993, -29.136630699999955 ], [ -51.095893699999976, -29.136936899999966 ], [ -51.096096499999931, -29.136938599999951 ], [ -51.099890399999936, -29.136839799999962 ], [ -51.100561099999936, -29.136860099999979 ], [ -51.101023599999962, -29.136288199999967 ], [ -51.101712599999985, -29.136030299999959 ], [ -51.107697099999939, -29.136174799999935 ], [ -51.108143899999959, -29.136105099999952 ], [ -51.109046599999942, -29.135368899999946 ], [ -51.109887299999968, -29.13512389999994 ], [ -51.110341699999935, -29.135107699999935 ], [ -51.11093429999994, -29.135178399999972 ], [ -51.111301799999978, -29.135091599999953 ], [ -51.111778799999968, -29.13515179999996 ], [ -51.112538, -29.135102699999948 ], [ -51.11315959999996, -29.135049199999969 ], [ -51.113751799999932, -29.134967099999983 ], [ -51.113856699999985, -29.134889399999963 ], [ -51.113834299999951, -29.134023299999967 ], [ -51.113818899999956, -29.133432099999936 ], [ -51.112763199999961, -29.133649099999957 ], [ -51.111318199999971, -29.133816399999944 ], [ -51.110515499999963, -29.133766 ], [ -51.109316099999944, -29.133792099999937 ], [ -51.108296299999949, -29.13394969999996 ], [ -51.107557899999961, -29.134179499999959 ], [ -51.106883699999969, -29.134397499999977 ], [ -51.105929599999968, -29.134700199999941 ], [ -51.105063799999982, -29.134827799999982 ], [ -51.104277699999955, -29.13490829999995 ], [ -51.10281329999998, -29.135072099999945 ], [ -51.103239099999939, -29.134770599999968 ], [ -51.103491899999938, -29.134581399999945 ], [ -51.103768499999944, -29.134360899999933 ], [ -51.103913, -29.134204799999964 ], [ -51.104406299999937, -29.133935 ], [ -51.104858, -29.133674799999937 ], [ -51.10489519999993, -29.133365599999934 ], [ -51.105525199999931, -29.133028 ], [ -51.10585, -29.132893499999966 ], [ -51.105855499999961, -29.132451699999933 ], [ -51.105835799999966, -29.132155099999977 ], [ -51.10587, -29.131033499999944 ], [ -51.103788399999985, -29.124194399999965 ], [ -51.103809899999931, -29.122259799999938 ], [ -51.105148, -29.122226399999931 ], [ -51.105141099999969, -29.12011 ], [ -51.105132899999944, -29.117583299999978 ], [ -51.105571399999974, -29.117569899999978 ], [ -51.105989099999931, -29.11758969999994 ], [ -51.109049399999947, -29.117696499999965 ], [ -51.110649099999932, -29.117802899999958 ], [ -51.111639199999956, -29.11781 ], [ -51.113395099999934, -29.11761359999997 ], [ -51.113983799999971, -29.117591799999957 ], [ -51.114918599999953, -29.117875199999958 ], [ -51.116131, -29.118503099999941 ], [ -51.116151399999978, -29.118196099999977 ], [ -51.115143899999964, -29.117156799999975 ], [ -51.114955, -29.116636399999948 ], [ -51.115011699999968, -29.116075299999977 ], [ -51.11535379999998, -29.115212699999972 ], [ -51.115483199999971, -29.114598499999943 ], [ -51.115390199999979, -29.113729099999944 ], [ -51.11507789999996, -29.113201499999946 ], [ -51.114614299999971, -29.112643 ], [ -51.113972899999965, -29.112244099999941 ], [ -51.113331, -29.112078699999984 ], [ -51.112735799999939, -29.112124599999959 ], [ -51.111681399999952, -29.112159199999951 ], [ -51.11094369999995, -29.112004099999979 ], [ -51.11046209999995, -29.111705499999971 ], [ -51.110067599999979, -29.111266499999942 ], [ -51.109557399999971, -29.110549799999944 ], [ -51.109363, -29.110061799999983 ], [ -51.109356899999966, -29.109399599999961 ], [ -51.109730399999933, -29.108881799999949 ], [ -51.110171599999944, -29.108389299999942 ], [ -51.110925099999974, -29.107434 ], [ -51.110907299999951, -29.106796799999984 ], [ -51.110730899999965, -29.106386499999928 ], [ -51.110655099999974, -29.106285599999978 ], [ -51.109837099999936, -29.105659699999933 ], [ -51.109561799999938, -29.105227799999966 ], [ -51.109362899999951, -29.104818399999942 ], [ -51.109709899999984, -29.103571799999941 ], [ -51.110152299999982, -29.102975599999979 ], [ -51.110637, -29.101958299999978 ], [ -51.110515699999951, -29.101432099999954 ], [ -51.11037639999995, -29.101087499999949 ], [ -51.109669499999939, -29.100770699999941 ], [ -51.107768399999941, -29.100432299999966 ], [ -51.107448, -29.1 ], [ -51.107369699999936, -29.099662399999943 ], [ -51.107515099999944, -29.099415099999931 ], [ -51.109061099999963, -29.098149099999944 ], [ -51.109856499999978, -29.09739419999994 ], [ -51.110557099999937, -29.096748299999945 ], [ -51.110775699999976, -29.096240099999932 ], [ -51.110465699999963, -29.095422199999973 ], [ -51.110071499999947, -29.094796 ], [ -51.11012379999994, -29.094352899999933 ], [ -51.110349, -29.093934699999977 ], [ -51.111095499999976, -29.093088 ], [ -51.111687299999971, -29.092160499999977 ], [ -51.112318599999981, -29.091119099999958 ], [ -51.112839, -29.090212699999938 ], [ -51.112958899999967, -29.089434299999937 ], [ -51.112962599999946, -29.087740799999949 ], [ -51.112968699999954, -29.086789899999928 ], [ -51.113162, -29.086161199999935 ], [ -51.113394599999936, -29.085653699999966 ], [ -51.113038899999935, -29.085033499999952 ], [ -51.112488699999972, -29.084212399999956 ], [ -51.112265299999933, -29.083796399999983 ], [ -51.112673299999983, -29.083114899999941 ], [ -51.112765199999956, -29.082638499999973 ], [ -51.112715699999967, -29.082260399999939 ], [ -51.112309099999948, -29.081735699999967 ], [ -51.112301299999956, -29.081582799999978 ], [ -51.112313699999959, -29.081357199999957 ], [ -51.11230089999998, -29.081012299999941 ], [ -51.105826399999955, -29.080717 ], [ -51.101585, -29.080384199999969 ], [ -51.100242, -29.080273099999943 ] ] ] } },
{ "type": "Feature", "properties": { "codigobairro": 30, "nome": "Floresta" }, "geometry": { "type": "Polygon", "coordinates": [ [ [ -51.199903899999981, -29.175081299999931 ], [ -51.199825399999952, -29.176392299999975 ], [ -51.200330299999962, -29.176408899999956 ], [ -51.200603599999965, -29.176556499999947 ], [ -51.201109799999983, -29.17687959999995 ], [ -51.20159469999993, -29.177234 ], [ -51.201809199999957, -29.177399799999932 ], [ -51.20220409999996, -29.177729099999965 ], [ -51.202475, -29.178095499999984 ], [ -51.202558799999963, -29.17828819999994 ], [ -51.202662499999974, -29.178552299999978 ], [ -51.202772799999934, -29.179085799999939 ], [ -51.202807399999983, -29.17935719999997 ], [ -51.202754299999981, -29.179621699999927 ], [ -51.202540799999952, -29.17999089999995 ], [ -51.202490399999931, -29.180239799999981 ], [ -51.202394199999958, -29.180442199999959 ], [ -51.202435, -29.180780099999936 ], [ -51.202615899999955, -29.181111099999953 ], [ -51.202831299999957, -29.181402599999956 ], [ -51.203143199999943, -29.181558 ], [ -51.20354059999994, -29.181630899999959 ], [ -51.20371149999994, -29.181311599999958 ], [ -51.203820499999949, -29.181111299999941 ], [ -51.203981099999964, -29.180941 ], [ -51.204257899999959, -29.180775 ], [ -51.204578399999946, -29.180494099999976 ], [ -51.204690399999947, -29.180329299999983 ], [ -51.204743099999973, -29.180145799999934 ], [ -51.20473439999995, -29.179855199999963 ], [ -51.204500699999983, -29.179156 ], [ -51.204345399999966, -29.17867039999993 ], [ -51.204289, -29.178329499999961 ], [ -51.204290799999967, -29.178117 ], [ -51.204477699999984, -29.177725299999963 ], [ -51.204956299999935, -29.177233799999954 ], [ -51.205639799999972, -29.176801 ], [ -51.206075399999975, -29.176381 ], [ -51.206293099999982, -29.176064699999984 ], [ -51.206563799999969, -29.175632499999949 ], [ -51.206851799999981, -29.17513 ], [ -51.20699639999998, -29.174903899999947 ], [ -51.207359499999939, -29.174758499999939 ], [ -51.206519599999979, -29.174528399999929 ], [ -51.205414399999938, -29.174236099999973 ], [ -51.204324099999951, -29.173983399999941 ], [ -51.203594399999986, -29.173767 ], [ -51.202961099999982, -29.17337619999995 ], [ -51.202798399999949, -29.173206599999958 ], [ -51.202709199999958, -29.173273599999959 ], [ -51.202425199999936, -29.173494 ], [ -51.201913599999955, -29.173902 ], [ -51.201689399999964, -29.173663099999942 ], [ -51.20075989999998, -29.173680399999967 ], [ -51.199909199999979, -29.173638 ], [ -51.199903899999981, -29.175081299999931 ] ] ] } },
{ "type": "Feature", "properties": { "codigobairro": 3, "nome": "São Leopoldo" }, "geometry": { "type": "Polygon", "coordinates": [ [ [ -51.186040299999945, -29.185253499999931 ], [ -51.186480899999935, -29.185328299999981 ], [ -51.186812799999984, -29.185439199999962 ], [ -51.187163899999973, -29.185579799999971 ], [ -51.187930899999969, -29.185903899999971 ], [ -51.18815909999995, -29.18601149999995 ], [ -51.189889099999959, -29.186037499999941 ], [ -51.190154099999972, -29.186067799999933 ], [ -51.190154799999959, -29.185974 ], [ -51.19016929999998, -29.18514689999995 ], [ -51.190158, -29.184425399999952 ], [ -51.190173299999969, -29.183698899999968 ], [ -51.190506499999969, -29.183717699999931 ], [ -51.190659699999969, -29.18334219999997 ], [ -51.190672499999948, -29.182951 ], [ -51.189632399999937, -29.182939099999942 ], [ -51.189631199999951, -29.182908599999962 ], [ -51.189594099999965, -29.181957899999929 ], [ -51.189951, -29.181918499999938 ], [ -51.189939, -29.181611399999952 ], [ -51.190010799999982, -29.181349499999953 ], [ -51.189992599999982, -29.180941799999971 ], [ -51.189167199999986, -29.180789599999969 ], [ -51.188349799999969, -29.180601099999933 ], [ -51.188044299999945, -29.180521499999941 ], [ -51.187579, -29.18039559999994 ], [ -51.187585199999944, -29.180132199999946 ], [ -51.187562599999978, -29.179843399999982 ], [ -51.187617899999964, -29.179384399999947 ], [ -51.187729899999965, -29.179151299999944 ], [ -51.188087799999948, -29.179082499999936 ], [ -51.188094099999944, -29.179078 ], [ -51.187952899999971, -29.178741399999979 ], [ -51.187978199999975, -29.178679099999954 ], [ -51.188200499999937, -29.178317199999981 ], [ -51.188213399999938, -29.178296199999977 ], [ -51.187689899999953, -29.178302599999938 ], [ -51.187697899999932, -29.17711769999994 ], [ -51.187784399999941, -29.175801399999955 ], [ -51.187782499999969, -29.175329899999952 ], [ -51.186684399999933, -29.175331699999958 ], [ -51.186644499999943, -29.175331699999958 ], [ -51.184749699999941, -29.175291699999946 ], [ -51.184404, -29.17529159999998 ], [ -51.18395819999995, -29.175287499999968 ], [ -51.182612199999937, -29.17529989999997 ], [ -51.181394099999977, -29.175269699999944 ], [ -51.181307799999956, -29.175268199999948 ], [ -51.181167, -29.175468599999931 ], [ -51.181022, -29.175669099999936 ], [ -51.180702099999962, -29.176535 ], [ -51.180638099999953, -29.176863499999968 ], [ -51.180606799999964, -29.177956 ], [ -51.180580199999952, -29.178569899999957 ], [ -51.180618699999968, -29.178938799999969 ], [ -51.180622899999946, -29.179266899999959 ], [ -51.180585299999962, -29.179850299999941 ], [ -51.180594099999951, -29.180951499999935 ], [ -51.180594399999961, -29.180990399999928 ], [ -51.180597399999954, -29.182148199999972 ], [ -51.181845499999952, -29.182271499999956 ], [ -51.181877399999962, -29.18227539999998 ], [ -51.18185589999996, -29.183422699999937 ], [ -51.182311499999969, -29.183482799999979 ], [ -51.18269, -29.183678399999962 ], [ -51.182855699999948, -29.183916599999975 ], [ -51.182846099999949, -29.184144 ], [ -51.182803299999932, -29.184302199999934 ], [ -51.182540399999937, -29.184452399999941 ], [ -51.181833299999937, -29.184425099999942 ], [ -51.18181629999998, -29.185009899999955 ], [ -51.182500599999969, -29.185072199999979 ], [ -51.183386299999938, -29.185145099999943 ], [ -51.183185499999979, -29.185543799999948 ], [ -51.183264699999938, -29.186408099999937 ], [ -51.184723199999951, -29.186445399999968 ], [ -51.184884099999977, -29.186368699999946 ], [ -51.185173, -29.186167499999954 ], [ -51.185674699999936, -29.185747899999967 ], [ -51.186040299999945, -29.185253499999931 ] ] ] } },
{ "type": "Feature", "properties": { "codigobairro": 70, "nome": "Centenário" }, "geometry": { "type": "Polygon", "coordinates": [ [ [ -51.172713299999941, -29.124492699999962 ], [ -51.172688499999936, -29.126044299999933 ], [ -51.172678099999985, -29.126665699999933 ], [ -51.172659099999976, -29.12709069999994 ], [ -51.172606899999948, -29.129671 ], [ -51.172603899999956, -29.129708099999959 ], [ -51.172595799999954, -29.130157899999972 ], [ -51.172533699999974, -29.130318199999977 ], [ -51.172527699999932, -29.130333599999972 ], [ -51.172411499999953, -29.133493 ], [ -51.172444299999938, -29.13494849999995 ], [ -51.17281289999994, -29.134961499999974 ], [ -51.174413299999969, -29.135024599999952 ], [ -51.174734599999965, -29.135027699999966 ], [ -51.175824099999943, -29.13503819999994 ], [ -51.176105, -29.135038499999951 ], [ -51.177408299999968, -29.135077699999954 ], [ -51.17789659999994, -29.13509769999996 ], [ -51.179049199999952, -29.135120399999948 ], [ -51.179064699999969, -29.135508 ], [ -51.180070699999931, -29.135529799999972 ], [ -51.180586299999959, -29.135534699999937 ], [ -51.180883199999982, -29.135921 ], [ -51.181208499999968, -29.135936699999945 ], [ -51.18288, -29.136014 ], [ -51.183397499999955, -29.136042699999962 ], [ -51.183780699999943, -29.136036499999932 ], [ -51.184124199999985, -29.135332399999982 ], [ -51.184327099999962, -29.135120799999982 ], [ -51.184703099999979, -29.134660399999973 ], [ -51.184982, -29.134273099999973 ], [ -51.185335899999984, -29.133911699999942 ], [ -51.18561909999994, -29.133371799999964 ], [ -51.18552619999997, -29.133141899999941 ], [ -51.18591669999995, -29.13241869999996 ], [ -51.186238, -29.131741299999931 ], [ -51.18632759999997, -29.131567 ], [ -51.186367699999948, -29.131154599999945 ], [ -51.186165499999959, -29.130625399999929 ], [ -51.185930599999949, -29.130278499999974 ], [ -51.186103599999967, -29.130095899999958 ], [ -51.185312099999976, -29.129484 ], [ -51.184628699999962, -29.129032 ], [ -51.183320699999967, -29.128417199999944 ], [ -51.181023599999946, -29.127423499999963 ], [ -51.179876899999954, -29.126841499999955 ], [ -51.178537499999948, -29.126236899999981 ], [ -51.177305799999942, -29.125572 ], [ -51.176454799999931, -29.125195599999984 ], [ -51.174722499999973, -29.124446699999964 ], [ -51.171298399999955, -29.123064699999929 ], [ -51.171243799999957, -29.123297 ], [ -51.171972699999969, -29.123849599999971 ], [ -51.172317899999939, -29.12415139999996 ], [ -51.172632499999963, -29.124426399999948 ], [ -51.172713299999941, -29.124492699999962 ] ] ] } },
{ "type": "Feature", "properties": { "codigobairro": 58, "nome": "Brandalise" }, "geometry": { "type": "Polygon", "coordinates": [ [ [ -51.186552899999981, -29.098663599999952 ], [ -51.186403299999938, -29.098613 ], [ -51.186252, -29.098458599999958 ], [ -51.186126399999978, -29.098222599999929 ], [ -51.186062199999981, -29.097992499999975 ], [ -51.185995399999968, -29.097869499999945 ], [ -51.185973499999932, -29.097821 ], [ -51.185802199999955, -29.097796 ], [ -51.18399549999998, -29.097748399999944 ], [ -51.182540299999971, -29.097700799999984 ], [ -51.17358269999994, -29.097528499999953 ], [ -51.17358, -29.097630699999968 ], [ -51.173569199999974, -29.097895799999947 ], [ -51.17425419999995, -29.097917499999937 ], [ -51.185692, -29.098138399999982 ], [ -51.185751099999948, -29.098161199999936 ], [ -51.185772499999985, -29.098224899999934 ], [ -51.185844199999963, -29.098393899999962 ], [ -51.185943, -29.098606699999948 ], [ -51.186127899999974, -29.098783099999935 ], [ -51.186323699999946, -29.098904499999946 ], [ -51.186634899999945, -29.099005299999931 ], [ -51.186659799999973, -29.09909719999996 ], [ -51.186683699999946, -29.099185599999942 ], [ -51.18675989999997, -29.099454399999956 ], [ -51.186854299999936, -29.099672299999952 ], [ -51.187007899999969, -29.099909699999955 ], [ -51.187155599999983, -29.100096199999939 ], [ -51.187486599999943, -29.100635499999953 ], [ -51.187656199999935, -29.100942 ], [ -51.18789739999994, -29.101481399999955 ], [ -51.187964799999975, -29.101719899999978 ], [ -51.188088499999935, -29.10222529999993 ], [ -51.188133799999946, -29.102510499999937 ], [ -51.188319799999931, -29.103635599999961 ], [ -51.188386399999956, -29.104219499999942 ], [ -51.188490199999933, -29.104985499999941 ], [ -51.18864039999994, -29.105903199999943 ], [ -51.188745099999949, -29.10633219999994 ], [ -51.188856499999986, -29.106652699999984 ], [ -51.188986599999964, -29.106843899999944 ], [ -51.189216, -29.107122199999935 ], [ -51.189455799999962, -29.107384299999978 ], [ -51.189851499999975, -29.107770599999981 ], [ -51.190472199999931, -29.108327699999961 ], [ -51.190804799999967, -29.108634799999948 ], [ -51.202482599999939, -29.108727599999952 ], [ -51.202498899999966, -29.104595 ], [ -51.202610499999935, -29.091281599999945 ], [ -51.19453249999998, -29.091215099999943 ], [ -51.19138339999995, -29.091199699999947 ], [ -51.188452, -29.091136199999937 ], [ -51.186411099999987, -29.091099 ], [ -51.185254499999985, -29.091317199999935 ], [ -51.184243099999946, -29.091529 ], [ -51.183819, -29.091676599999971 ], [ -51.183671899999979, -29.091772499999934 ], [ -51.183578399999931, -29.091876299999967 ], [ -51.183524099999943, -29.091995599999962 ], [ -51.183499099999949, -29.092128 ], [ -51.18347579999994, -29.092556499999944 ], [ -51.183479599999941, -29.09271739999997 ], [ -51.183508499999959, -29.092819299999974 ], [ -51.183601199999941, -29.092969399999959 ], [ -51.183709299999975, -29.093081599999948 ], [ -51.183844699999952, -29.093173499999978 ], [ -51.184672199999966, -29.093523599999969 ], [ -51.184916099999953, -29.093686 ], [ -51.185058199999958, -29.093831299999977 ], [ -51.185188799999935, -29.094095799999934 ], [ -51.185300299999938, -29.094388599999945 ], [ -51.185363399999972, -29.094746199999975 ], [ -51.185640499999977, -29.095707499999946 ], [ -51.18585859999996, -29.096238799999981 ], [ -51.18605169999995, -29.096971199999928 ], [ -51.186209599999984, -29.097497799999928 ], [ -51.186331299999949, -29.097887199999946 ], [ -51.186485199999936, -29.098332699999958 ], [ -51.186552899999981, -29.098663599999952 ] ] ] } },
{ "type": "Feature", "properties": { "codigobairro": 13, "nome": "Pio X" }, "geometry": { "type": "Polygon", "coordinates": [ [ [ -51.181580599999961, -29.161530099999936 ], [ -51.181522499999971, -29.161842 ], [ -51.181418699999938, -29.162446899999964 ], [ -51.181453599999941, -29.163160399999981 ], [ -51.181520499999976, -29.163915599999939 ], [ -51.184275499999956, -29.163946099999976 ], [ -51.185615299999938, -29.163987799999973 ], [ -51.186743699999965, -29.163973599999963 ], [ -51.186941299999944, -29.163976299999945 ], [ -51.188656499999979, -29.164017899999976 ], [ -51.188637599999936, -29.163727 ], [ -51.188680399999953, -29.163196199999959 ], [ -51.188882399999954, -29.162864299999967 ], [ -51.189064499999972, -29.162677599999938 ], [ -51.189297899999985, -29.162512799999945 ], [ -51.190461499999969, -29.16183209999997 ], [ -51.191384099999937, -29.161265199999946 ], [ -51.191757299999949, -29.161066399999982 ], [ -51.19211869999998, -29.160908 ], [ -51.193311299999948, -29.160561399999949 ], [ -51.193950799999982, -29.160177499999975 ], [ -51.194083599999942, -29.160107699999969 ], [ -51.194270499999959, -29.159977799999979 ], [ -51.19485659999998, -29.159597199999951 ], [ -51.195398399999931, -29.159245 ], [ -51.195930899999951, -29.158966699999951 ], [ -51.195442699999944, -29.158425199999954 ], [ -51.194903799999963, -29.157889499999953 ], [ -51.19458069999996, -29.157539699999973 ], [ -51.194193799999937, -29.157173499999942 ], [ -51.193441, -29.156364599999961 ], [ -51.19306279999995, -29.155849099999955 ], [ -51.193039699999986, -29.155660299999965 ], [ -51.193013399999984, -29.155428299999983 ], [ -51.193045299999937, -29.153828799999928 ], [ -51.19203349999998, -29.153779399999962 ], [ -51.190843499999971, -29.153738699999963 ], [ -51.189403, -29.153691299999934 ], [ -51.187705799999947, -29.153648299999929 ], [ -51.186560199999974, -29.15358139999995 ], [ -51.185963799999968, -29.153288099999941 ], [ -51.185938799999974, -29.154011 ], [ -51.185959499999967, -29.154602899999929 ], [ -51.185954199999969, -29.155187399999932 ], [ -51.182621599999948, -29.155043899999953 ], [ -51.18261739999997, -29.155078699999933 ], [ -51.182570699999985, -29.155460399999981 ], [ -51.18249869999994, -29.15619049999998 ], [ -51.182423899999947, -29.156956799999932 ], [ -51.182365699999934, -29.157807799999944 ], [ -51.182324599999959, -29.157989699999973 ], [ -51.182250399999987, -29.158293299999968 ], [ -51.182209199999932, -29.158583199999953 ], [ -51.182142099999965, -29.158863899999972 ], [ -51.181975299999976, -29.159496899999965 ], [ -51.181854, -29.160046499999964 ], [ -51.181738699999983, -29.160661499999946 ], [ -51.181735699999933, -29.16067819999995 ], [ -51.181580599999961, -29.161530099999936 ] ] ] } },
{ "type": "Feature", "properties": { "codigobairro": 60, "nome": "Linha 40" }, "geometry": { "type": "Polygon", "coordinates": [ [ [ -51.201786299999981, -29.118627799999956 ], [ -51.201481299999955, -29.118716399999983 ], [ -51.201259399999969, -29.118801299999973 ], [ -51.201010399999973, -29.11891339999994 ], [ -51.200716799999952, -29.119032 ], [ -51.200556, -29.119065599999942 ], [ -51.200349399999936, -29.119092299999977 ], [ -51.199767599999973, -29.119027599999981 ], [ -51.198937099999966, -29.118942 ], [ -51.198474399999952, -29.118970399999967 ], [ -51.198256799999967, -29.119016199999976 ], [ -51.197887899999955, -29.119140199999947 ], [ -51.197672799999964, -29.119212499999946 ], [ -51.197413, -29.119279699999936 ], [ -51.196727, -29.119342599999982 ], [ -51.195595499999968, -29.119443199999978 ], [ -51.195285199999944, -29.119479499999954 ], [ -51.195173899999986, -29.11950539999998 ], [ -51.194980299999941, -29.119577699999979 ], [ -51.194681099999968, -29.119712799999945 ], [ -51.194505399999969, -29.119853399999954 ], [ -51.194286699999964, -29.120097199999975 ], [ -51.194073699999933, -29.120358899999928 ], [ -51.193898299999944, -29.120379 ], [ -51.19375969999993, -29.120768799999951 ], [ -51.193408599999941, -29.121469499999932 ], [ -51.193267, -29.12181309999994 ], [ -51.193185399999948, -29.122081599999945 ], [ -51.193138599999941, -29.122331599999939 ], [ -51.193135199999972, -29.122419899999954 ], [ -51.193127299999958, -29.122549599999957 ], [ -51.193127, -29.122869899999955 ], [ -51.193167799999969, -29.12325629999998 ], [ -51.19317719999998, -29.123469799999953 ], [ -51.201331899999957, -29.12369039999993 ], [ -51.201735199999973, -29.123703899999953 ], [ -51.201883, -29.123758199999941 ], [ -51.202130099999977, -29.123783499999945 ], [ -51.203340499999968, -29.123823499999958 ], [ -51.204550799999936, -29.123894699999937 ], [ -51.207668, -29.123882799999933 ], [ -51.207677699999977, -29.122989599999983 ], [ -51.216585299999963, -29.122980199999972 ], [ -51.21666, -29.122867199999973 ], [ -51.216903199999933, -29.122135199999946 ], [ -51.217004599999939, -29.122014899999954 ], [ -51.217193399999985, -29.121940199999983 ], [ -51.217501299999981, -29.121810599999947 ], [ -51.21766729999996, -29.121715499999937 ], [ -51.217838699999959, -29.12155 ], [ -51.217955699999948, -29.121401799999944 ], [ -51.218118, -29.121203899999955 ], [ -51.218595199999982, -29.120700599999964 ], [ -51.218714099999943, -29.120622 ], [ -51.219401299999959, -29.120375199999955 ], [ -51.219724099999951, -29.120223099999976 ], [ -51.220321899999931, -29.119844699999931 ], [ -51.22055249999994, -29.11966259999997 ], [ -51.22091469999998, -29.119334 ], [ -51.221346899999958, -29.118899099999965 ], [ -51.221683799999937, -29.118552499999964 ], [ -51.222076, -29.118233499999974 ], [ -51.22232, -29.118106399999931 ], [ -51.222755699999936, -29.117961499999979 ], [ -51.222944299999938, -29.117921399999943 ], [ -51.223203199999944, -29.11786479999995 ], [ -51.223333, -29.117777799999942 ], [ -51.223416699999973, -29.117668799999933 ], [ -51.223440499999981, -29.117425 ], [ -51.223491899999942, -29.117155099999934 ], [ -51.223533299999986, -29.117039 ], [ -51.223629599999981, -29.116898499999934 ], [ -51.223785299999975, -29.11672539999995 ], [ -51.223955099999955, -29.116572899999937 ], [ -51.224484399999938, -29.116015299999958 ], [ -51.22523579999995, -29.115407399999981 ], [ -51.226016399999935, -29.115094399999975 ], [ -51.226369399999953, -29.114819499999953 ], [ -51.226566499999933, -29.114696299999935 ], [ -51.22739619999993, -29.114304599999969 ], [ -51.228451299999961, -29.113649599999974 ], [ -51.22865969999998, -29.113480899999956 ], [ -51.228799599999945, -29.113404 ], [ -51.22892539999998, -29.113401799999963 ], [ -51.229778, -29.113697199999933 ], [ -51.230300899999975, -29.113833399999976 ], [ -51.230973099999972, -29.113934 ], [ -51.231288599999971, -29.113934 ], [ -51.231857299999945, -29.113949699999978 ], [ -51.232607599999938, -29.114001899999948 ], [ -51.233150499999965, -29.114148 ], [ -51.23356, -29.114280699999938 ], [ -51.233748099999957, -29.114295 ], [ -51.234070499999973, -29.114296799999977 ], [ -51.234716299999945, -29.11412619999993 ], [ -51.23489, -29.114104399999974 ], [ -51.235117699999932, -29.113962899999933 ], [ -51.235067, -29.113886099999945 ], [ -51.234836799999982, -29.113801699999954 ], [ -51.234630899999956, -29.113534199999947 ], [ -51.234716099999957, -29.113486099999932 ], [ -51.234879599999942, -29.11340679999995 ], [ -51.235196299999984, -29.113591 ], [ -51.235592299999951, -29.113617 ], [ -51.236154599999963, -29.113709399999948 ], [ -51.236689499999954, -29.113593499999979 ], [ -51.237024299999973, -29.113309899999933 ], [ -51.237165799999957, -29.113053199999968 ], [ -51.237171299999943, -29.112787399999945 ], [ -51.237416399999972, -29.112654599999928 ], [ -51.23792229999998, -29.11263219999995 ], [ -51.238619699999958, -29.112845 ], [ -51.239175399999965, -29.11320749999993 ], [ -51.23962309999996, -29.113526699999966 ], [ -51.239911599999971, -29.113321199999973 ], [ -51.23987859999994, -29.113006699999971 ], [ -51.239573499999949, -29.1128 ], [ -51.239378399999964, -29.112391799999955 ], [ -51.239870499999938, -29.109994699999959 ], [ -51.239954099999977, -29.108797 ], [ -51.240021199999944, -29.108005 ], [ -51.240157499999953, -29.10732349999995 ], [ -51.23969429999994, -29.106471499999941 ], [ -51.239081799999951, -29.105803199999968 ], [ -51.238173499999959, -29.10499939999994 ], [ -51.237115399999936, -29.104235299999971 ], [ -51.236005899999952, -29.103012499999977 ], [ -51.235636599999964, -29.102775699999938 ], [ -51.235650699999951, -29.10240779999998 ], [ -51.235786299999972, -29.10233089999997 ], [ -51.236351799999966, -29.102346599999976 ], [ -51.236385399999961, -29.102158699999961 ], [ -51.236295799999937, -29.101394099999936 ], [ -51.236050299999931, -29.10074469999995 ], [ -51.235754, -29.100288899999953 ], [ -51.235426599999982, -29.100181599999928 ], [ -51.235351299999934, -29.099847699999941 ], [ -51.235113499999954, -29.099874399999976 ], [ -51.234770499999968, -29.099487599999975 ], [ -51.23465589999995, -29.099045499999932 ], [ -51.235019899999941, -29.098744199999942 ], [ -51.235061099999939, -29.098239799999931 ], [ -51.235151899999948, -29.097812499999975 ], [ -51.234894499999939, -29.097346899999934 ], [ -51.234723699999961, -29.097036099999968 ], [ -51.234827899999971, -29.096795099999952 ], [ -51.235352399999954, -29.096596 ], [ -51.235798299999942, -29.096531699999957 ], [ -51.236097, -29.096374 ], [ -51.236216599999977, -29.095833099999936 ], [ -51.236458099999936, -29.095539799999983 ], [ -51.236239599999976, -29.095238499999937 ], [ -51.235469599999931, -29.08802929999996 ], [ -51.218124399999965, -29.08768729999997 ], [ -51.218129799999986, -29.087354399999981 ], [ -51.210320599999932, -29.087136399999963 ], [ -51.202751199999966, -29.086921399999937 ], [ -51.202610499999935, -29.091281599999945 ], [ -51.202498899999966, -29.104595 ], [ -51.202482599999939, -29.108727599999952 ], [ -51.201141899999982, -29.115606599999978 ], [ -51.201184799999965, -29.116156599999954 ], [ -51.201194, -29.116365299999984 ], [ -51.201200099999937, -29.116419299999961 ], [ -51.201219599999945, -29.116551899999934 ], [ -51.201215499999932, -29.116694699999982 ], [ -51.201153399999953, -29.116993699999966 ], [ -51.201131099999941, -29.117097599999965 ], [ -51.20110619999997, -29.117430199999944 ], [ -51.201128, -29.11758459999993 ], [ -51.201164199999937, -29.117619099999956 ], [ -51.2012, -29.117653899999937 ], [ -51.201306799999941, -29.117664299999944 ], [ -51.201620799999944, -29.117663599999958 ], [ -51.201805699999966, -29.117667499999982 ], [ -51.201787799999977, -29.118515199999933 ], [ -51.201786299999981, -29.118627799999956 ] ] ] } },
{ "type": "Feature", "properties": { "codigobairro": 46, "nome": "Cidade Nova" }, "geometry": { "type": "Polygon", "coordinates": [ [ [ -51.230008099999964, -29.15979429999993 ], [ -51.230019199999958, -29.159360099999958 ], [ -51.229832099999953, -29.159256299999981 ], [ -51.22962339999998, -29.159207099999946 ], [ -51.229094399999951, -29.159174599999972 ], [ -51.228849699999955, -29.159209799999928 ], [ -51.228732599999944, -29.15928729999996 ], [ -51.228208099999961, -29.159477199999969 ], [ -51.227963699999975, -29.159751799999981 ], [ -51.227370699999938, -29.160136499999965 ], [ -51.227065699999969, -29.160303099999965 ], [ -51.226966599999969, -29.160333899999955 ], [ -51.226412399999958, -29.160470399999951 ], [ -51.226406499999939, -29.160599599999955 ], [ -51.226396199999954, -29.160796399999981 ], [ -51.226377099999979, -29.161765 ], [ -51.225881799999968, -29.161754599999938 ], [ -51.224917599999969, -29.162766 ], [ -51.224900699999978, -29.162765399999955 ], [ -51.223972699999933, -29.162732499999947 ], [ -51.223850899999945, -29.162715499999933 ], [ -51.223709799999938, -29.16274459999994 ], [ -51.223607699999945, -29.16273659999996 ], [ -51.223305499999981, -29.162719599999946 ], [ -51.222717699999976, -29.16273469999993 ], [ -51.222642499999949, -29.162759699999981 ], [ -51.222269, -29.162777099999971 ], [ -51.221947099999966, -29.162779499999942 ], [ -51.221825599999931, -29.162774799999966 ], [ -51.22167989999997, -29.162760399999968 ], [ -51.221567899999968, -29.162733799999955 ], [ -51.221524699999975, -29.162736799999948 ], [ -51.221457, -29.162724599999933 ], [ -51.22138259999997, -29.16269269999998 ], [ -51.221349799999984, -29.162653099999943 ], [ -51.221329599999933, -29.162605499999984 ], [ -51.221279899999956, -29.16259 ], [ -51.22095969999998, -29.162592099999983 ], [ -51.220724299999972, -29.162588299999982 ], [ -51.220501199999944, -29.162583899999959 ], [ -51.220259599999963, -29.162573399999928 ], [ -51.220129, -29.162548699999945 ], [ -51.220093499999962, -29.16252 ], [ -51.220056099999965, -29.162480899999935 ], [ -51.219950499999982, -29.16302079999997 ], [ -51.219692699999939, -29.164707499999963 ], [ -51.220497599999931, -29.16724279999994 ], [ -51.220522399999936, -29.169216099999971 ], [ -51.220531299999948, -29.169726 ], [ -51.220554299999947, -29.170135199999947 ], [ -51.220543699999951, -29.170893 ], [ -51.220467699999972, -29.17403429999996 ], [ -51.220365, -29.17442989999995 ], [ -51.220506099999966, -29.174354 ], [ -51.221394499999974, -29.174200199999973 ], [ -51.22201339999998, -29.174236299999961 ], [ -51.222864099999981, -29.174382099999946 ], [ -51.223826799999983, -29.174688799999956 ], [ -51.225276899999983, -29.175142899999969 ], [ -51.227371299999959, -29.175839499999938 ], [ -51.230101799999943, -29.176852499999939 ], [ -51.233126, -29.178118899999959 ], [ -51.233433699999978, -29.178219599999977 ], [ -51.233827899999937, -29.178412099999946 ], [ -51.234925099999941, -29.178897499999948 ], [ -51.235861299999954, -29.179190499999947 ], [ -51.235922099999982, -29.178997699999968 ], [ -51.236083399999984, -29.17896449999995 ], [ -51.236815699999966, -29.179251 ], [ -51.239024399999948, -29.179827399999965 ], [ -51.239437799999962, -29.180077099999949 ], [ -51.242358899999942, -29.183593799999983 ], [ -51.243103699999949, -29.184507199999928 ], [ -51.245483299999933, -29.187425399999938 ], [ -51.246046199999967, -29.187994799999956 ], [ -51.247209399999974, -29.18891 ], [ -51.247264099999938, -29.188909199999955 ], [ -51.247256799999946, -29.188778099999979 ], [ -51.24724219999996, -29.188383 ], [ -51.247219399999949, -29.187515299999973 ], [ -51.247218, -29.187390099999959 ], [ -51.24721859999994, -29.187271499999952 ], [ -51.247259, -29.186882 ], [ -51.247261599999945, -29.18620569999996 ], [ -51.247415699999976, -29.185599099999934 ], [ -51.247477499999945, -29.185444399999938 ], [ -51.247851499999967, -29.184444099999951 ], [ -51.248658099999943, -29.182217 ], [ -51.249382899999944, -29.180349299999932 ], [ -51.249688499999934, -29.179339899999945 ], [ -51.249676699999952, -29.17867769999998 ], [ -51.24965519999995, -29.178000699999984 ], [ -51.249589299999968, -29.17768609999996 ], [ -51.249517499999968, -29.177342599999974 ], [ -51.249355899999955, -29.176836499999979 ], [ -51.249300199999936, -29.176714199999935 ], [ -51.249016099999949, -29.176139699999965 ], [ -51.248639899999944, -29.175602699999956 ], [ -51.248477899999955, -29.175378099999932 ], [ -51.248220299999957, -29.17509 ], [ -51.247997299999952, -29.174867099999972 ], [ -51.247733399999959, -29.17460879999993 ], [ -51.247419599999944, -29.174271699999963 ], [ -51.246882399999947, -29.173616299999935 ], [ -51.246812299999931, -29.173490799999968 ], [ -51.246649899999966, -29.173189799999932 ], [ -51.246583799999939, -29.173018399999933 ], [ -51.246418499999947, -29.172684499999946 ], [ -51.244794899999931, -29.16897309999996 ], [ -51.244087499999978, -29.167356 ], [ -51.243136399999969, -29.165260699999976 ], [ -51.242808899999943, -29.164467799999954 ], [ -51.242562099999986, -29.16384329999994 ], [ -51.242470499999968, -29.163962199999958 ], [ -51.24235989999994, -29.163981399999955 ], [ -51.242115899999931, -29.163962899999945 ], [ -51.241673899999967, -29.163935899999956 ], [ -51.241564299999936, -29.16390169999994 ], [ -51.241390099999933, -29.163755399999957 ], [ -51.241332899999975, -29.163669199999958 ], [ -51.240264299999978, -29.163264099999935 ], [ -51.239125699999931, -29.162977499999954 ], [ -51.238540099999966, -29.162835799999982 ], [ -51.237661199999934, -29.162642199999937 ], [ -51.237610699999948, -29.162743399999954 ], [ -51.237620099999958, -29.162835599999937 ], [ -51.237509399999965, -29.162853 ], [ -51.237159399999939, -29.162890799999957 ], [ -51.236923299999944, -29.16291259999997 ], [ -51.230008099999964, -29.15979429999993 ] ] ] } },
{ "type": "Feature", "properties": { "codigobairro": 16, "nome": "Pioneiro" }, "geometry": { "type": "Polygon", "coordinates": [ [ [ -51.186426199999971, -29.142144199999962 ], [ -51.187011299999938, -29.141707 ], [ -51.187980499999981, -29.141675699999951 ], [ -51.188829199999986, -29.14158139999995 ], [ -51.189152599999943, -29.141592 ], [ -51.190639199999964, -29.141611499999954 ], [ -51.191371899999979, -29.141660899999977 ], [ -51.192297399999973, -29.14167539999994 ], [ -51.192355899999939, -29.141676299999972 ], [ -51.192821, -29.141735199999971 ], [ -51.193501199999957, -29.141821399999969 ], [ -51.193549, -29.141827399999954 ], [ -51.194338399999936, -29.141872499999977 ], [ -51.194946399999935, -29.141890099999955 ], [ -51.196834599999931, -29.141917299999932 ], [ -51.198864499999956, -29.141928699999937 ], [ -51.199599699999965, -29.140972599999941 ], [ -51.199783599999932, -29.140820099999928 ], [ -51.199978299999941, -29.14040209999996 ], [ -51.200067299999944, -29.139681899999971 ], [ -51.200362299999938, -29.139319499999942 ], [ -51.200739499999941, -29.138859099999934 ], [ -51.20082629999996, -29.138625599999955 ], [ -51.200847099999976, -29.138254199999949 ], [ -51.200846599999977, -29.138049099999932 ], [ -51.200847499999952, -29.137815099999955 ], [ -51.20086809999998, -29.137471699999935 ], [ -51.200223199999982, -29.137296599999956 ], [ -51.196121199999936, -29.136250399999938 ], [ -51.194878099999983, -29.135839799999928 ], [ -51.193491799999947, -29.135152 ], [ -51.193342099999938, -29.135390299999983 ], [ -51.193361799999934, -29.135949299999936 ], [ -51.193359499999985, -29.136147499999936 ], [ -51.19334669999995, -29.136289599999941 ], [ -51.192132699999945, -29.136274399999934 ], [ -51.191117799999972, -29.13626469999997 ], [ -51.18938129999998, -29.136248499999965 ], [ -51.187922, -29.136239699999976 ], [ -51.18787059999994, -29.136092499999961 ], [ -51.187855899999931, -29.135744899999963 ], [ -51.187497499999949, -29.13573839999998 ], [ -51.186678499999971, -29.135707599999932 ], [ -51.186702199999957, -29.135184399999957 ], [ -51.186719099999948, -29.134625699999958 ], [ -51.186758, -29.133797199999947 ], [ -51.187498, -29.131083499999932 ], [ -51.187213499999984, -29.130835899999965 ], [ -51.186103599999967, -29.130095899999958 ], [ -51.185930599999949, -29.130278499999974 ], [ -51.186165499999959, -29.130625399999929 ], [ -51.186367699999948, -29.131154599999945 ], [ -51.18632759999997, -29.131567 ], [ -51.186238, -29.131741299999931 ], [ -51.18591669999995, -29.13241869999996 ], [ -51.18552619999997, -29.133141899999941 ], [ -51.18561909999994, -29.133371799999964 ], [ -51.185335899999984, -29.133911699999942 ], [ -51.184982, -29.134273099999973 ], [ -51.184703099999979, -29.134660399999973 ], [ -51.184327099999962, -29.135120799999982 ], [ -51.184124199999985, -29.135332399999982 ], [ -51.183780699999943, -29.136036499999932 ], [ -51.183767399999965, -29.136159699999951 ], [ -51.183692599999972, -29.136432799999966 ], [ -51.183678899999961, -29.136594099999968 ], [ -51.183603099999971, -29.138060899999971 ], [ -51.183551099999931, -29.139282399999956 ], [ -51.18353639999998, -29.139404199999944 ], [ -51.183536199999935, -29.139683899999966 ], [ -51.183612699999969, -29.140328899999929 ], [ -51.183656599999949, -29.140488799999957 ], [ -51.183809799999949, -29.141045899999938 ], [ -51.183840399999951, -29.141157299999975 ], [ -51.184193199999982, -29.14210769999994 ], [ -51.184397799999942, -29.142557899999929 ], [ -51.184401799999932, -29.142614499999979 ], [ -51.184602299999938, -29.142649199999937 ], [ -51.185070899999971, -29.143262299999947 ], [ -51.185994099999959, -29.143994299999974 ], [ -51.186387799999977, -29.144029699999976 ], [ -51.186532899999975, -29.142739899999981 ], [ -51.186532899999975, -29.142457199999967 ], [ -51.186508699999933, -29.142266699999936 ], [ -51.186426199999971, -29.142144199999962 ] ] ] } },
{ "type": "Feature", "properties": { "codigobairro": 26, "nome": "Petrópolis" }, "geometry": { "type": "Polygon", "coordinates": [ [ [ -51.148941599999944, -29.168954399999961 ], [ -51.150019499999985, -29.16904 ], [ -51.150021899999956, -29.168947399999979 ], [ -51.15002549999997, -29.168842099999949 ], [ -51.150041299999941, -29.168842899999959 ], [ -51.151525, -29.168918399999939 ], [ -51.151552699999968, -29.168919699999947 ], [ -51.154507899999942, -29.169056399999931 ], [ -51.156967799999961, -29.16906229999995 ], [ -51.157585499999982, -29.169066899999962 ], [ -51.158369, -29.169050499999969 ], [ -51.158472, -29.169053 ], [ -51.158382399999937, -29.168895599999928 ], [ -51.158374799999933, -29.168419099999937 ], [ -51.158404399999938, -29.167916599999955 ], [ -51.158468199999959, -29.165742099999932 ], [ -51.158480299999951, -29.164756699999941 ], [ -51.158489599999939, -29.164259099999981 ], [ -51.158497, -29.163871899999947 ], [ -51.15847, -29.163732899999957 ], [ -51.158287799999982, -29.163361499999951 ], [ -51.15805, -29.163111099999981 ], [ -51.157388899999944, -29.16257539999998 ], [ -51.15720749999997, -29.162434899999937 ], [ -51.156865, -29.162114299999928 ], [ -51.156857099999968, -29.162104399999976 ], [ -51.156802, -29.16190789999996 ], [ -51.156774899999959, -29.161649699999941 ], [ -51.156193, -29.161620899999946 ], [ -51.154648699999939, -29.161648699999944 ], [ -51.153758899999957, -29.161611599999958 ], [ -51.153523899999982, -29.161529299999984 ], [ -51.153477599999974, -29.161513 ], [ -51.153429299999971, -29.161097299999938 ], [ -51.153407899999934, -29.160865099999967 ], [ -51.153424, -29.160629099999937 ], [ -51.153287199999966, -29.160295699999949 ], [ -51.152928899999949, -29.160129099999949 ], [ -51.152316399999961, -29.160147199999983 ], [ -51.151202399999931, -29.160246499999971 ], [ -51.150573299999962, -29.160164699999939 ], [ -51.14964729999997, -29.160021699999959 ], [ -51.149079399999948, -29.159924599999954 ], [ -51.148871699999972, -29.159766399999967 ], [ -51.14852419999994, -29.159609499999931 ], [ -51.148258899999973, -29.159574299999974 ], [ -51.147896599999967, -29.159657599999946 ], [ -51.147736899999984, -29.159856099999956 ], [ -51.147535599999969, -29.160136299999976 ], [ -51.146790799999962, -29.161018299999967 ], [ -51.146666, -29.161348699999962 ], [ -51.146757799999932, -29.161735699999952 ], [ -51.146914399999957, -29.162018399999965 ], [ -51.147195699999941, -29.162541699999963 ], [ -51.148152399999958, -29.163667499999974 ], [ -51.146803799999986, -29.16365559999997 ], [ -51.144553, -29.16371 ], [ -51.143322599999976, -29.16370569999998 ], [ -51.143323099999975, -29.163799299999937 ], [ -51.143330599999956, -29.164722299999937 ], [ -51.143304399999977, -29.165279099999964 ], [ -51.143295299999977, -29.166347299999984 ], [ -51.143291399999953, -29.167432499999961 ], [ -51.143276199999946, -29.167829599999948 ], [ -51.143280299999958, -29.168137399999978 ], [ -51.143262399999969, -29.168386299999952 ], [ -51.14333309999995, -29.168497699999932 ], [ -51.14369789999995, -29.16882 ], [ -51.14400459999996, -29.16892839999997 ], [ -51.145720299999937, -29.169280499999957 ], [ -51.145888499999955, -29.169317 ], [ -51.146426899999938, -29.16932909999997 ], [ -51.147268899999972, -29.169286 ], [ -51.147613, -29.169249699999966 ], [ -51.148218199999974, -29.169242 ], [ -51.148415299999954, -29.169299599999931 ], [ -51.148919599999942, -29.16931139999997 ], [ -51.148941599999944, -29.168954399999961 ] ] ] } },
{ "type": "Feature", "properties": { "codigobairro": 25, "nome": "Cruzeiro" }, "geometry": { "type": "Polygon", "coordinates": [ [ [ -51.136023799999975, -29.172271899999942 ], [ -51.135986, -29.17225069999995 ], [ -51.135590599999944, -29.172707599999967 ], [ -51.134455799999955, -29.173873299999968 ], [ -51.134411299999954, -29.173915499999964 ], [ -51.134356799999978, -29.173964499999954 ], [ -51.134140899999977, -29.174104199999931 ], [ -51.13396309999996, -29.174230399999942 ], [ -51.133468599999958, -29.174581499999931 ], [ -51.132241399999941, -29.175328499999978 ], [ -51.13149089999996, -29.175526499999933 ], [ -51.13106229999994, -29.176033799999971 ], [ -51.13036859999994, -29.176382599999954 ], [ -51.129435199999932, -29.176524099999938 ], [ -51.127571, -29.177581299999929 ], [ -51.127300299999945, -29.177535199999966 ], [ -51.127134699999942, -29.177376 ], [ -51.126922899999954, -29.177257 ], [ -51.126700899999946, -29.177250899999933 ], [ -51.126447499999983, -29.177643699999976 ], [ -51.126396599999964, -29.17782909999994 ], [ -51.125882699999977, -29.17831289999998 ], [ -51.125149699999952, -29.17893829999997 ], [ -51.124893899999961, -29.179133199999967 ], [ -51.124743499999965, -29.179248499999972 ], [ -51.124129599999947, -29.179512599999953 ], [ -51.123695099999964, -29.180043499999954 ], [ -51.123237499999959, -29.180454399999974 ], [ -51.122756099999947, -29.181017 ], [ -51.122375199999965, -29.18145549999997 ], [ -51.122035599999947, -29.181916699999931 ], [ -51.12187119999993, -29.182353 ], [ -51.121796499999959, -29.182655099999977 ], [ -51.121289599999955, -29.184061299999939 ], [ -51.121244799999943, -29.184325399999977 ], [ -51.121192199999939, -29.184512899999959 ], [ -51.121099099999981, -29.184716899999955 ], [ -51.120929399999966, -29.184818599999971 ], [ -51.121569699999952, -29.184830499999975 ], [ -51.12528169999996, -29.184683499999949 ], [ -51.12550989999994, -29.184698699999956 ], [ -51.127271399999984, -29.184853 ], [ -51.127914699999963, -29.184870799999942 ], [ -51.133967899999959, -29.18503439999995 ], [ -51.133972299999982, -29.185034499999972 ], [ -51.135464899999931, -29.185054099999945 ], [ -51.138728199999946, -29.185003399999971 ], [ -51.139539299999967, -29.184990399999947 ], [ -51.139153, -29.184659699999941 ], [ -51.139041, -29.184233399999982 ], [ -51.139145299999939, -29.183766099999957 ], [ -51.139153699999952, -29.182881399999928 ], [ -51.139248299999963, -29.182573899999966 ], [ -51.139962699999955, -29.181951599999934 ], [ -51.140805299999954, -29.18123 ], [ -51.141331699999967, -29.180649799999969 ], [ -51.14150189999998, -29.179749899999933 ], [ -51.141625, -29.179280099999971 ], [ -51.141796799999952, -29.179057 ], [ -51.142249, -29.178751 ], [ -51.143131, -29.178233199999966 ], [ -51.14314429999996, -29.177607499999965 ], [ -51.143241599999953, -29.177496 ], [ -51.143463499999939, -29.177241399999957 ], [ -51.143713699999978, -29.176979299999971 ], [ -51.143859599999985, -29.176726 ], [ -51.144034099999942, -29.176191 ], [ -51.144073899999967, -29.175694499999963 ], [ -51.144165399999963, -29.175501199999928 ], [ -51.144316099999969, -29.175323499999934 ], [ -51.14446369999996, -29.175134 ], [ -51.144711299999983, -29.174889199999939 ], [ -51.145542099999943, -29.174283199999934 ], [ -51.145858199999964, -29.173923499999944 ], [ -51.145885699999951, -29.173892199999955 ], [ -51.146198199999958, -29.173438899999951 ], [ -51.146227899999985, -29.173163199999976 ], [ -51.14622769999994, -29.172132699999963 ], [ -51.147814699999969, -29.172128899999962 ], [ -51.147825299999965, -29.17324 ], [ -51.147864899999945, -29.173240599999929 ], [ -51.150109099999952, -29.173274399999968 ], [ -51.151644199999964, -29.173297599999955 ], [ -51.151622299999985, -29.172152499999982 ], [ -51.151578799999982, -29.17085979999996 ], [ -51.151562099999978, -29.170197499999972 ], [ -51.151539199999945, -29.169496799999934 ], [ -51.151525, -29.168918399999939 ], [ -51.150041299999941, -29.168842899999959 ], [ -51.15002549999997, -29.168842099999949 ], [ -51.150021899999956, -29.168947399999979 ], [ -51.150019499999985, -29.16904 ], [ -51.148941599999944, -29.168954399999961 ], [ -51.148919599999942, -29.16931139999997 ], [ -51.148415299999954, -29.169299599999931 ], [ -51.148218199999974, -29.169242 ], [ -51.147613, -29.169249699999966 ], [ -51.147268899999972, -29.169286 ], [ -51.146426899999938, -29.16932909999997 ], [ -51.145888499999955, -29.169317 ], [ -51.145720299999937, -29.169280499999957 ], [ -51.14400459999996, -29.16892839999997 ], [ -51.14369789999995, -29.16882 ], [ -51.14333309999995, -29.168497699999932 ], [ -51.143262399999969, -29.168386299999952 ], [ -51.143280299999958, -29.168137399999978 ], [ -51.143276199999946, -29.167829599999948 ], [ -51.143291399999953, -29.167432499999961 ], [ -51.143295299999977, -29.166347299999984 ], [ -51.143304399999977, -29.165279099999964 ], [ -51.143330599999956, -29.164722299999937 ], [ -51.143323099999975, -29.163799299999937 ], [ -51.143322599999976, -29.16370569999998 ], [ -51.143339899999944, -29.16018749999995 ], [ -51.141698299999973, -29.160224599999935 ], [ -51.141697499999964, -29.16088179999997 ], [ -51.139805199999955, -29.160886099999971 ], [ -51.139817299999947, -29.160514399999954 ], [ -51.139446599999985, -29.160555299999942 ], [ -51.139087099999983, -29.16054 ], [ -51.13767, -29.16051989999994 ], [ -51.13685049999998, -29.160518099999933 ], [ -51.136203199999954, -29.160485799999947 ], [ -51.134504499999935, -29.160459299999957 ], [ -51.134423599999934, -29.160457899999983 ], [ -51.134461099999953, -29.161235 ], [ -51.134477899999979, -29.16169739999998 ], [ -51.13447309999998, -29.16251909999994 ], [ -51.134372399999961, -29.164634899999953 ], [ -51.13441279999995, -29.164851699999929 ], [ -51.13454379999996, -29.165097099999969 ], [ -51.135143, -29.165667799999937 ], [ -51.136230499999954, -29.166255899999953 ], [ -51.136389, -29.16647039999998 ], [ -51.136276899999984, -29.167084799999941 ], [ -51.136132599999939, -29.169056399999931 ], [ -51.136117799999965, -29.169613099999935 ], [ -51.136023799999975, -29.172271899999942 ] ] ] } },
{ "type": "Feature", "properties": { "codigobairro": 15, "nome": "São José" }, "geometry": { "type": "Polygon", "coordinates": [ [ [ -51.193220799999949, -29.150513699999976 ], [ -51.195087599999965, -29.150588499999969 ], [ -51.197388599999954, -29.150697499999978 ], [ -51.197514099999978, -29.150723699999958 ], [ -51.197095, -29.150197399999968 ], [ -51.196708599999965, -29.149094799999943 ], [ -51.196546499999954, -29.14857319999993 ], [ -51.196391799999958, -29.148150499999929 ], [ -51.19623, -29.147589799999935 ], [ -51.19614729999995, -29.14717 ], [ -51.196213399999976, -29.146709299999941 ], [ -51.196365699999944, -29.146379799999977 ], [ -51.196853299999987, -29.145737299999951 ], [ -51.197170899999946, -29.145310199999983 ], [ -51.197352099999932, -29.145068299999934 ], [ -51.197458499999982, -29.144907699999976 ], [ -51.197563499999944, -29.144497199999932 ], [ -51.197659199999975, -29.143654599999934 ], [ -51.197772599999951, -29.143433099999982 ], [ -51.19789609999998, -29.143186399999934 ], [ -51.198468199999979, -29.14264529999997 ], [ -51.198864499999956, -29.141928699999937 ], [ -51.196834599999931, -29.141917299999932 ], [ -51.194946399999935, -29.141890099999955 ], [ -51.194338399999936, -29.141872499999977 ], [ -51.193549, -29.141827399999954 ], [ -51.193501199999957, -29.141821399999969 ], [ -51.192821, -29.141735199999971 ], [ -51.192355899999939, -29.141676299999972 ], [ -51.192297399999973, -29.14167539999994 ], [ -51.191371899999979, -29.141660899999977 ], [ -51.190639199999964, -29.141611499999954 ], [ -51.189152599999943, -29.141592 ], [ -51.188829199999986, -29.14158139999995 ], [ -51.187980499999981, -29.141675699999951 ], [ -51.187011299999938, -29.141707 ], [ -51.186426199999971, -29.142144199999962 ], [ -51.186508699999933, -29.142266699999936 ], [ -51.186532899999975, -29.142457199999967 ], [ -51.186532899999975, -29.142739899999981 ], [ -51.186387799999977, -29.144029699999976 ], [ -51.186441799999955, -29.144245399999932 ], [ -51.186396399999978, -29.144911799999932 ], [ -51.186380699999972, -29.1453 ], [ -51.186133699999971, -29.145261199999936 ], [ -51.184516899999949, -29.14527529999998 ], [ -51.184414699999934, -29.145271199999968 ], [ -51.183947099999955, -29.145249099999944 ], [ -51.183928, -29.145900299999937 ], [ -51.184035, -29.145958899999982 ], [ -51.184038, -29.146629899999937 ], [ -51.183995, -29.147729499999969 ], [ -51.184080599999959, -29.147817299999929 ], [ -51.184043499999973, -29.148522499999956 ], [ -51.183944299999951, -29.148522799999967 ], [ -51.183915299999967, -29.149506899999949 ], [ -51.183918399999982, -29.149520199999984 ], [ -51.185771899999963, -29.14957579999998 ], [ -51.186134399999958, -29.149648799999966 ], [ -51.186173, -29.149842099999944 ], [ -51.186126599999966, -29.150459299999966 ], [ -51.186093599999936, -29.15097609999998 ], [ -51.186066, -29.151562 ], [ -51.185997, -29.152676699999972 ], [ -51.185963799999968, -29.153288099999941 ], [ -51.186560199999974, -29.15358139999995 ], [ -51.187705799999947, -29.153648299999929 ], [ -51.189403, -29.153691299999934 ], [ -51.190843499999971, -29.153738699999963 ], [ -51.19203349999998, -29.153779399999962 ], [ -51.193045299999937, -29.153828799999928 ], [ -51.193211799999972, -29.150601699999982 ], [ -51.193220799999949, -29.150513699999976 ] ] ] } },
{ "type": "Feature", "properties": { "codigobairro": 55, "nome": "São Luiz" }, "geometry": { "type": "Polygon", "coordinates": [ [ [ -51.112348599999962, -29.165931799999953 ], [ -51.113706699999966, -29.177508299999943 ], [ -51.113860899999963, -29.178820199999961 ], [ -51.114192, -29.178806899999984 ], [ -51.114807599999949, -29.178752599999939 ], [ -51.115174099999933, -29.178691699999945 ], [ -51.11554689999997, -29.178578 ], [ -51.115888699999971, -29.178470499999946 ], [ -51.116206599999941, -29.178312399999982 ], [ -51.116572099999985, -29.178195699999947 ], [ -51.117020299999979, -29.178102599999931 ], [ -51.117403599999932, -29.177988099999936 ], [ -51.117648199999962, -29.17785269999996 ], [ -51.118064, -29.177623899999958 ], [ -51.118393599999933, -29.177412799999956 ], [ -51.119362399999943, -29.177036599999951 ], [ -51.119715399999961, -29.177115899999933 ], [ -51.119992599999932, -29.177256299999954 ], [ -51.120182099999965, -29.177361799999971 ], [ -51.120375399999944, -29.177468799999929 ], [ -51.120768299999952, -29.177611699999943 ], [ -51.121052899999938, -29.177633199999946 ], [ -51.121337599999947, -29.177628499999969 ], [ -51.121552799999961, -29.177683099999967 ], [ -51.122050099999967, -29.178075099999944 ], [ -51.122221199999956, -29.178046499999937 ], [ -51.12245779999995, -29.177934899999968 ], [ -51.122952599999962, -29.177681499999949 ], [ -51.123144199999956, -29.177582299999983 ], [ -51.123325799999975, -29.177530199999978 ], [ -51.12350639999994, -29.177392499999939 ], [ -51.123476099999948, -29.177210399999979 ], [ -51.123487299999965, -29.177095799999961 ], [ -51.12357419999995, -29.177004499999953 ], [ -51.123738699999933, -29.176975099999936 ], [ -51.124026599999979, -29.177001799999971 ], [ -51.124391, -29.17701889999995 ], [ -51.124579, -29.177004599999975 ], [ -51.12479849999994, -29.177076199999931 ], [ -51.124986799999931, -29.177254699999935 ], [ -51.125122399999952, -29.177487 ], [ -51.125136699999985, -29.178011599999934 ], [ -51.125152499999956, -29.178494499999942 ], [ -51.125149699999952, -29.17893829999997 ], [ -51.125882699999977, -29.17831289999998 ], [ -51.126396599999964, -29.17782909999994 ], [ -51.126447499999983, -29.177643699999976 ], [ -51.126700899999946, -29.177250899999933 ], [ -51.126922899999954, -29.177257 ], [ -51.127134699999942, -29.177376 ], [ -51.127300299999945, -29.177535199999966 ], [ -51.127571, -29.177581299999929 ], [ -51.129435199999932, -29.176524099999938 ], [ -51.13036859999994, -29.176382599999954 ], [ -51.13106229999994, -29.176033799999971 ], [ -51.13149089999996, -29.175526499999933 ], [ -51.132241399999941, -29.175328499999978 ], [ -51.133468599999958, -29.174581499999931 ], [ -51.13396309999996, -29.174230399999942 ], [ -51.134140899999977, -29.174104199999931 ], [ -51.134356799999978, -29.173964499999954 ], [ -51.134411299999954, -29.173915499999964 ], [ -51.134455799999955, -29.173873299999968 ], [ -51.135590599999944, -29.172707599999967 ], [ -51.135986, -29.17225069999995 ], [ -51.136023799999975, -29.172271899999942 ], [ -51.136117799999965, -29.169613099999935 ], [ -51.136132599999939, -29.169056399999931 ], [ -51.136276899999984, -29.167084799999941 ], [ -51.136389, -29.16647039999998 ], [ -51.136230499999954, -29.166255899999953 ], [ -51.135143, -29.165667799999937 ], [ -51.13454379999996, -29.165097099999969 ], [ -51.13441279999995, -29.164851699999929 ], [ -51.134372399999961, -29.164634899999953 ], [ -51.13447309999998, -29.16251909999994 ], [ -51.134477899999979, -29.16169739999998 ], [ -51.134461099999953, -29.161235 ], [ -51.134423599999934, -29.160457899999983 ], [ -51.13399469999996, -29.159917299999961 ], [ -51.133329099999969, -29.159532299999967 ], [ -51.13234319999998, -29.159215899999936 ], [ -51.131818499999952, -29.158855099999982 ], [ -51.131566499999963, -29.158529599999952 ], [ -51.131412299999965, -29.158359299999972 ], [ -51.130571499999974, -29.157430499999975 ], [ -51.129871299999934, -29.156770599999959 ], [ -51.129770299999961, -29.156675399999983 ], [ -51.129175199999963, -29.156112899999982 ], [ -51.12920459999998, -29.154773599999942 ], [ -51.129204699999946, -29.154537699999935 ], [ -51.129206499999952, -29.154363799999942 ], [ -51.129137, -29.154032199999961 ], [ -51.128923499999985, -29.153786199999956 ], [ -51.128629299999943, -29.153665899999964 ], [ -51.128265299999953, -29.153654299999971 ], [ -51.127852099999984, -29.153695699999957 ], [ -51.127474599999971, -29.153701599999977 ], [ -51.125720899999976, -29.153398899999956 ], [ -51.124911899999972, -29.153152599999942 ], [ -51.124098299999957, -29.153089799999975 ], [ -51.123447099999964, -29.153013099999953 ], [ -51.12305809999998, -29.152939 ], [ -51.122535599999935, -29.152790699999969 ], [ -51.122105399999953, -29.152653 ], [ -51.121719499999983, -29.152473 ], [ -51.121336499999984, -29.152352099999973 ], [ -51.120750299999941, -29.152363499999979 ], [ -51.120094699999981, -29.152325599999983 ], [ -51.116403399999967, -29.152292699999975 ], [ -51.115487, -29.152311099999963 ], [ -51.114957299999958, -29.15232519999995 ], [ -51.114581, -29.152302199999951 ], [ -51.114391399999931, -29.152230299999928 ], [ -51.113572499999975, -29.151650399999937 ], [ -51.113233499999978, -29.151535099999933 ], [ -51.11284459999996, -29.151570099999958 ], [ -51.111915299999964, -29.151917799999978 ], [ -51.111630599999955, -29.15203189999994 ], [ -51.111286599999971, -29.152193699999941 ], [ -51.110772699999984, -29.152270199999975 ], [ -51.108037899999943, -29.152216799999962 ], [ -51.10805309999995, -29.152716199999929 ], [ -51.108019199999944, -29.153287 ], [ -51.107976, -29.156191899999953 ], [ -51.10790529999997, -29.157383399999958 ], [ -51.10785089999996, -29.157709899999929 ], [ -51.107761399999958, -29.158259099999952 ], [ -51.107791799999973, -29.158587399999931 ], [ -51.107718299999931, -29.159328199999948 ], [ -51.10768939999997, -29.159945599999958 ], [ -51.107628299999931, -29.160087499999975 ], [ -51.107653599999935, -29.160215799999946 ], [ -51.10781, -29.160428 ], [ -51.107975099999976, -29.161181 ], [ -51.10796449999998, -29.16154309999996 ], [ -51.108004, -29.161992199999929 ], [ -51.108002499999941, -29.162229 ], [ -51.107996, -29.162883499999964 ], [ -51.107867499999941, -29.163126899999952 ], [ -51.107747399999937, -29.163250399999981 ], [ -51.107736299999942, -29.163468299999977 ], [ -51.10775, -29.16404069999993 ], [ -51.107776799999954, -29.164306499999952 ], [ -51.107843399999979, -29.164768199999969 ], [ -51.107926199999952, -29.164972899999952 ], [ -51.108117399999969, -29.165103099999953 ], [ -51.10837429999998, -29.165354299999933 ], [ -51.108646799999974, -29.165520099999981 ], [ -51.108704199999977, -29.16574959999997 ], [ -51.108789899999977, -29.165852 ], [ -51.109154699999976, -29.165847199999973 ], [ -51.109539799999936, -29.165784899999949 ], [ -51.109960099999967, -29.165755799999943 ], [ -51.110974099999964, -29.165575699999977 ], [ -51.111147799999969, -29.165620699999977 ], [ -51.111791199999971, -29.165845699999977 ], [ -51.112348599999962, -29.165931799999953 ] ] ] } },
{ "type": "Feature", "properties": { "codigobairro": 69, "nome": "Monte Bérico" }, "geometry": { "type": "Polygon", "coordinates": [ [ [ -51.22109219999993, -29.12896829999994 ], [ -51.220933399999979, -29.129039599999942 ], [ -51.220749199999943, -29.129069499999957 ], [ -51.220574599999964, -29.12912769999997 ], [ -51.220039, -29.129508599999951 ], [ -51.219699099999957, -29.129768199999944 ], [ -51.219396699999947, -29.129934399999968 ], [ -51.21833179999993, -29.13060349999995 ], [ -51.218009099999961, -29.130788799999948 ], [ -51.217718499999933, -29.130926899999963 ], [ -51.217639599999984, -29.13132109999998 ], [ -51.217610799999932, -29.132028899999966 ], [ -51.217588599999942, -29.132783299999971 ], [ -51.217549, -29.133572399999935 ], [ -51.217542899999955, -29.134279299999946 ], [ -51.217541599999947, -29.134971199999939 ], [ -51.217614899999944, -29.135196299999961 ], [ -51.21764589999998, -29.135440499999959 ], [ -51.217636699999957, -29.135753199999954 ], [ -51.217581799999948, -29.136068899999941 ], [ -51.217486299999962, -29.136312399999952 ], [ -51.217504799999972, -29.136534899999958 ], [ -51.217563199999972, -29.137245099999973 ], [ -51.217631399999959, -29.138211499999954 ], [ -51.217683199999954, -29.138331 ], [ -51.218067599999983, -29.13875319999994 ], [ -51.218256799999949, -29.139024 ], [ -51.218325, -29.139108599999929 ], [ -51.221878799999956, -29.139455299999952 ], [ -51.225489599999946, -29.139876699999945 ], [ -51.226042699999937, -29.139994 ], [ -51.226190299999985, -29.140064799999948 ], [ -51.226991, -29.140448299999946 ], [ -51.227702699999952, -29.141071 ], [ -51.228090699999939, -29.141614 ], [ -51.228253099999961, -29.142061399999932 ], [ -51.228374199999962, -29.142737799999963 ], [ -51.22838669999993, -29.14334139999994 ], [ -51.228387199999986, -29.143452399999944 ], [ -51.228349299999934, -29.144926299999952 ], [ -51.228352099999938, -29.145593199999951 ], [ -51.228470299999969, -29.145863299999974 ], [ -51.228998399999966, -29.146743 ], [ -51.229277899999943, -29.14708509999997 ], [ -51.229440499999953, -29.147308599999974 ], [ -51.230206599999974, -29.148153399999956 ], [ -51.23059939999996, -29.148377299999936 ], [ -51.230705599999965, -29.148437799999954 ], [ -51.231012, -29.148612499999956 ], [ -51.231682899999953, -29.148967099999936 ], [ -51.231822799999975, -29.148999099999969 ], [ -51.233059499999968, -29.149227199999928 ], [ -51.23355829999997, -29.149378399999932 ], [ -51.234337299999936, -29.149818799999935 ], [ -51.234810699999969, -29.150155899999959 ], [ -51.235849899999948, -29.150699699999961 ], [ -51.23598549999997, -29.150784499999929 ], [ -51.236164899999949, -29.150847899999974 ], [ -51.237075299999958, -29.150977199999943 ], [ -51.240940799999976, -29.151458199999979 ], [ -51.241074, -29.151237499999979 ], [ -51.241392699999949, -29.150565499999971 ], [ -51.241757, -29.150281599999971 ], [ -51.242165599999964, -29.150201399999958 ], [ -51.243213099999934, -29.150555399999973 ], [ -51.244819899999982, -29.151123199999972 ], [ -51.245293499999946, -29.151287299999979 ], [ -51.246147299999961, -29.151711699999964 ], [ -51.246466099999964, -29.152030599999932 ], [ -51.246640099999979, -29.152405899999962 ], [ -51.247225299999968, -29.152915499999949 ], [ -51.247465599999941, -29.153062899999952 ], [ -51.247900399999935, -29.153416899999968 ], [ -51.248102499999959, -29.15362829999998 ], [ -51.248454099999947, -29.153605099999936 ], [ -51.248822299999972, -29.153673 ], [ -51.248936399999934, -29.153758 ], [ -51.249241099999949, -29.153918699999963 ], [ -51.249655, -29.15391029999995 ], [ -51.249833499999966, -29.153814499999953 ], [ -51.249891499999933, -29.153726899999981 ], [ -51.25052009999996, -29.153215299999943 ], [ -51.251053399999932, -29.152762799999948 ], [ -51.252336499999956, -29.152097399999946 ], [ -51.253588099999945, -29.151257699999974 ], [ -51.254280199999982, -29.150491799999941 ], [ -51.254626, -29.149827699999946 ], [ -51.254644299999939, -29.149426699999935 ], [ -51.254670299999987, -29.148857199999952 ], [ -51.254661699999986, -29.148206 ], [ -51.254865, -29.147839 ], [ -51.255246899999975, -29.147315399999968 ], [ -51.255446099999972, -29.147319799999934 ], [ -51.25642019999998, -29.147257699999955 ], [ -51.256782099999953, -29.147269799999947 ], [ -51.25777439999996, -29.146705099999963 ], [ -51.26033179999996, -29.146311299999979 ], [ -51.260999499999969, -29.146113599999978 ], [ -51.262277399999959, -29.144971699999928 ], [ -51.262521799999945, -29.144438099999945 ], [ -51.262549599999943, -29.14388729999996 ], [ -51.262735199999952, -29.143904799999973 ], [ -51.262893799999972, -29.143899899999951 ], [ -51.263744599999939, -29.143958299999952 ], [ -51.26429319999994, -29.143958 ], [ -51.264913399999955, -29.143885099999977 ], [ -51.265313599999956, -29.143947899999944 ], [ -51.265504899999939, -29.143876099999943 ], [ -51.265609299999937, -29.14359479999996 ], [ -51.265938499999947, -29.143580099999951 ], [ -51.266193399999963, -29.143655199999955 ], [ -51.26699519999994, -29.144117499999936 ], [ -51.26722019999994, -29.14434609999995 ], [ -51.267723199999978, -29.144995299999948 ], [ -51.268043499999976, -29.145032 ], [ -51.268251199999952, -29.145108499999935 ], [ -51.26823939999997, -29.144362299999955 ], [ -51.268066399999952, -29.133749899999941 ], [ -51.268063699999971, -29.133586299999934 ], [ -51.267960899999935, -29.127281699999969 ], [ -51.26795629999998, -29.126998799999967 ], [ -51.267880699999978, -29.122882199999935 ], [ -51.266935199999978, -29.123009799999977 ], [ -51.265765199999976, -29.123346499999968 ], [ -51.265297, -29.12349039999998 ], [ -51.264402099999984, -29.123498499999982 ], [ -51.263854699999968, -29.123170499999958 ], [ -51.263421499999936, -29.122695399999941 ], [ -51.263504499999954, -29.121500699999956 ], [ -51.26399379999998, -29.119617299999959 ], [ -51.263531399999977, -29.119353499999932 ], [ -51.262342199999978, -29.11939579999995 ], [ -51.261480399999982, -29.119598199999928 ], [ -51.260324099999934, -29.120094799999947 ], [ -51.259604199999956, -29.12004 ], [ -51.259184, -29.119840699999941 ], [ -51.258977199999947, -29.119101499999942 ], [ -51.259314699999948, -29.118429699999979 ], [ -51.258684499999958, -29.117971499999953 ], [ -51.256774199999938, -29.117728099999965 ], [ -51.254782699999964, -29.117714399999954 ], [ -51.253431499999976, -29.11794649999996 ], [ -51.251473899999951, -29.117689899999959 ], [ -51.24965549999996, -29.117406699999947 ], [ -51.249307899999963, -29.11744189999996 ], [ -51.248285899999985, -29.116397899999981 ], [ -51.24721889999995, -29.115606399999933 ], [ -51.245967499999949, -29.115362 ], [ -51.244623399999966, -29.115701499999943 ], [ -51.244513199999972, -29.116389699999957 ], [ -51.244868399999973, -29.117267799999979 ], [ -51.244425399999955, -29.117592 ], [ -51.24329309999996, -29.117148899999961 ], [ -51.242115, -29.117190199999982 ], [ -51.241504199999952, -29.117522 ], [ -51.240579799999978, -29.117804799999931 ], [ -51.239753, -29.117934299999945 ], [ -51.239588799999979, -29.117393399999969 ], [ -51.239384199999961, -29.116788699999972 ], [ -51.239545299999975, -29.116434599999934 ], [ -51.239757599999962, -29.115780299999983 ], [ -51.239579, -29.115288199999952 ], [ -51.23909539999994, -29.114733499999943 ], [ -51.238591699999972, -29.114756299999954 ], [ -51.237478599999974, -29.115221499999961 ], [ -51.236840899999947, -29.115218699999957 ], [ -51.236564, -29.115451199999939 ], [ -51.235895299999981, -29.115526399999965 ], [ -51.235885599999961, -29.115210299999944 ], [ -51.235972699999934, -29.114572099999975 ], [ -51.235500799999954, -29.114207099999931 ], [ -51.235117699999932, -29.113962899999933 ], [ -51.23489, -29.114104399999974 ], [ -51.234716299999945, -29.11412619999993 ], [ -51.234070499999973, -29.114296799999977 ], [ -51.233748099999957, -29.114295 ], [ -51.23356, -29.114280699999938 ], [ -51.233150499999965, -29.114148 ], [ -51.232607599999938, -29.114001899999948 ], [ -51.231857299999945, -29.113949699999978 ], [ -51.231288599999971, -29.113934 ], [ -51.230973099999972, -29.113934 ], [ -51.230300899999975, -29.113833399999976 ], [ -51.229778, -29.113697199999933 ], [ -51.22892539999998, -29.113401799999963 ], [ -51.228799599999945, -29.113404 ], [ -51.22865969999998, -29.113480899999956 ], [ -51.228451299999961, -29.113649599999974 ], [ -51.22739619999993, -29.114304599999969 ], [ -51.226566499999933, -29.114696299999935 ], [ -51.226369399999953, -29.114819499999953 ], [ -51.226016399999935, -29.115094399999975 ], [ -51.22523579999995, -29.115407399999981 ], [ -51.224484399999938, -29.116015299999958 ], [ -51.223955099999955, -29.116572899999937 ], [ -51.223785299999975, -29.11672539999995 ], [ -51.223629599999981, -29.116898499999934 ], [ -51.223533299999986, -29.117039 ], [ -51.223491899999942, -29.117155099999934 ], [ -51.223440499999981, -29.117425 ], [ -51.223416699999973, -29.117668799999933 ], [ -51.223333, -29.117777799999942 ], [ -51.223203199999944, -29.11786479999995 ], [ -51.222944299999938, -29.117921399999943 ], [ -51.222755699999936, -29.117961499999979 ], [ -51.22232, -29.118106399999931 ], [ -51.222076, -29.118233499999974 ], [ -51.221683799999937, -29.118552499999964 ], [ -51.221346899999958, -29.118899099999965 ], [ -51.22091469999998, -29.119334 ], [ -51.22055249999994, -29.11966259999997 ], [ -51.220321899999931, -29.119844699999931 ], [ -51.219724099999951, -29.120223099999976 ], [ -51.219401299999959, -29.120375199999955 ], [ -51.218714099999943, -29.120622 ], [ -51.218595199999982, -29.120700599999964 ], [ -51.218118, -29.121203899999955 ], [ -51.217955699999948, -29.121401799999944 ], [ -51.217838699999959, -29.12155 ], [ -51.21766729999996, -29.121715499999937 ], [ -51.217501299999981, -29.121810599999947 ], [ -51.217193399999985, -29.121940199999983 ], [ -51.217004599999939, -29.122014899999954 ], [ -51.216903199999933, -29.122135199999946 ], [ -51.21666, -29.122867199999973 ], [ -51.216585299999963, -29.122980199999972 ], [ -51.216685499999983, -29.123004799999933 ], [ -51.218698699999948, -29.123100399999942 ], [ -51.218808599999932, -29.12312 ], [ -51.218877, -29.123196699999937 ], [ -51.218905499999948, -29.123964199999932 ], [ -51.218884, -29.124043799999981 ], [ -51.218865299999948, -29.124117799999965 ], [ -51.218839, -29.124201699999958 ], [ -51.218782299999987, -29.124316799999974 ], [ -51.218709299999944, -29.124422299999935 ], [ -51.218581299999983, -29.124502699999937 ], [ -51.218516499999964, -29.124541299999976 ], [ -51.21849949999995, -29.124564 ], [ -51.218433299999958, -29.124641 ], [ -51.218326199999979, -29.124710099999959 ], [ -51.218122699999981, -29.124900499999967 ], [ -51.217930099999933, -29.125043299999959 ], [ -51.217875299999946, -29.125098599999944 ], [ -51.217773399999942, -29.12526639999993 ], [ -51.217740599999956, -29.125353299999972 ], [ -51.217729, -29.12546679999997 ], [ -51.217733, -29.125551399999949 ], [ -51.217771699999957, -29.125758499999961 ], [ -51.217736499999944, -29.12614 ], [ -51.217721599999948, -29.126503299999968 ], [ -51.217734, -29.126772699999947 ], [ -51.217741899999965, -29.127094599999964 ], [ -51.217703799999981, -29.127325699999972 ], [ -51.217695299999946, -29.128300399999944 ], [ -51.217669399999977, -29.128419099999974 ], [ -51.217702199999962, -29.128851899999972 ], [ -51.217754699999944, -29.129012099999954 ], [ -51.217979599999978, -29.129181699999947 ], [ -51.218250899999987, -29.12934759999996 ], [ -51.218365299999959, -29.129397 ], [ -51.218569199999934, -29.129429799999969 ], [ -51.218799199999978, -29.129382599999929 ], [ -51.219138599999951, -29.129237599999954 ], [ -51.219239199999947, -29.129206299999964 ], [ -51.219416099999933, -29.129202599999928 ], [ -51.219506699999954, -29.129192599999953 ], [ -51.219579199999941, -29.12916759999996 ], [ -51.219688399999939, -29.129141899999979 ], [ -51.219895399999984, -29.129063499999972 ], [ -51.220089599999937, -29.128973 ], [ -51.220215499999938, -29.128925799999934 ], [ -51.220511399999964, -29.128867099999979 ], [ -51.220679899999936, -29.128851299999951 ], [ -51.220907599999975, -29.128873099999964 ], [ -51.22109219999993, -29.12896829999994 ] ] ] } },
{ "type": "Feature", "properties": { "codigobairro": 4, "nome": "Panazzolo" }, "geometry": { "type": "Polygon", "coordinates": [ [ [ -51.1759, -29.174895099999958 ], [ -51.175141699999983, -29.174850799999945 ], [ -51.174727299999972, -29.174826499999938 ], [ -51.173613499999931, -29.174860299999978 ], [ -51.173096799999939, -29.17480889999996 ], [ -51.170492499999966, -29.174794399999939 ], [ -51.169676299999935, -29.174774099999979 ], [ -51.169664599999976, -29.17559069999993 ], [ -51.169664, -29.175636699999984 ], [ -51.169986199999983, -29.176037399999927 ], [ -51.170054499999935, -29.176171299999965 ], [ -51.170062899999948, -29.176295099999948 ], [ -51.170501199999933, -29.176375399999984 ], [ -51.17028259999995, -29.176693899999975 ], [ -51.170466099999942, -29.177107199999966 ], [ -51.17069829999997, -29.177065599999935 ], [ -51.17084959999994, -29.177068499999962 ], [ -51.171151899999984, -29.177151 ], [ -51.17121469999995, -29.177206699999942 ], [ -51.171433899999954, -29.177401299999929 ], [ -51.171745899999962, -29.177588499999956 ], [ -51.172139499999957, -29.177685799999949 ], [ -51.172668699999974, -29.177684099999965 ], [ -51.172672199999965, -29.17848239999995 ], [ -51.172659299999964, -29.179706799999963 ], [ -51.172654299999977, -29.180266099999983 ], [ -51.172652299999982, -29.180734399999949 ], [ -51.172656599999982, -29.18258609999998 ], [ -51.17356239999998, -29.182615599999963 ], [ -51.173583399999984, -29.183413299999984 ], [ -51.173591399999964, -29.184136099999932 ], [ -51.173594, -29.185039499999959 ], [ -51.173527099999944, -29.185119199999974 ], [ -51.173556099999985, -29.185159499999941 ], [ -51.173720799999955, -29.185356599999977 ], [ -51.174033699999939, -29.185614399999963 ], [ -51.174130399999967, -29.185659199999975 ], [ -51.174414799999965, -29.18568369999997 ], [ -51.174609299999986, -29.185711399999946 ], [ -51.175438699999972, -29.185727399999962 ], [ -51.176547099999937, -29.185786299999961 ], [ -51.177130099999943, -29.18580129999998 ], [ -51.177583199999958, -29.185859899999969 ], [ -51.17791509999995, -29.18601469999993 ], [ -51.178297, -29.186325799999963 ], [ -51.178704699999969, -29.186649699999975 ], [ -51.179273699999953, -29.187174899999945 ], [ -51.17953179999995, -29.187398 ], [ -51.179559299999937, -29.187490099999934 ], [ -51.179747899999938, -29.188280499999962 ], [ -51.179900199999963, -29.188465599999972 ], [ -51.18014809999994, -29.188572 ], [ -51.180431899999974, -29.188602799999956 ], [ -51.180741899999987, -29.188481699999954 ], [ -51.181031399999938, -29.188298599999939 ], [ -51.181368899999939, -29.188107899999977 ], [ -51.181655699999965, -29.188030399999946 ], [ -51.181959099999972, -29.188067399999966 ], [ -51.182112399999937, -29.188147499999957 ], [ -51.182222099999933, -29.188256899999942 ], [ -51.182368699999984, -29.188414499999965 ], [ -51.182840499999941, -29.187711699999966 ], [ -51.18318979999998, -29.187329699999964 ], [ -51.184723199999951, -29.186445399999968 ], [ -51.183264699999938, -29.186408099999937 ], [ -51.183185499999979, -29.185543799999948 ], [ -51.183386299999938, -29.185145099999943 ], [ -51.182500599999969, -29.185072199999979 ], [ -51.18181629999998, -29.185009899999955 ], [ -51.181833299999937, -29.184425099999942 ], [ -51.182540399999937, -29.184452399999941 ], [ -51.182803299999932, -29.184302199999934 ], [ -51.182846099999949, -29.184144 ], [ -51.182855699999948, -29.183916599999975 ], [ -51.18269, -29.183678399999962 ], [ -51.182311499999969, -29.183482799999979 ], [ -51.18185589999996, -29.183422699999937 ], [ -51.181877399999962, -29.18227539999998 ], [ -51.181845499999952, -29.182271499999956 ], [ -51.180597399999954, -29.182148199999972 ], [ -51.180594399999961, -29.180990399999928 ], [ -51.180594099999951, -29.180951499999935 ], [ -51.180585299999962, -29.179850299999941 ], [ -51.180622899999946, -29.179266899999959 ], [ -51.180618699999968, -29.178938799999969 ], [ -51.180580199999952, -29.178569899999957 ], [ -51.180606799999964, -29.177956 ], [ -51.180638099999953, -29.176863499999968 ], [ -51.180702099999962, -29.176535 ], [ -51.181022, -29.175669099999936 ], [ -51.181167, -29.175468599999931 ], [ -51.181307799999956, -29.175268199999948 ], [ -51.181256599999983, -29.17518709999996 ], [ -51.181205399999953, -29.175080499999979 ], [ -51.181051799999977, -29.174841599999979 ], [ -51.180697599999974, -29.17432539999993 ], [ -51.18063589999997, -29.174903099999938 ], [ -51.180086, -29.174905299999978 ], [ -51.179846399999974, -29.174923299999932 ], [ -51.179461199999935, -29.174948499999971 ], [ -51.178508099999931, -29.174935499999947 ], [ -51.177714299999934, -29.174924699999963 ], [ -51.1759, -29.174895099999958 ] ] ] } },
{ "type": "Feature", "properties": { "codigobairro": 17, "nome": "Universitário" }, "geometry": { "type": "Polygon", "coordinates": [ [ [ -51.176439599999981, -29.153598899999963 ], [ -51.178354099999979, -29.153621599999951 ], [ -51.179335099999946, -29.153620799999942 ], [ -51.180540099999973, -29.15367509999993 ], [ -51.180778699999962, -29.15367729999997 ], [ -51.180871099999933, -29.153678099999979 ], [ -51.181608299999937, -29.153738099999941 ], [ -51.181640099999981, -29.153738699999963 ], [ -51.183119099999942, -29.153764099999933 ], [ -51.183854099999962, -29.153768 ], [ -51.183874699999933, -29.15347689999993 ], [ -51.184587699999952, -29.153510299999937 ], [ -51.184629299999983, -29.15282179999997 ], [ -51.185255599999948, -29.153498 ], [ -51.185311299999967, -29.152684699999952 ], [ -51.185963799999968, -29.153288099999941 ], [ -51.185997, -29.152676699999972 ], [ -51.186066, -29.151562 ], [ -51.186093599999936, -29.15097609999998 ], [ -51.186126599999966, -29.150459299999966 ], [ -51.186173, -29.149842099999944 ], [ -51.186134399999958, -29.149648799999966 ], [ -51.185771899999963, -29.14957579999998 ], [ -51.183918399999982, -29.149520199999984 ], [ -51.183147799999972, -29.149494699999934 ], [ -51.182812499999955, -29.149489399999936 ], [ -51.182242499999973, -29.149455599999953 ], [ -51.179621599999962, -29.149379299999964 ], [ -51.175164199999983, -29.149274299999945 ], [ -51.174643499999945, -29.149366199999974 ], [ -51.172265299999935, -29.150139499999966 ], [ -51.172254199999941, -29.151089299999967 ], [ -51.172239099999956, -29.151465899999948 ], [ -51.172209899999984, -29.151943199999948 ], [ -51.172174, -29.152741399999968 ], [ -51.17215589999995, -29.153143599999964 ], [ -51.173021499999948, -29.153156699999954 ], [ -51.175536299999976, -29.153232799999955 ], [ -51.175534699999957, -29.153503 ], [ -51.175523, -29.153906 ], [ -51.17551659999998, -29.154221299999961 ], [ -51.17554169999994, -29.154221 ], [ -51.176607799999942, -29.154208899999958 ], [ -51.176439599999981, -29.153598899999963 ] ] ] } },
{ "type": "Feature", "properties": { "codigobairro": 12, "nome": "Marechal Floriano" }, "geometry": { "type": "Polygon", "coordinates": [ [ [ -51.193988499999932, -29.165178399999945 ], [ -51.193976099999986, -29.165555799999936 ], [ -51.193964299999948, -29.166074399999957 ], [ -51.193963899999972, -29.166094099999953 ], [ -51.193920799999944, -29.167098599999974 ], [ -51.195695099999966, -29.167100199999936 ], [ -51.195689199999947, -29.168111199999942 ], [ -51.197785599999975, -29.168126899999947 ], [ -51.200327199999947, -29.16820569999993 ], [ -51.200596599999983, -29.166290299999957 ], [ -51.201756599999953, -29.166285499999958 ], [ -51.204121899999961, -29.166344199999969 ], [ -51.204390899999964, -29.166784399999983 ], [ -51.205610299999933, -29.166814599999952 ], [ -51.205621, -29.167298499999958 ], [ -51.206376199999966, -29.167300599999976 ], [ -51.206378499999971, -29.166799099999935 ], [ -51.208699099999933, -29.166781499999956 ], [ -51.208770299999969, -29.166928199999973 ], [ -51.209950699999979, -29.166097 ], [ -51.213872, -29.166218499999957 ], [ -51.215243, -29.166301899999951 ], [ -51.215438199999937, -29.166183899999965 ], [ -51.215570699999944, -29.166394599999933 ], [ -51.215605499999981, -29.166515 ], [ -51.215909399999987, -29.166300299999932 ], [ -51.215948099999935, -29.16628929999996 ], [ -51.215990699999963, -29.166282899999942 ], [ -51.216094399999974, -29.166320499999983 ], [ -51.216221399999938, -29.166359799999952 ], [ -51.216352799999981, -29.166393299999982 ], [ -51.216595499999983, -29.166436699999963 ], [ -51.216787, -29.166457899999955 ], [ -51.216921499999955, -29.16645879999993 ], [ -51.217036699999937, -29.166428599999961 ], [ -51.217141599999934, -29.166374099999928 ], [ -51.217227299999934, -29.166261299999974 ], [ -51.21727919999995, -29.166168199999959 ], [ -51.217302, -29.166029499999979 ], [ -51.21726069999994, -29.165858699999944 ], [ -51.217182, -29.165692799999931 ], [ -51.217105199999935, -29.165603499999975 ], [ -51.21708, -29.165179 ], [ -51.21708, -29.165114299999971 ], [ -51.217077299999971, -29.164904599999943 ], [ -51.217100599999981, -29.16480329999996 ], [ -51.217218, -29.164772399999947 ], [ -51.218351199999972, -29.164736 ], [ -51.218486799999937, -29.164730199999951 ], [ -51.218821799999944, -29.164703299999928 ], [ -51.218954199999985, -29.164704399999948 ], [ -51.219220699999937, -29.164715299999955 ], [ -51.219649299999958, -29.164706799999976 ], [ -51.219692699999939, -29.164707499999963 ], [ -51.219950499999982, -29.16302079999997 ], [ -51.220056099999965, -29.162480899999935 ], [ -51.219952499999977, -29.162425299999938 ], [ -51.219833799999947, -29.162360499999977 ], [ -51.219635699999969, -29.162224699999967 ], [ -51.219434599999943, -29.161557499999958 ], [ -51.219403299999954, -29.16145309999996 ], [ -51.219269099999963, -29.161113199999932 ], [ -51.219152699999938, -29.16081829999996 ], [ -51.219079799999975, -29.16063349999996 ], [ -51.218660099999965, -29.161011099999939 ], [ -51.218485, -29.161194299999977 ], [ -51.218405099999984, -29.161277799999937 ], [ -51.218275699999936, -29.161455399999966 ], [ -51.218159899999932, -29.161693299999968 ], [ -51.218099199999983, -29.16181389999997 ], [ -51.218021699999952, -29.161938499999962 ], [ -51.217919499999937, -29.162056599999971 ], [ -51.217763, -29.162174799999946 ], [ -51.217665, -29.162233 ], [ -51.217475199999967, -29.162329299999953 ], [ -51.217286699999931, -29.162412699999948 ], [ -51.2172, -29.162437899999929 ], [ -51.217052, -29.162472699999967 ], [ -51.216899099999978, -29.162495299999932 ], [ -51.216806499999961, -29.162506399999984 ], [ -51.216688799999986, -29.162507399999981 ], [ -51.216475699999933, -29.162487099999964 ], [ -51.216372199999967, -29.16247629999998 ], [ -51.21581539999994, -29.16229519999996 ], [ -51.215313399999957, -29.162108 ], [ -51.215162, -29.16203779999995 ], [ -51.215073899999936, -29.161982399999943 ], [ -51.214900199999931, -29.16183929999994 ], [ -51.214688299999978, -29.161602099999982 ], [ -51.214414899999952, -29.161336199999937 ], [ -51.214301499999976, -29.161271599999964 ], [ -51.213666599999954, -29.160883699999943 ], [ -51.213478599999974, -29.160779099999957 ], [ -51.213259599999958, -29.160605799999928 ], [ -51.213083499999982, -29.16053549999998 ], [ -51.212322, -29.160004799999967 ], [ -51.211491, -29.159550699999954 ], [ -51.211069099999975, -29.159236199999953 ], [ -51.211008099999958, -29.15883359999998 ], [ -51.211021199999948, -29.158744199999944 ], [ -51.21102819999993, -29.158576599999947 ], [ -51.211007299999949, -29.158392099999958 ], [ -51.210789, -29.158240299999932 ], [ -51.210570699999948, -29.158165 ], [ -51.210171599999967, -29.158135799999968 ], [ -51.20981, -29.158138 ], [ -51.209482899999955, -29.158017399999949 ], [ -51.209187799999938, -29.157579599999963 ], [ -51.209011099999941, -29.157417499999951 ], [ -51.209004299999947, -29.157411299999978 ], [ -51.208695099999943, -29.157321199999956 ], [ -51.208061, -29.157201599999951 ], [ -51.207606699999985, -29.157127699999933 ], [ -51.207281199999954, -29.157129599999962 ], [ -51.206380399999944, -29.157426799999939 ], [ -51.205911199999946, -29.157552099999975 ], [ -51.20533729999994, -29.157712299999957 ], [ -51.204905099999962, -29.157808599999953 ], [ -51.204336299999966, -29.15786769999994 ], [ -51.204079199999967, -29.157712 ], [ -51.204021299999965, -29.157610699999964 ], [ -51.203951199999949, -29.157118699999955 ], [ -51.203806099999952, -29.156971399999975 ], [ -51.203801199999987, -29.156875099999979 ], [ -51.203803199999982, -29.156749 ], [ -51.203169199999934, -29.156894199999954 ], [ -51.202619899999945, -29.157061799999951 ], [ -51.202192699999955, -29.157129899999973 ], [ -51.201907, -29.157183799999927 ], [ -51.201546499999949, -29.157210899999939 ], [ -51.200738899999976, -29.157316599999945 ], [ -51.200406199999975, -29.15736389999995 ], [ -51.200055599999985, -29.15744669999998 ], [ -51.200004099999944, -29.158889399999964 ], [ -51.199979599999949, -29.159593899999948 ], [ -51.199950199999932, -29.160145099999966 ], [ -51.199941099999933, -29.160315799999978 ], [ -51.197834499999942, -29.160234099999968 ], [ -51.195126799999969, -29.160170699999981 ], [ -51.194371099999955, -29.160607499999969 ], [ -51.194113499999958, -29.160330399999964 ], [ -51.193950799999982, -29.160177499999975 ], [ -51.193311299999948, -29.160561399999949 ], [ -51.19211869999998, -29.160908 ], [ -51.191757299999949, -29.161066399999982 ], [ -51.191384099999937, -29.161265199999946 ], [ -51.190461499999969, -29.16183209999997 ], [ -51.189297899999985, -29.162512799999945 ], [ -51.189064499999972, -29.162677599999938 ], [ -51.188882399999954, -29.162864299999967 ], [ -51.188680399999953, -29.163196199999959 ], [ -51.188637599999936, -29.163727 ], [ -51.188656499999979, -29.164017899999976 ], [ -51.191343699999948, -29.164064399999972 ], [ -51.191391599999974, -29.164065199999982 ], [ -51.191769399999941, -29.164281 ], [ -51.192140399999971, -29.16447009999996 ], [ -51.192638199999976, -29.164645 ], [ -51.192816, -29.164798499999961 ], [ -51.192806399999938, -29.165085899999951 ], [ -51.19292269999994, -29.165183 ], [ -51.193988499999932, -29.165178399999945 ] ] ] } },
{ "type": "Feature", "properties": { "codigobairro": 22, "nome": "Nossa Senhora de Lourdes" }, "geometry": { "type": "Polygon", "coordinates": [ [ [ -51.16059219999994, -29.172498299999972 ], [ -51.160830399999952, -29.172505499999943 ], [ -51.161623599999984, -29.17253379999994 ], [ -51.161943699999938, -29.172541399999943 ], [ -51.16216559999998, -29.172523799999965 ], [ -51.162206099999935, -29.171660599999939 ], [ -51.163415199999974, -29.171683299999984 ], [ -51.164686499999959, -29.171721299999945 ], [ -51.166476299999943, -29.171731099999931 ], [ -51.166955199999961, -29.171735 ], [ -51.16749249999998, -29.171772199999964 ], [ -51.167524199999946, -29.170751899999971 ], [ -51.167545699999948, -29.169625499999938 ], [ -51.167577299999948, -29.168626099999983 ], [ -51.167577899999969, -29.168604899999934 ], [ -51.167592399999933, -29.168095299999948 ], [ -51.167607399999952, -29.167619099999968 ], [ -51.167629099999942, -29.166624599999977 ], [ -51.167694, -29.164641399999937 ], [ -51.167731599999968, -29.16364729999998 ], [ -51.167127199999982, -29.163648599999931 ], [ -51.166353399999934, -29.163631499999951 ], [ -51.164935199999945, -29.163610299999959 ], [ -51.162448099999949, -29.163558699999953 ], [ -51.162444099999959, -29.162662499999954 ], [ -51.162212699999941, -29.16245159999994 ], [ -51.161666399999945, -29.161734499999966 ], [ -51.161333099999979, -29.161535799999967 ], [ -51.160483699999986, -29.16113189999993 ], [ -51.160153499999979, -29.161000499999943 ], [ -51.159778499999959, -29.160881899999936 ], [ -51.158930899999973, -29.160849699999972 ], [ -51.158143399999972, -29.160805499999981 ], [ -51.15750989999998, -29.160869199999979 ], [ -51.157306099999971, -29.160929499999952 ], [ -51.157163899999944, -29.161020399999984 ], [ -51.157044099999951, -29.161152799999968 ], [ -51.156791099999964, -29.161479 ], [ -51.156774899999959, -29.161649699999941 ], [ -51.156802, -29.16190789999996 ], [ -51.156857099999968, -29.162104399999976 ], [ -51.156865, -29.162114299999928 ], [ -51.15720749999997, -29.162434899999937 ], [ -51.157388899999944, -29.16257539999998 ], [ -51.15805, -29.163111099999981 ], [ -51.158287799999982, -29.163361499999951 ], [ -51.15847, -29.163732899999957 ], [ -51.158497, -29.163871899999947 ], [ -51.158489599999939, -29.164259099999981 ], [ -51.158480299999951, -29.164756699999941 ], [ -51.158468199999959, -29.165742099999932 ], [ -51.158404399999938, -29.167916599999955 ], [ -51.158374799999933, -29.168419099999937 ], [ -51.158382399999937, -29.168895599999928 ], [ -51.158472, -29.169053 ], [ -51.158369, -29.169050499999969 ], [ -51.157585499999982, -29.169066899999962 ], [ -51.156967799999961, -29.16906229999995 ], [ -51.154507899999942, -29.169056399999931 ], [ -51.151552699999968, -29.168919699999947 ], [ -51.151525, -29.168918399999939 ], [ -51.151539199999945, -29.169496799999934 ], [ -51.151562099999978, -29.170197499999972 ], [ -51.151578799999982, -29.17085979999996 ], [ -51.151622299999985, -29.172152499999982 ], [ -51.153292099999931, -29.17221109999997 ], [ -51.154444, -29.17224189999996 ], [ -51.155067499999973, -29.173415499999976 ], [ -51.15823249999994, -29.17348949999996 ], [ -51.159739599999966, -29.173500599999954 ], [ -51.15974639999996, -29.173284199999955 ], [ -51.160668799999939, -29.173305099999936 ], [ -51.160872099999949, -29.173299899999961 ], [ -51.16069559999994, -29.172760599999947 ], [ -51.16059219999994, -29.172498299999972 ] ] ] } },
{ "type": "Feature", "properties": { "codigobairro": 49, "nome": "São Ciro" }, "geometry": { "type": "Polygon", "coordinates": [ [ [ -51.143881299999975, -29.137454 ], [ -51.143997799999966, -29.137289 ], [ -51.14407929999993, -29.137178799999958 ], [ -51.144200099999978, -29.137073599999951 ], [ -51.144431399999974, -29.137065 ], [ -51.144640099999947, -29.137066 ], [ -51.14491819999995, -29.137064899999928 ], [ -51.145244099999957, -29.137068499999941 ], [ -51.145954299999971, -29.137076399999955 ], [ -51.147092399999963, -29.137071099999957 ], [ -51.151176899999939, -29.137102599999935 ], [ -51.151191, -29.13546249999996 ], [ -51.151191499999982, -29.135238399999935 ], [ -51.151197199999956, -29.134241499999973 ], [ -51.150305499999945, -29.134230099999968 ], [ -51.148774399999979, -29.134203399999933 ], [ -51.147927599999946, -29.134197 ], [ -51.14715469999993, -29.134188 ], [ -51.146131399999945, -29.134177899999941 ], [ -51.14556319999997, -29.134129199999961 ], [ -51.14547239999996, -29.134130099999936 ], [ -51.145327, -29.134159599999975 ], [ -51.144894099999931, -29.134303299999942 ], [ -51.14436349999994, -29.134504199999981 ], [ -51.143983299999945, -29.134629 ], [ -51.14400459999996, -29.134041699999955 ], [ -51.144028299999945, -29.13353619999998 ], [ -51.144035699999961, -29.133268799999939 ], [ -51.144056299999932, -29.132827499999962 ], [ -51.144088899999986, -29.132023099999969 ], [ -51.144098, -29.131873599999949 ], [ -51.144088199999942, -29.13171049999994 ], [ -51.14405759999994, -29.13137949999998 ], [ -51.144050399999969, -29.131144899999981 ], [ -51.144052399999964, -29.130867099999932 ], [ -51.144064199999946, -29.130567 ], [ -51.144073499999934, -29.130462399999942 ], [ -51.144137599999965, -29.12989 ], [ -51.144128699999953, -29.129526099999964 ], [ -51.144165099999952, -29.127557899999942 ], [ -51.144178199999942, -29.126742699999966 ], [ -51.144197099999985, -29.125921299999959 ], [ -51.144204599999966, -29.125488399999938 ], [ -51.144192299999986, -29.125168499999972 ], [ -51.144187099999954, -29.125013399999943 ], [ -51.144215499999973, -29.124557899999957 ], [ -51.144227499999943, -29.124371899999971 ], [ -51.144236199999966, -29.124207 ], [ -51.144281399999954, -29.12396149999995 ], [ -51.143861, -29.124027199999944 ], [ -51.143154899999956, -29.124178499999971 ], [ -51.142733899999939, -29.124271599999929 ], [ -51.142273599999953, -29.124389299999962 ], [ -51.141728199999932, -29.124569599999973 ], [ -51.140910499999961, -29.124879499999963 ], [ -51.140184699999963, -29.125228599999957 ], [ -51.139839499999937, -29.125398099999984 ], [ -51.139413899999965, -29.125648199999944 ], [ -51.138831799999934, -29.126023699999962 ], [ -51.138594399999931, -29.126179399999955 ], [ -51.138261199999931, -29.126403 ], [ -51.138121199999944, -29.126493399999958 ], [ -51.137627699999939, -29.126805499999932 ], [ -51.13746249999997, -29.126930399999935 ], [ -51.136410199999943, -29.127657499999941 ], [ -51.132827099999986, -29.130075399999953 ], [ -51.129164499999945, -29.13248509999994 ], [ -51.129120899999975, -29.132552 ], [ -51.130845699999952, -29.136204499999963 ], [ -51.131016699999975, -29.136488199999974 ], [ -51.131425199999967, -29.13716009999996 ], [ -51.131540599999937, -29.137310899999932 ], [ -51.131719199999964, -29.137511099999983 ], [ -51.132012299999985, -29.137835099999961 ], [ -51.133059099999969, -29.138978499999951 ], [ -51.134015199999965, -29.140043899999966 ], [ -51.134428, -29.140498799999932 ], [ -51.134644099999946, -29.14074839999995 ], [ -51.135081099999979, -29.141234399999973 ], [ -51.135525299999983, -29.141690399999959 ], [ -51.135882799999933, -29.141988499999968 ], [ -51.136099599999966, -29.142133 ], [ -51.13635869999996, -29.142306899999937 ], [ -51.136696, -29.142536799999959 ], [ -51.13695569999993, -29.142688 ], [ -51.137036299999977, -29.14276289999998 ], [ -51.137620799999979, -29.143437699999936 ], [ -51.137855599999966, -29.14366229999996 ], [ -51.138961599999959, -29.144821099999945 ], [ -51.139725199999987, -29.145623399999977 ], [ -51.140743399999963, -29.146689899999956 ], [ -51.141161199999942, -29.147155899999973 ], [ -51.142495899999972, -29.148545499999955 ], [ -51.143044699999962, -29.14902509999996 ], [ -51.14318, -29.148869199999979 ], [ -51.143348399999979, -29.148682099999974 ], [ -51.143709799999954, -29.148310199999969 ], [ -51.14396469999997, -29.147991799999943 ], [ -51.144057299999986, -29.147638599999937 ], [ -51.143984599999953, -29.147051199999964 ], [ -51.143933499999946, -29.146680899999978 ], [ -51.143871399999966, -29.146435 ], [ -51.143819399999984, -29.146136799999965 ], [ -51.143804299999942, -29.14580449999994 ], [ -51.143765499999972, -29.145020199999976 ], [ -51.143841299999963, -29.144212 ], [ -51.143841, -29.143678899999941 ], [ -51.143847699999981, -29.143212699999935 ], [ -51.14385139999996, -29.142787399999975 ], [ -51.143849499999931, -29.142222799999956 ], [ -51.143857799999978, -29.141382499999963 ], [ -51.143852199999969, -29.141239599999949 ], [ -51.14384629999995, -29.140667299999961 ], [ -51.143851499999982, -29.139756 ], [ -51.14386559999997, -29.138871299999948 ], [ -51.143878899999947, -29.138509699999929 ], [ -51.143899, -29.138065799999936 ], [ -51.143895, -29.137936 ], [ -51.143880599999932, -29.13760149999996 ], [ -51.143880599999932, -29.137523 ], [ -51.143881299999975, -29.137454 ] ] ] } },
{ "type": "Feature", "properties": { "codigobairro": 23, "nome": "Planalto" }, "geometry": { "type": "Polygon", "coordinates": [ [ [ -51.160807199999965, -29.179955299999961 ], [ -51.160831099999939, -29.178948699999978 ], [ -51.16042079999994, -29.178952699999968 ], [ -51.160041699999965, -29.178956099999937 ], [ -51.159683199999961, -29.178957399999945 ], [ -51.158887499999935, -29.17894739999997 ], [ -51.158806299999981, -29.178945599999963 ], [ -51.158772499999941, -29.17814519999996 ], [ -51.157997599999931, -29.178119399999957 ], [ -51.157677899999953, -29.178111099999967 ], [ -51.157452599999942, -29.178114299999947 ], [ -51.157587599999943, -29.178322599999944 ], [ -51.157781899999975, -29.17854879999993 ], [ -51.157879099999946, -29.178633199999979 ], [ -51.15822129999998, -29.178930499999979 ], [ -51.158268599999985, -29.179146599999967 ], [ -51.158133699999951, -29.179646199999979 ], [ -51.157931699999949, -29.179993799999977 ], [ -51.157223199999976, -29.180438599999945 ], [ -51.156819199999973, -29.180731399999956 ], [ -51.156574399999954, -29.181163 ], [ -51.156305199999963, -29.182042699999954 ], [ -51.156327299999987, -29.182075499999939 ], [ -51.156300499999986, -29.182142799999951 ], [ -51.156364899999971, -29.182390399999974 ], [ -51.156383799999958, -29.182513099999937 ], [ -51.156392099999948, -29.182698199999948 ], [ -51.156402, -29.182889199999977 ], [ -51.156461499999978, -29.183055 ], [ -51.156588199999931, -29.183206799999937 ], [ -51.156769, -29.183304 ], [ -51.157043899999962, -29.183458799999983 ], [ -51.157932099999982, -29.184050199999945 ], [ -51.158095699999933, -29.184138399999938 ], [ -51.158254299999953, -29.184259199999929 ], [ -51.158347499999934, -29.18439 ], [ -51.158409699999936, -29.184549599999968 ], [ -51.158480499999939, -29.184676799999977 ], [ -51.158640099999957, -29.184811599999932 ], [ -51.15889459999994, -29.184961199999975 ], [ -51.159048399999961, -29.185040899999933 ], [ -51.159130299999958, -29.185109299999965 ], [ -51.159213099999931, -29.185333399999934 ], [ -51.159240499999953, -29.185514599999976 ], [ -51.159336399999972, -29.185643599999935 ], [ -51.159494399999971, -29.185769499999935 ], [ -51.159695, -29.185806799999966 ], [ -51.159939, -29.185808699999939 ], [ -51.160071099999982, -29.185822299999984 ], [ -51.160183399999937, -29.185833799999955 ], [ -51.160363399999937, -29.185919599999977 ], [ -51.160479599999974, -29.186067299999934 ], [ -51.16072349999996, -29.186399799999947 ], [ -51.161151599999982, -29.187040299999978 ], [ -51.161329, -29.18734319999993 ], [ -51.161553899999944, -29.187688699999967 ], [ -51.161590099999955, -29.187939099999937 ], [ -51.161589599999957, -29.188116499999978 ], [ -51.161589399999968, -29.18914639999997 ], [ -51.16154679999994, -29.19029409999996 ], [ -51.162041399999964, -29.19030749999996 ], [ -51.162934299999961, -29.190321399999959 ], [ -51.16311079999997, -29.190161 ], [ -51.163396299999931, -29.189721 ], [ -51.163636899999972, -29.189302899999973 ], [ -51.163779799999986, -29.18909229999997 ], [ -51.164116099999944, -29.189746699999944 ], [ -51.164500099999941, -29.190599299999974 ], [ -51.16466429999997, -29.190765899999974 ], [ -51.165902, -29.191831499999978 ], [ -51.166167899999948, -29.192205899999976 ], [ -51.166372799999976, -29.192398699999956 ], [ -51.166469399999983, -29.19219929999997 ], [ -51.166706, -29.192076399999962 ], [ -51.166961699999945, -29.192155199999945 ], [ -51.167206299999975, -29.192448699999943 ], [ -51.168061699999953, -29.193536499999936 ], [ -51.168242699999951, -29.193794 ], [ -51.168417199999965, -29.193772599999932 ], [ -51.168611, -29.19374449999998 ], [ -51.168746299999952, -29.193554699999936 ], [ -51.168650099999979, -29.19334189999995 ], [ -51.168335299999967, -29.19297 ], [ -51.168109, -29.192633599999965 ], [ -51.168131399999936, -29.192385399999978 ], [ -51.168303199999968, -29.192273799999953 ], [ -51.16857959999993, -29.192266099999983 ], [ -51.169030899999939, -29.192566 ], [ -51.169125599999973, -29.192675299999962 ], [ -51.169587299999932, -29.193659 ], [ -51.169809099999952, -29.19378839999996 ], [ -51.170010099999956, -29.193800599999975 ], [ -51.17014249999994, -29.193736699999931 ], [ -51.170226299999968, -29.19363629999998 ], [ -51.170147799999938, -29.193439799999965 ], [ -51.16994649999998, -29.192973 ], [ -51.16919379999996, -29.191371799999956 ], [ -51.169470399999966, -29.191274 ], [ -51.169727699999953, -29.191273399999943 ], [ -51.169902699999966, -29.191291499999977 ], [ -51.170224099999984, -29.191277199999945 ], [ -51.171163699999966, -29.190854499999944 ], [ -51.171218499999952, -29.191027899999938 ], [ -51.171511899999985, -29.192005499999937 ], [ -51.171404199999984, -29.192092599999967 ], [ -51.173585799999955, -29.192074 ], [ -51.174509799999953, -29.192066099999977 ], [ -51.176365699999963, -29.192050299999948 ], [ -51.176380799999947, -29.19123339999993 ], [ -51.177644699999973, -29.191220399999963 ], [ -51.178226, -29.191235699999936 ], [ -51.178427799999952, -29.191249399999947 ], [ -51.17867769999998, -29.191266 ], [ -51.178983499999958, -29.19128029999996 ], [ -51.179354799999942, -29.191294199999959 ], [ -51.179774599999973, -29.191224799999929 ], [ -51.179857399999946, -29.191209399999934 ], [ -51.179928, -29.19119539999997 ], [ -51.180344099999957, -29.191101099999969 ], [ -51.180613199999982, -29.191073 ], [ -51.180857499999945, -29.190587199999982 ], [ -51.181279599999982, -29.190115599999956 ], [ -51.181777, -29.189661099999967 ], [ -51.18215, -29.189202499999965 ], [ -51.182352399999957, -29.188991199999975 ], [ -51.182770099999971, -29.188345 ], [ -51.182589599999972, -29.188384599999949 ], [ -51.182368699999984, -29.188414499999965 ], [ -51.182222099999933, -29.188256899999942 ], [ -51.182112399999937, -29.188147499999957 ], [ -51.181959099999972, -29.188067399999966 ], [ -51.181655699999965, -29.188030399999946 ], [ -51.181368899999939, -29.188107899999977 ], [ -51.181031399999938, -29.188298599999939 ], [ -51.180741899999987, -29.188481699999954 ], [ -51.180431899999974, -29.188602799999956 ], [ -51.18014809999994, -29.188572 ], [ -51.179900199999963, -29.188465599999972 ], [ -51.179747899999938, -29.188280499999962 ], [ -51.179559299999937, -29.187490099999934 ], [ -51.17953179999995, -29.187398 ], [ -51.179273699999953, -29.187174899999945 ], [ -51.178704699999969, -29.186649699999975 ], [ -51.178297, -29.186325799999963 ], [ -51.17791509999995, -29.18601469999993 ], [ -51.177583199999958, -29.185859899999969 ], [ -51.177130099999943, -29.18580129999998 ], [ -51.176547099999937, -29.185786299999961 ], [ -51.175438699999972, -29.185727399999962 ], [ -51.174609299999986, -29.185711399999946 ], [ -51.174414799999965, -29.18568369999997 ], [ -51.174130399999967, -29.185659199999975 ], [ -51.174033699999939, -29.185614399999963 ], [ -51.173720799999955, -29.185356599999977 ], [ -51.173556099999985, -29.185159499999941 ], [ -51.173527099999944, -29.185119199999974 ], [ -51.17348039999996, -29.185055 ], [ -51.173271199999931, -29.184778499999936 ], [ -51.172821099999965, -29.184363899999937 ], [ -51.172299199999941, -29.184168499999942 ], [ -51.171557699999937, -29.184175399999958 ], [ -51.170695, -29.184116299999971 ], [ -51.170371799999941, -29.183962199999939 ], [ -51.170193899999958, -29.183830099999966 ], [ -51.169856399999958, -29.183380399999976 ], [ -51.169565799999987, -29.183058599999981 ], [ -51.169200499999931, -29.182914199999971 ], [ -51.168637899999965, -29.182859199999939 ], [ -51.16720719999995, -29.182875 ], [ -51.166850799999963, -29.182838099999969 ], [ -51.16654879999993, -29.18267179999998 ], [ -51.166297, -29.182366 ], [ -51.16623409999994, -29.182257799999945 ], [ -51.166195499999958, -29.181975299999976 ], [ -51.166160199999979, -29.181835 ], [ -51.166092399999968, -29.181496599999946 ], [ -51.165928599999972, -29.181121699999949 ], [ -51.165639599999963, -29.180868499999974 ], [ -51.165220599999941, -29.180772199999979 ], [ -51.164624599999968, -29.180780299999981 ], [ -51.164030399999945, -29.180673099999979 ], [ -51.163871799999981, -29.180576699999961 ], [ -51.163738699999953, -29.180385899999976 ], [ -51.163438499999984, -29.179886099999976 ], [ -51.163185599999963, -29.179856199999961 ], [ -51.161895399999935, -29.179834799999981 ], [ -51.161863699999969, -29.18001709999993 ], [ -51.161847699999953, -29.180016199999955 ], [ -51.160807199999965, -29.179955299999961 ] ] ] } },
{ "type": "Feature", "properties": { "codigobairro": 6, "nome": "Salgado Filho" }, "geometry": { "type": "Polygon", "coordinates": [ [ [ -51.179919199999972, -29.193375099999969 ], [ -51.179769, -29.19357709999997 ], [ -51.179310899999962, -29.19412449999993 ], [ -51.178913799999975, -29.19467579999997 ], [ -51.178612799999939, -29.195079299999975 ], [ -51.17831769999998, -29.195738399999982 ], [ -51.177910099999963, -29.196977499999946 ], [ -51.177536399999951, -29.197932299999934 ], [ -51.17740109999994, -29.198135699999966 ], [ -51.177028099999973, -29.198375 ], [ -51.176540399999965, -29.198569199999952 ], [ -51.176184899999953, -29.19886589999993 ], [ -51.176047599999947, -29.199144799999942 ], [ -51.175992599999972, -29.199634899999978 ], [ -51.176134699999977, -29.200127599999973 ], [ -51.176415399999939, -29.200874499999941 ], [ -51.17647809999994, -29.20102739999993 ], [ -51.17656489999996, -29.201241399999958 ], [ -51.176753699999949, -29.201592799999958 ], [ -51.177516399999945, -29.202480199999968 ], [ -51.177536, -29.20253839999998 ], [ -51.177565, -29.202629499999944 ], [ -51.177575699999977, -29.202957799999979 ], [ -51.17753289999996, -29.203091699999959 ], [ -51.177521699999943, -29.203158099999939 ], [ -51.178352599999982, -29.203153699999973 ], [ -51.180011299999933, -29.203040399999963 ], [ -51.17991509999996, -29.203419599999961 ], [ -51.180394599999943, -29.203868799999952 ], [ -51.180993499999943, -29.204408699999931 ], [ -51.183830299999954, -29.20188909999996 ], [ -51.185064099999977, -29.20081319999997 ], [ -51.185729799999933, -29.200141799999983 ], [ -51.187053099999957, -29.198932199999945 ], [ -51.187539499999957, -29.19904159999993 ], [ -51.188053699999955, -29.199149399999953 ], [ -51.189086599999939, -29.199357299999974 ], [ -51.189779199999975, -29.199486499999978 ], [ -51.189942299999984, -29.199528699999973 ], [ -51.189933199999984, -29.199483 ], [ -51.189910099999963, -29.198771399999941 ], [ -51.189938499999982, -29.198571499999957 ], [ -51.190018299999963, -29.19838569999996 ], [ -51.190008299999931, -29.198077299999966 ], [ -51.189156799999978, -29.197828799999968 ], [ -51.189098199999933, -29.197808599999973 ], [ -51.189252599999975, -29.197653399999979 ], [ -51.189827799999932, -29.197116699999981 ], [ -51.18998019999998, -29.196955199999934 ], [ -51.189974799999959, -29.196771299999966 ], [ -51.190208299999938, -29.196533899999963 ], [ -51.191936699999985, -29.195007499999974 ], [ -51.192051599999957, -29.194935899999962 ], [ -51.19212239999996, -29.194800199999975 ], [ -51.192367, -29.194560099999933 ], [ -51.192624399999943, -29.194436199999984 ], [ -51.192926399999976, -29.194391699999983 ], [ -51.193209699999954, -29.194408099999976 ], [ -51.193235199999947, -29.193452699999966 ], [ -51.193287, -29.193409799999984 ], [ -51.193495899999959, -29.193197399999974 ], [ -51.19426679999998, -29.192449899999929 ], [ -51.194538899999941, -29.192240199999958 ], [ -51.195174699999939, -29.191579899999965 ], [ -51.195775799999979, -29.191058399999974 ], [ -51.196045099999935, -29.190705 ], [ -51.196105, -29.190582 ], [ -51.196119199999941, -29.189900099999932 ], [ -51.19612079999996, -29.189740399999948 ], [ -51.19599919999996, -29.189739299999928 ], [ -51.195813799999939, -29.189808399999947 ], [ -51.19440579999997, -29.18979029999997 ], [ -51.194320399999981, -29.189713099999949 ], [ -51.194317799999965, -29.18962149999993 ], [ -51.194333499999971, -29.189120199999934 ], [ -51.194356599999935, -29.188789 ], [ -51.194563799999969, -29.188178299999947 ], [ -51.193822599999976, -29.187516899999935 ], [ -51.193198699999982, -29.187520599999971 ], [ -51.193181399999958, -29.188158899999962 ], [ -51.191950199999951, -29.188177099999962 ], [ -51.191786099999945, -29.188133199999982 ], [ -51.191650099999947, -29.188094799999931 ], [ -51.191584899999953, -29.188069399999961 ], [ -51.191602499999931, -29.187461199999973 ], [ -51.191214899999977, -29.18744659999993 ], [ -51.190915699999948, -29.18744769999995 ], [ -51.188997, -29.187425699999949 ], [ -51.188557899999978, -29.187437099999954 ], [ -51.188571899999943, -29.187409499999944 ], [ -51.188734699999941, -29.187084599999935 ], [ -51.188746, -29.186912899999982 ], [ -51.188715499999944, -29.186715499999934 ], [ -51.188656199999969, -29.186541499999976 ], [ -51.188465399999984, -29.186297 ], [ -51.188216299999965, -29.186054599999977 ], [ -51.18815909999995, -29.18601149999995 ], [ -51.187930899999969, -29.185903899999971 ], [ -51.187163899999973, -29.185579799999971 ], [ -51.186812799999984, -29.185439199999962 ], [ -51.186480899999935, -29.185328299999981 ], [ -51.186040299999945, -29.185253499999931 ], [ -51.185674699999936, -29.185747899999967 ], [ -51.185173, -29.186167499999954 ], [ -51.184884099999977, -29.186368699999946 ], [ -51.184723199999951, -29.186445399999968 ], [ -51.18318979999998, -29.187329699999964 ], [ -51.182840499999941, -29.187711699999966 ], [ -51.182368699999984, -29.188414499999965 ], [ -51.182589599999972, -29.188384599999949 ], [ -51.182770099999971, -29.188345 ], [ -51.182352399999957, -29.188991199999975 ], [ -51.18215, -29.189202499999965 ], [ -51.181777, -29.189661099999967 ], [ -51.181279599999982, -29.190115599999956 ], [ -51.180857499999945, -29.190587199999982 ], [ -51.180613199999982, -29.191073 ], [ -51.180483399999957, -29.191380899999956 ], [ -51.180158099999971, -29.192152699999951 ], [ -51.180066299999964, -29.192511199999956 ], [ -51.180042799999967, -29.192603 ], [ -51.179919199999972, -29.193375099999969 ] ] ] } },
{ "type": "Feature", "properties": { "codigobairro": 56, "nome": "Santa Fé" }, "geometry": { "type": "Polygon", "coordinates": [ [ [ -51.170995, -29.122939799999983 ], [ -51.171298399999955, -29.123064699999929 ], [ -51.174722499999973, -29.124446699999964 ], [ -51.176454799999931, -29.125195599999984 ], [ -51.177305799999942, -29.125572 ], [ -51.178537499999948, -29.126236899999981 ], [ -51.179876899999954, -29.126841499999955 ], [ -51.181023599999946, -29.127423499999963 ], [ -51.183320699999967, -29.128417199999944 ], [ -51.184628699999962, -29.129032 ], [ -51.185312099999976, -29.129484 ], [ -51.186103599999967, -29.130095899999958 ], [ -51.187213499999984, -29.130835899999965 ], [ -51.187498, -29.131083499999932 ], [ -51.187753399999963, -29.131006199999945 ], [ -51.187917199999958, -29.130938 ], [ -51.188366899999949, -29.130769799999939 ], [ -51.188848299999961, -29.130601499999955 ], [ -51.189237399999968, -29.13048079999993 ], [ -51.189675199999954, -29.130327699999953 ], [ -51.190186299999937, -29.130111099999965 ], [ -51.190349199999957, -29.130012 ], [ -51.190555499999959, -29.129889499999933 ], [ -51.190772399999958, -29.129771199999936 ], [ -51.191472499999975, -29.129050699999937 ], [ -51.191726099999983, -29.128726399999948 ], [ -51.191899, -29.128420299999959 ], [ -51.192058, -29.128056899999933 ], [ -51.192177899999933, -29.127693299999976 ], [ -51.192282, -29.127154299999972 ], [ -51.192297499999938, -29.127003299999956 ], [ -51.192436799999939, -29.126672199999973 ], [ -51.192506, -29.126274199999955 ], [ -51.192579099999932, -29.126045699999963 ], [ -51.192821599999945, -29.12553349999996 ], [ -51.193150199999934, -29.124615299999959 ], [ -51.193175699999983, -29.124423599999943 ], [ -51.19319349999995, -29.12408789999995 ], [ -51.19317719999998, -29.123469799999953 ], [ -51.193167799999969, -29.12325629999998 ], [ -51.193127, -29.122869899999955 ], [ -51.193127299999958, -29.122549599999957 ], [ -51.193135199999972, -29.122419899999954 ], [ -51.193138599999941, -29.122331599999939 ], [ -51.193185399999948, -29.122081599999945 ], [ -51.193267, -29.12181309999994 ], [ -51.193408599999941, -29.121469499999932 ], [ -51.19375969999993, -29.120768799999951 ], [ -51.193898299999944, -29.120379 ], [ -51.193927799999983, -29.120253799999944 ], [ -51.194066499999963, -29.120028399999967 ], [ -51.194152499999973, -29.119889899999976 ], [ -51.194247599999983, -29.119682499999954 ], [ -51.194322299999953, -29.119398699999977 ], [ -51.194388799999956, -29.119153599999947 ], [ -51.194420199999968, -29.118883699999969 ], [ -51.194412799999952, -29.118647199999941 ], [ -51.194373199999973, -29.118469 ], [ -51.194297099999972, -29.11821139999995 ], [ -51.194235, -29.11811119999993 ], [ -51.194170299999939, -29.118008299999929 ], [ -51.193912099999977, -29.117652299999975 ], [ -51.193701799999985, -29.117480099999966 ], [ -51.193367699999953, -29.11725569999993 ], [ -51.192964199999949, -29.117084499999976 ], [ -51.192616299999941, -29.116985099999965 ], [ -51.192089799999962, -29.116889899999933 ], [ -51.191345, -29.116768 ], [ -51.190414799999985, -29.116591299999982 ], [ -51.189965099999938, -29.11651269999993 ], [ -51.188932099999931, -29.116338799999937 ], [ -51.188753899999938, -29.116307199999937 ], [ -51.187803699999961, -29.116116299999931 ], [ -51.187384299999962, -29.116000199999974 ], [ -51.186832199999969, -29.11581069999994 ], [ -51.186666599999967, -29.115745299999958 ], [ -51.186225299999933, -29.115550499999983 ], [ -51.185056599999939, -29.115050199999928 ], [ -51.184479, -29.114837799999975 ], [ -51.184394299999951, -29.114922299999932 ], [ -51.184275799999966, -29.114979499999947 ], [ -51.183957, -29.115032499999984 ], [ -51.183489399999985, -29.115012 ], [ -51.18268809999995, -29.115008199999977 ], [ -51.182142799999951, -29.114996499999961 ], [ -51.181267199999979, -29.114976499999955 ], [ -51.180666299999984, -29.114943099999948 ], [ -51.180673299999967, -29.115895799999976 ], [ -51.174259699999936, -29.115623099999937 ], [ -51.174312899999961, -29.114884 ], [ -51.173458899999957, -29.114958399999978 ], [ -51.173317899999972, -29.114954099999977 ], [ -51.173190399999953, -29.114938699999982 ], [ -51.173042, -29.114912599999968 ], [ -51.1727, -29.114834499999972 ], [ -51.171531099999982, -29.114559399999962 ], [ -51.170951399999979, -29.114415099999974 ], [ -51.17045719999993, -29.114294499999971 ], [ -51.170154799999978, -29.114191099999971 ], [ -51.169714599999963, -29.11408119999993 ], [ -51.169286099999965, -29.113945799999954 ], [ -51.16897819999997, -29.113815399999964 ], [ -51.16852229999995, -29.113673499999948 ], [ -51.168028199999981, -29.113382599999966 ], [ -51.167261199999984, -29.113016699999946 ], [ -51.166989599999965, -29.112852699999962 ], [ -51.167037, -29.11263409999998 ], [ -51.167676099999937, -29.112168099999963 ], [ -51.167848799999945, -29.111853799999949 ], [ -51.167796499999952, -29.111455299999932 ], [ -51.16744639999996, -29.111119299999928 ], [ -51.166932399999951, -29.110915499999976 ], [ -51.166267, -29.110452399999929 ], [ -51.165511399999957, -29.110093199999937 ], [ -51.165333, -29.110680499999944 ], [ -51.165102299999944, -29.111225899999965 ], [ -51.164835399999959, -29.111852299999953 ], [ -51.164725399999952, -29.112173899999959 ], [ -51.164506099999983, -29.112598799999944 ], [ -51.164346899999941, -29.112945499999967 ], [ -51.164296499999978, -29.113089199999933 ], [ -51.164218399999982, -29.113240599999983 ], [ -51.164193099999977, -29.113428699999929 ], [ -51.164184299999931, -29.113599 ], [ -51.164262399999984, -29.113832799999955 ], [ -51.164313199999981, -29.113954099999944 ], [ -51.164430599999946, -29.114196499999935 ], [ -51.164613799999984, -29.114479199999948 ], [ -51.164761799999951, -29.114720399999953 ], [ -51.164814, -29.114783599999953 ], [ -51.164980499999956, -29.114952 ], [ -51.165121599999964, -29.115158199999939 ], [ -51.165230399999984, -29.115355699999952 ], [ -51.165244199999961, -29.115407599999969 ], [ -51.165352299999938, -29.115627699999948 ], [ -51.165534099999945, -29.116035199999942 ], [ -51.165684099999964, -29.116446899999971 ], [ -51.165781299999935, -29.116684699999951 ], [ -51.16589659999994, -29.116995799999984 ], [ -51.16596009999995, -29.117168499999934 ], [ -51.166061699999943, -29.117343399999982 ], [ -51.166188199999965, -29.117540399999939 ], [ -51.166490299999964, -29.117857399999934 ], [ -51.166944, -29.118382399999973 ], [ -51.167257399999983, -29.118744899999967 ], [ -51.167504199999939, -29.119077899999979 ], [ -51.167578299999946, -29.119174099999952 ], [ -51.167677, -29.119325599999968 ], [ -51.167850199999975, -29.119591299999968 ], [ -51.168176799999969, -29.120018799999968 ], [ -51.168336899999986, -29.120228599999962 ], [ -51.168717, -29.120634099999961 ], [ -51.169033199999944, -29.12093479999993 ], [ -51.169329299999958, -29.121153499999934 ], [ -51.169644299999959, -29.121375299999954 ], [ -51.170015799999931, -29.121630799999934 ], [ -51.170265599999937, -29.121804299999951 ], [ -51.170544099999972, -29.122035699999969 ], [ -51.170672699999955, -29.122201 ], [ -51.170938699999965, -29.122642599999949 ], [ -51.170995, -29.122939799999983 ] ] ] } },
{ "type": "Feature", "properties": { "codigobairro": 40, "nome": "Charqueadas" }, "geometry": { "type": "Polygon", "coordinates": [ [ [ -51.222403399999962, -29.195267299999955 ], [ -51.222701799999982, -29.19514 ], [ -51.223364099999969, -29.194859599999972 ], [ -51.223851299999978, -29.194827399999951 ], [ -51.224003, -29.194833399999936 ], [ -51.22418609999994, -29.194774799999948 ], [ -51.224261799999965, -29.19460429999998 ], [ -51.224288699999931, -29.194413499999939 ], [ -51.224376699999937, -29.194294599999978 ], [ -51.224525699999958, -29.194241899999952 ], [ -51.224732299999971, -29.194190799999944 ], [ -51.224935799999969, -29.194150699999966 ], [ -51.225402299999985, -29.194109699999956 ], [ -51.22555269999998, -29.194135699999947 ], [ -51.225662099999965, -29.194171899999958 ], [ -51.225914499999931, -29.194281199999978 ], [ -51.22626269999995, -29.194426499999963 ], [ -51.226666299999977, -29.194546 ], [ -51.226839499999983, -29.194577199999969 ], [ -51.226944, -29.194586199999947 ], [ -51.227069099999937, -29.194566299999963 ], [ -51.227227199999959, -29.194503499999939 ], [ -51.227454399999942, -29.194428099999982 ], [ -51.227568299999973, -29.19439749999998 ], [ -51.227699599999937, -29.194359499999962 ], [ -51.227955099999974, -29.194217599999945 ], [ -51.228112199999941, -29.194092 ], [ -51.228257499999984, -29.193958 ], [ -51.228344099999958, -29.193883 ], [ -51.228441199999963, -29.193806699999982 ], [ -51.228538899999933, -29.193766699999969 ], [ -51.22869019999996, -29.193719599999952 ], [ -51.228751299999942, -29.193714599999964 ], [ -51.228921, -29.193698799999936 ], [ -51.229026599999941, -29.193698099999949 ], [ -51.229729899999938, -29.193681699999956 ], [ -51.22992069999998, -29.193677299999933 ], [ -51.229915499999947, -29.193579899999975 ], [ -51.230210299999953, -29.193285399999979 ], [ -51.23047779999996, -29.193037599999968 ], [ -51.23073329999994, -29.192790799999955 ], [ -51.230946699999947, -29.192589 ], [ -51.23119289999994, -29.192352799999981 ], [ -51.231434099999944, -29.192120599999953 ], [ -51.231487099999981, -29.192069 ], [ -51.23163169999998, -29.191931799999963 ], [ -51.232000199999959, -29.191561799999931 ], [ -51.232354199999975, -29.191218099999958 ], [ -51.232521399999939, -29.191045799999984 ], [ -51.232557499999984, -29.19096019999995 ], [ -51.232744399999945, -29.190845 ], [ -51.233123699999965, -29.19064 ], [ -51.233439099999941, -29.190473499999939 ], [ -51.23375429999993, -29.190305899999942 ], [ -51.23381379999995, -29.190275399999962 ], [ -51.233786499999951, -29.190008899999953 ], [ -51.233774299999936, -29.18989629999993 ], [ -51.233662599999946, -29.189279399999975 ], [ -51.233627599999977, -29.18909629999996 ], [ -51.233588899999972, -29.18887639999997 ], [ -51.233545099999958, -29.188672 ], [ -51.233500899999967, -29.188488099999972 ], [ -51.233430699999985, -29.188274799999931 ], [ -51.233357799999965, -29.188150199999939 ], [ -51.233243899999934, -29.187978699999974 ], [ -51.232900699999959, -29.187676199999942 ], [ -51.232474899999943, -29.187298899999973 ], [ -51.232083499999931, -29.186961799999949 ], [ -51.23200079999998, -29.186891099999968 ], [ -51.231886, -29.186792899999944 ], [ -51.231715399999985, -29.186654399999952 ], [ -51.231656899999962, -29.186608899999953 ], [ -51.231605799999954, -29.186569399999939 ], [ -51.231257199999959, -29.186263699999984 ], [ -51.230990299999974, -29.186034899999981 ], [ -51.230891799999938, -29.185949799999946 ], [ -51.230658, -29.185755 ], [ -51.230568199999936, -29.185681199999976 ], [ -51.23042739999994, -29.185589399999969 ], [ -51.230346, -29.185559299999966 ], [ -51.230348299999946, -29.185542399999974 ], [ -51.230366799999956, -29.185409399999969 ], [ -51.230182599999978, -29.185235499999976 ], [ -51.230024399999934, -29.185089599999969 ], [ -51.230007199999932, -29.185079799999983 ], [ -51.229933299999971, -29.185038 ], [ -51.229842899999937, -29.184985899999958 ], [ -51.229692299999954, -29.184870799999942 ], [ -51.22944769999998, -29.184682399999929 ], [ -51.228985, -29.184295199999951 ], [ -51.228418799999986, -29.183815299999935 ], [ -51.228264599999932, -29.183685 ], [ -51.228063499999962, -29.183518 ], [ -51.227930199999946, -29.183429899999965 ], [ -51.227725199999952, -29.183297799999934 ], [ -51.227545799999973, -29.183193299999971 ], [ -51.227433299999973, -29.183123899999941 ], [ -51.227190099999973, -29.182944599999928 ], [ -51.227109899999959, -29.182888099999957 ], [ -51.2271, -29.182805099999939 ], [ -51.226958399999944, -29.182707799999946 ], [ -51.226691599999981, -29.182523299999957 ], [ -51.226643, -29.182492299999979 ], [ -51.22629749999993, -29.182271799999967 ], [ -51.22554649999995, -29.181795399999942 ], [ -51.225337, -29.181661899999938 ], [ -51.225182699999948, -29.181560799999943 ], [ -51.225021099999935, -29.181477799999982 ], [ -51.224759199999937, -29.181365699999958 ], [ -51.224565899999959, -29.181285899999978 ], [ -51.224448299999949, -29.181255499999963 ], [ -51.224231, -29.181203 ], [ -51.224023399999965, -29.181181399999957 ], [ -51.223853599999984, -29.181190599999979 ], [ -51.223525, -29.181204399999956 ], [ -51.223236, -29.181231199999957 ], [ -51.22279919999994, -29.181267499999933 ], [ -51.222643099999971, -29.181273399999952 ], [ -51.222333899999967, -29.181211299999973 ], [ -51.222113199999967, -29.181130199999984 ], [ -51.221797599999945, -29.180987799999969 ], [ -51.221717199999944, -29.180923199999938 ], [ -51.221569, -29.180822399999954 ], [ -51.22142539999993, -29.18072369999993 ], [ -51.221302599999945, -29.180646699999954 ], [ -51.22122539999998, -29.18060209999993 ], [ -51.220908699999939, -29.180374799999981 ], [ -51.220899499999973, -29.180368299999941 ], [ -51.220719199999962, -29.180267499999957 ], [ -51.220681899999931, -29.180246599999975 ], [ -51.220653299999981, -29.180234199999973 ], [ -51.220470399999954, -29.180155099999979 ], [ -51.220324099999971, -29.180119299999944 ], [ -51.220135399999947, -29.180082699999957 ], [ -51.220027099999982, -29.180075599999952 ], [ -51.220016299999941, -29.180038499999966 ], [ -51.220027799999968, -29.179979099999969 ], [ -51.220046799999977, -29.179950699999949 ], [ -51.220101499999942, -29.179806099999951 ], [ -51.219647399999985, -29.179831 ], [ -51.219432, -29.17992449999997 ], [ -51.218807499999969, -29.17996809999994 ], [ -51.218597699999975, -29.179995 ], [ -51.218487, -29.180012699999963 ], [ -51.218314499999963, -29.180053599999951 ], [ -51.218137699999943, -29.18012589999995 ], [ -51.217995199999962, -29.180193899999949 ], [ -51.217827099999965, -29.180286199999955 ], [ -51.217618399999935, -29.180380799999966 ], [ -51.217394, -29.18044459999993 ], [ -51.21724949999998, -29.180469599999981 ], [ -51.216901699999937, -29.180486599999938 ], [ -51.216833, -29.180496699999935 ], [ -51.216812399999981, -29.180498299999954 ], [ -51.216457, -29.180297199999984 ], [ -51.215843099999972, -29.179947699999957 ], [ -51.215543299999979, -29.179749199999947 ], [ -51.215312, -29.179612199999951 ], [ -51.215080199999932, -29.17947769999995 ], [ -51.214899499999945, -29.179383099999939 ], [ -51.214641799999981, -29.179252099999928 ], [ -51.214327499999968, -29.179114499999969 ], [ -51.214169199999958, -29.179062299999941 ], [ -51.214008799999931, -29.17903519999993 ], [ -51.213798599999961, -29.179031799999962 ], [ -51.213575599999956, -29.179068599999937 ], [ -51.213460599999962, -29.179091099999937 ], [ -51.213245, -29.179154399999959 ], [ -51.21309709999997, -29.179223199999967 ], [ -51.212775799999974, -29.179366699999946 ], [ -51.212767199999973, -29.179495199999963 ], [ -51.212649499999941, -29.179660699999943 ], [ -51.212541599999952, -29.179796199999942 ], [ -51.212370199999953, -29.180054799999937 ], [ -51.212307099999975, -29.180195099999935 ], [ -51.212278199999957, -29.18028019999997 ], [ -51.21225789999994, -29.180337599999973 ], [ -51.212250199999971, -29.180442599999935 ], [ -51.212235299999975, -29.18053539999994 ], [ -51.212155, -29.180762699999946 ], [ -51.211988599999984, -29.181318899999951 ], [ -51.21179159999997, -29.181882199999961 ], [ -51.211621299999933, -29.182318099999975 ], [ -51.211576299999933, -29.182428499999958 ], [ -51.211788599999977, -29.18239959999994 ], [ -51.211730799999941, -29.182549699999981 ], [ -51.211544799999956, -29.183031299999982 ], [ -51.211443199999962, -29.183195099999978 ], [ -51.211240299999986, -29.183522 ], [ -51.211034899999959, -29.18364459999998 ], [ -51.210714499999938, -29.183775099999934 ], [ -51.210417199999938, -29.183816599999943 ], [ -51.210283299999958, -29.183832099999961 ], [ -51.210078499999952, -29.183837399999959 ], [ -51.209961499999963, -29.183840499999974 ], [ -51.209845899999948, -29.183843499999966 ], [ -51.209384099999966, -29.183902599999954 ], [ -51.209000099999969, -29.183933199999956 ], [ -51.20871939999995, -29.183940399999983 ], [ -51.208342499999958, -29.183944799999949 ], [ -51.208071599999982, -29.18391639999993 ], [ -51.20801309999996, -29.183907699999963 ], [ -51.207809699999984, -29.183843899999943 ], [ -51.207677799999942, -29.18379 ], [ -51.207633199999975, -29.183771399999955 ], [ -51.207332699999938, -29.183536 ], [ -51.207222499999943, -29.18343619999996 ], [ -51.207122899999945, -29.183297299999936 ], [ -51.206901699999946, -29.183004499999981 ], [ -51.206847799999935, -29.18286 ], [ -51.206701599999974, -29.18270659999996 ], [ -51.206578, -29.182604699999956 ], [ -51.206908199999987, -29.182247199999949 ], [ -51.206771899999978, -29.182176099999936 ], [ -51.206622099999947, -29.182127299999934 ], [ -51.20629839999998, -29.182060499999977 ], [ -51.206156899999939, -29.182032699999979 ], [ -51.206058699999971, -29.182017299999984 ], [ -51.205643299999963, -29.18191969999998 ], [ -51.205658399999948, -29.182000199999948 ], [ -51.205738199999985, -29.182371 ], [ -51.206082399999957, -29.182907899999975 ], [ -51.20642, -29.183388 ], [ -51.206490199999962, -29.183518899999967 ], [ -51.206571199999985, -29.183788599999957 ], [ -51.206591199999934, -29.184035699999981 ], [ -51.206544699999938, -29.18421909999995 ], [ -51.207038099999977, -29.184833399999945 ], [ -51.207113799999945, -29.184955799999955 ], [ -51.207581699999935, -29.185730299999932 ], [ -51.207833899999969, -29.186183899999946 ], [ -51.208233099999973, -29.186804099999961 ], [ -51.208658799999967, -29.187402899999938 ], [ -51.208800199999985, -29.187674499999957 ], [ -51.208904899999936, -29.187877399999934 ], [ -51.20901, -29.188110499999937 ], [ -51.209159699999987, -29.188438499999961 ], [ -51.209227399999975, -29.188583699999981 ], [ -51.209326, -29.188802599999974 ], [ -51.20977019999998, -29.189322799999957 ], [ -51.210029, -29.189611 ], [ -51.210457299999973, -29.190023799999949 ], [ -51.210480299999972, -29.190053899999953 ], [ -51.210746399999948, -29.190513599999974 ], [ -51.21094549999998, -29.190909499999975 ], [ -51.211202, -29.191640699999937 ], [ -51.211791299999959, -29.192750299999943 ], [ -51.211984399999949, -29.193264799999952 ], [ -51.212225899999964, -29.194182299999966 ], [ -51.212407299999938, -29.194623199999967 ], [ -51.212780899999984, -29.195412 ], [ -51.213304699999981, -29.196043599999939 ], [ -51.213729699999931, -29.196461 ], [ -51.214149299999974, -29.196870799999942 ], [ -51.214197399999932, -29.19688229999997 ], [ -51.214469699999938, -29.196986099999947 ], [ -51.215011199999935, -29.197838599999955 ], [ -51.21520229999993, -29.198148299999957 ], [ -51.215555699999982, -29.198479099999929 ], [ -51.215784399999961, -29.198595799999964 ], [ -51.215880799999979, -29.198638399999936 ], [ -51.216084799999976, -29.198663199999942 ], [ -51.216386799999952, -29.198655099999939 ], [ -51.216580299999976, -29.198604 ], [ -51.216898399999934, -29.198505799999964 ], [ -51.21708979999994, -29.198489199999983 ], [ -51.217456199999958, -29.198517399999957 ], [ -51.217611499999975, -29.198542099999941 ], [ -51.21770719999995, -29.19856 ], [ -51.217931599999986, -29.198581799999943 ], [ -51.218159, -29.198568899999941 ], [ -51.218341399999986, -29.198518199999967 ], [ -51.218569099999968, -29.198417399999983 ], [ -51.218831, -29.198267599999951 ], [ -51.219327099999987, -29.197738699999945 ], [ -51.219762, -29.197355899999934 ], [ -51.22032059999998, -29.197062 ], [ -51.220628499999975, -29.196885799999961 ], [ -51.221089699999936, -29.196615599999973 ], [ -51.221453399999973, -29.196331599999951 ], [ -51.221944399999984, -29.195948899999962 ], [ -51.222061, -29.195775799999979 ], [ -51.222168499999952, -29.195538599999963 ], [ -51.222403399999962, -29.195267299999955 ] ] ] } },
{ "type": "Feature", "properties": { "codigobairro": 63, "nome": "São Caetano" }, "geometry": { "type": "Polygon", "coordinates": [ [ [ -51.20424509999998, -29.20224989999997 ], [ -51.204252, -29.203565199999957 ], [ -51.204252199999985, -29.203606 ], [ -51.204274199999986, -29.203646 ], [ -51.204614099999958, -29.20426539999994 ], [ -51.20461789999996, -29.204322499999932 ], [ -51.204602699999953, -29.204349399999955 ], [ -51.204474799999957, -29.204575399999953 ], [ -51.204143199999976, -29.205044199999975 ], [ -51.203940899999964, -29.205371899999932 ], [ -51.204118, -29.205917499999941 ], [ -51.204182099999969, -29.207001799999944 ], [ -51.204159299999958, -29.208523699999944 ], [ -51.203795199999945, -29.208877499999971 ], [ -51.203429, -29.209346699999969 ], [ -51.203464599999961, -29.210280199999943 ], [ -51.203784399999961, -29.211019699999952 ], [ -51.204226399999982, -29.211669899999947 ], [ -51.204287199999953, -29.212282899999934 ], [ -51.204316299999959, -29.215752499999951 ], [ -51.204224199999942, -29.21636129999996 ], [ -51.204055499999981, -29.21683459999997 ], [ -51.204071499999941, -29.216864399999963 ], [ -51.204447099999982, -29.217034599999977 ], [ -51.204702299999951, -29.217214599999977 ], [ -51.204739, -29.21728719999993 ], [ -51.205060099999969, -29.217441699999938 ], [ -51.205233099999987, -29.217434699999956 ], [ -51.205634099999941, -29.217179499999929 ], [ -51.205952699999955, -29.21695079999995 ], [ -51.206213399999967, -29.216793 ], [ -51.206628499999965, -29.21675579999993 ], [ -51.206877899999938, -29.216730499999983 ], [ -51.206968099999983, -29.216727099999957 ], [ -51.207235299999979, -29.216728299999943 ], [ -51.207772899999952, -29.216700799999956 ], [ -51.208460299999956, -29.216690399999948 ], [ -51.209099199999969, -29.216667699999959 ], [ -51.210232099999985, -29.216732699999966 ], [ -51.210557399999971, -29.216658699999982 ], [ -51.210897699999975, -29.21654 ], [ -51.211079899999959, -29.216461399999957 ], [ -51.211265199999957, -29.216544499999941 ], [ -51.211536299999977, -29.216797399999962 ], [ -51.211727099999962, -29.216863399999966 ], [ -51.211883299999954, -29.216890599999942 ], [ -51.212124299999971, -29.216729099999952 ], [ -51.212244799999951, -29.216656499999942 ], [ -51.212410599999941, -29.216675499999951 ], [ -51.212653499999931, -29.21668509999995 ], [ -51.213132, -29.216697499999952 ], [ -51.213418699999977, -29.216694399999938 ], [ -51.213890899999967, -29.216664399999956 ], [ -51.214327599999933, -29.216844099999946 ], [ -51.214608299999952, -29.216946 ], [ -51.214861799999937, -29.217031099999929 ], [ -51.215263, -29.217157499999928 ], [ -51.215539799999931, -29.217233 ], [ -51.215844899999979, -29.217268499999932 ], [ -51.216170099999943, -29.217199 ], [ -51.216453499999943, -29.217096699999956 ], [ -51.216877699999941, -29.216425099999981 ], [ -51.217206799999985, -29.216293399999984 ], [ -51.21763969999995, -29.216765399999929 ], [ -51.217795199999955, -29.216713199999958 ], [ -51.218012099999953, -29.216565099999968 ], [ -51.218310299999985, -29.216400299999975 ], [ -51.218614799999955, -29.216296399999976 ], [ -51.218995499999949, -29.216232899999966 ], [ -51.219236299999977, -29.216205799999955 ], [ -51.219494899999972, -29.216168499999981 ], [ -51.21976589999997, -29.216130599999929 ], [ -51.220005299999968, -29.21609419999993 ], [ -51.22026569999997, -29.215998799999966 ], [ -51.220573, -29.215707399999928 ], [ -51.220735499999932, -29.215556099999958 ], [ -51.221038499999963, -29.215392299999962 ], [ -51.221318399999973, -29.215293899999949 ], [ -51.221548299999938, -29.215197299999943 ], [ -51.221881, -29.214893299999972 ], [ -51.222391899999934, -29.214819099999943 ], [ -51.222736599999962, -29.214723899999967 ], [ -51.223337099999981, -29.214459399999953 ], [ -51.22358429999997, -29.214507599999934 ], [ -51.223826199999962, -29.214567699999975 ], [ -51.224349199999949, -29.214817399999959 ], [ -51.224437, -29.215168099999971 ], [ -51.22452149999998, -29.215604299999939 ], [ -51.224596299999973, -29.216158199999938 ], [ -51.224626899999976, -29.216366099999959 ], [ -51.224895099999969, -29.21671189999995 ], [ -51.225333299999932, -29.217173799999955 ], [ -51.225706599999967, -29.217517 ], [ -51.226386299999945, -29.217958599999974 ], [ -51.22645609999995, -29.218069899999932 ], [ -51.226578399999937, -29.218249699999944 ], [ -51.226740799999959, -29.218415 ], [ -51.226942699999938, -29.218510699999968 ], [ -51.227138299999979, -29.21851909999998 ], [ -51.227338399999951, -29.218442799999934 ], [ -51.227389199999948, -29.218178199999954 ], [ -51.22716319999995, -29.217308399999979 ], [ -51.227256, -29.216652 ], [ -51.227123699999936, -29.216575199999966 ], [ -51.226820799999985, -29.216408399999978 ], [ -51.226669499999957, -29.216177499999958 ], [ -51.226690499999961, -29.215793399999939 ], [ -51.226777, -29.215238599999964 ], [ -51.226737699999944, -29.214543299999946 ], [ -51.226579699999945, -29.213904399999933 ], [ -51.226534899999933, -29.213829099999941 ], [ -51.225762799999984, -29.21298319999994 ], [ -51.225177699999961, -29.212427199999979 ], [ -51.224937099999977, -29.211977199999978 ], [ -51.224830699999984, -29.211811199999943 ], [ -51.224024099999951, -29.210922499999981 ], [ -51.223471099999983, -29.210398899999973 ], [ -51.223148799999933, -29.210054599999978 ], [ -51.222956799999963, -29.209927799999946 ], [ -51.222269599999947, -29.209428 ], [ -51.222169899999983, -29.209334299999966 ], [ -51.22157889999994, -29.208690599999954 ], [ -51.221060199999954, -29.208091899999943 ], [ -51.220188199999939, -29.206831399999942 ], [ -51.219414099999938, -29.205749499999968 ], [ -51.21922, -29.20553979999994 ], [ -51.218813599999976, -29.205248899999958 ], [ -51.218661699999984, -29.205170599999974 ], [ -51.218239599999947, -29.204970699999933 ], [ -51.21779319999996, -29.204123099999947 ], [ -51.217652, -29.20368069999995 ], [ -51.217629499999987, -29.203369699999939 ], [ -51.217401399999972, -29.203018899999961 ], [ -51.21641459999995, -29.20187679999998 ], [ -51.215826799999945, -29.200592699999959 ], [ -51.215304899999978, -29.19932289999997 ], [ -51.215037499999937, -29.198487499999942 ], [ -51.214400299999966, -29.197184299999947 ], [ -51.214197399999932, -29.19688229999997 ], [ -51.214149299999974, -29.196870799999942 ], [ -51.213903099999982, -29.196896199999969 ], [ -51.208644599999957, -29.19672479999997 ], [ -51.208387399999935, -29.196718399999952 ], [ -51.206667399999958, -29.196766499999967 ], [ -51.205460699999946, -29.196763099999941 ], [ -51.204755499999976, -29.196717099999944 ], [ -51.204095799999948, -29.196785899999952 ], [ -51.203954, -29.196803599999953 ], [ -51.202775499999973, -29.197090899999978 ], [ -51.203504499999951, -29.197489 ], [ -51.204012399999954, -29.197842499999979 ], [ -51.204193499999974, -29.198121399999934 ], [ -51.204215599999941, -29.198364 ], [ -51.204152199999953, -29.19919989999994 ], [ -51.204175099999986, -29.199943799999971 ], [ -51.204230099999961, -29.200767399999961 ], [ -51.204234399999962, -29.200877599999956 ], [ -51.204229699999985, -29.201315299999976 ], [ -51.204214199999967, -29.202248699999984 ], [ -51.20424509999998, -29.20224989999997 ] ] ] } },
{ "type": "Feature", "properties": { "codigobairro": 65, "nome": "São Victor COHAB" }, "geometry": { "type": "Polygon", "coordinates": [ [ [ -51.171145, -29.199743 ], [ -51.171376099999975, -29.199681599999963 ], [ -51.172127599999953, -29.199808499999961 ], [ -51.172523899999931, -29.199885 ], [ -51.172857499999964, -29.199785399999939 ], [ -51.17301939999993, -29.201437599999963 ], [ -51.17333, -29.201522399999931 ], [ -51.173675799999955, -29.201480899999979 ], [ -51.173910699999965, -29.201348699999983 ], [ -51.174049, -29.201251899999932 ], [ -51.175940399999945, -29.201246799999979 ], [ -51.176277, -29.201249099999984 ], [ -51.17656489999996, -29.201241399999958 ], [ -51.17647809999994, -29.20102739999993 ], [ -51.176415399999939, -29.200874499999941 ], [ -51.176134699999977, -29.200127599999973 ], [ -51.175992599999972, -29.199634899999978 ], [ -51.176047599999947, -29.199144799999942 ], [ -51.176184899999953, -29.19886589999993 ], [ -51.176540399999965, -29.198569199999952 ], [ -51.177028099999973, -29.198375 ], [ -51.17740109999994, -29.198135699999966 ], [ -51.177536399999951, -29.197932299999934 ], [ -51.177910099999963, -29.196977499999946 ], [ -51.17831769999998, -29.195738399999982 ], [ -51.178612799999939, -29.195079299999975 ], [ -51.178913799999975, -29.19467579999997 ], [ -51.179310899999962, -29.19412449999993 ], [ -51.179769, -29.19357709999997 ], [ -51.179919199999972, -29.193375099999969 ], [ -51.180042799999967, -29.192603 ], [ -51.180066299999964, -29.192511199999956 ], [ -51.180158099999971, -29.192152699999951 ], [ -51.180483399999957, -29.191380899999956 ], [ -51.180613199999982, -29.191073 ], [ -51.180344099999957, -29.191101099999969 ], [ -51.179928, -29.19119539999997 ], [ -51.179857399999946, -29.191209399999934 ], [ -51.179774599999973, -29.191224799999929 ], [ -51.179354799999942, -29.191294199999959 ], [ -51.178983499999958, -29.19128029999996 ], [ -51.17867769999998, -29.191266 ], [ -51.178427799999952, -29.191249399999947 ], [ -51.178226, -29.191235699999936 ], [ -51.177644699999973, -29.191220399999963 ], [ -51.176380799999947, -29.19123339999993 ], [ -51.176365699999963, -29.192050299999948 ], [ -51.174509799999953, -29.192066099999977 ], [ -51.173585799999955, -29.192074 ], [ -51.171404199999984, -29.192092599999967 ], [ -51.171511899999985, -29.192005499999937 ], [ -51.171218499999952, -29.191027899999938 ], [ -51.171163699999966, -29.190854499999944 ], [ -51.170224099999984, -29.191277199999945 ], [ -51.169902699999966, -29.191291499999977 ], [ -51.169727699999953, -29.191273399999943 ], [ -51.169470399999966, -29.191274 ], [ -51.16919379999996, -29.191371799999956 ], [ -51.16994649999998, -29.192973 ], [ -51.170147799999938, -29.193439799999965 ], [ -51.170226299999968, -29.19363629999998 ], [ -51.17014249999994, -29.193736699999931 ], [ -51.170010099999956, -29.193800599999975 ], [ -51.169809099999952, -29.19378839999996 ], [ -51.169587299999932, -29.193659 ], [ -51.169125599999973, -29.192675299999962 ], [ -51.169030899999939, -29.192566 ], [ -51.16857959999993, -29.192266099999983 ], [ -51.168303199999968, -29.192273799999953 ], [ -51.168131399999936, -29.192385399999978 ], [ -51.168109, -29.192633599999965 ], [ -51.168335299999967, -29.19297 ], [ -51.168650099999979, -29.19334189999995 ], [ -51.168746299999952, -29.193554699999936 ], [ -51.168611, -29.19374449999998 ], [ -51.168417199999965, -29.193772599999932 ], [ -51.168242699999951, -29.193794 ], [ -51.168061699999953, -29.193536499999936 ], [ -51.167206299999975, -29.192448699999943 ], [ -51.166961699999945, -29.192155199999945 ], [ -51.166706, -29.192076399999962 ], [ -51.166469399999983, -29.19219929999997 ], [ -51.166372799999976, -29.192398699999956 ], [ -51.166167899999948, -29.192205899999976 ], [ -51.165902, -29.191831499999978 ], [ -51.16466429999997, -29.190765899999974 ], [ -51.164500099999941, -29.190599299999974 ], [ -51.164116099999944, -29.189746699999944 ], [ -51.163779799999986, -29.18909229999997 ], [ -51.163636899999972, -29.189302899999973 ], [ -51.163396299999931, -29.189721 ], [ -51.16311079999997, -29.190161 ], [ -51.162934299999961, -29.190321399999959 ], [ -51.162041399999964, -29.19030749999996 ], [ -51.16154679999994, -29.19029409999996 ], [ -51.161466099999984, -29.19274409999997 ], [ -51.161450499999944, -29.193996099999936 ], [ -51.161415899999952, -29.195030299999928 ], [ -51.161412899999959, -29.19530089999995 ], [ -51.161414399999956, -29.195784499999945 ], [ -51.161426099999971, -29.196419299999945 ], [ -51.161411699999974, -29.196894199999974 ], [ -51.161348699999962, -29.198245 ], [ -51.16131, -29.199137499999949 ], [ -51.161385, -29.199714399999948 ], [ -51.161550099999943, -29.199697699999945 ], [ -51.161442, -29.200394699999947 ], [ -51.161398099999985, -29.20093 ], [ -51.161107799999968, -29.201479899999981 ], [ -51.161126699999954, -29.201884599999971 ], [ -51.161293199999932, -29.202103399999942 ], [ -51.161369499999978, -29.204272 ], [ -51.161346299999934, -29.204746199999931 ], [ -51.161339799999951, -29.206496799999968 ], [ -51.161259199999961, -29.208589699999948 ], [ -51.161230299999943, -29.209399399999938 ], [ -51.161249599999962, -29.210926099999938 ], [ -51.161977899999954, -29.21089749999993 ], [ -51.162067699999966, -29.210892299999955 ], [ -51.163097299999947, -29.210889699999939 ], [ -51.16364509999994, -29.210883499999966 ], [ -51.163843, -29.210884 ], [ -51.165176799999983, -29.210880199999963 ], [ -51.165224499999965, -29.210606299999938 ], [ -51.165471499999967, -29.210263899999973 ], [ -51.165939599999945, -29.210063199999979 ], [ -51.166595899999948, -29.210174699999982 ], [ -51.166985199999942, -29.210067099999947 ], [ -51.166994799999941, -29.209696399999928 ], [ -51.166909, -29.209564499999942 ], [ -51.166692499999954, -29.20938979999994 ], [ -51.166212299999984, -29.209228 ], [ -51.166456399999959, -29.208486499999935 ], [ -51.166664299999979, -29.207511099999977 ], [ -51.166815499999984, -29.206279199999983 ], [ -51.166948699999978, -29.205485299999964 ], [ -51.167049899999938, -29.204878899999983 ], [ -51.16689539999993, -29.204792599999962 ], [ -51.166845399999943, -29.204641699999968 ], [ -51.166863299999932, -29.204257 ], [ -51.167001699999958, -29.204088799999965 ], [ -51.16724279999994, -29.203772899999933 ], [ -51.167470599999945, -29.203157899999951 ], [ -51.167840199999944, -29.202753099999939 ], [ -51.168382599999973, -29.201784 ], [ -51.168555, -29.20152829999995 ], [ -51.168790099999967, -29.201287 ], [ -51.169251499999973, -29.201128299999937 ], [ -51.169757299999958, -29.201007 ], [ -51.170234599999958, -29.20084259999993 ], [ -51.170464899999956, -29.200711599999977 ], [ -51.170642199999975, -29.200336099999959 ], [ -51.170747099999971, -29.200099899999941 ], [ -51.170930399999975, -29.199847699999964 ], [ -51.171145, -29.199743 ] ] ] } },
{ "type": "Feature", "properties": { "codigobairro": 66, "nome": "São Virgílio" }, "geometry": { "type": "Polygon", "coordinates": [ [ [ -51.161590099999955, -29.187939099999937 ], [ -51.161553899999944, -29.187688699999967 ], [ -51.161329, -29.18734319999993 ], [ -51.161151599999982, -29.187040299999978 ], [ -51.16072349999996, -29.186399799999947 ], [ -51.160479599999974, -29.186067299999934 ], [ -51.160363399999937, -29.185919599999977 ], [ -51.160183399999937, -29.185833799999955 ], [ -51.160071099999982, -29.185822299999984 ], [ -51.159939, -29.185808699999939 ], [ -51.159695, -29.185806799999966 ], [ -51.159494399999971, -29.185769499999935 ], [ -51.159336399999972, -29.185643599999935 ], [ -51.159240499999953, -29.185514599999976 ], [ -51.159213099999931, -29.185333399999934 ], [ -51.159130299999958, -29.185109299999965 ], [ -51.159048399999961, -29.185040899999933 ], [ -51.15889459999994, -29.184961199999975 ], [ -51.158640099999957, -29.184811599999932 ], [ -51.158480499999939, -29.184676799999977 ], [ -51.158409699999936, -29.184549599999968 ], [ -51.158347499999934, -29.18439 ], [ -51.158254299999953, -29.184259199999929 ], [ -51.158095699999933, -29.184138399999938 ], [ -51.157932099999982, -29.184050199999945 ], [ -51.157043899999962, -29.183458799999983 ], [ -51.156769, -29.183304 ], [ -51.156588199999931, -29.183206799999937 ], [ -51.156461499999978, -29.183055 ], [ -51.156402, -29.182889199999977 ], [ -51.156392099999948, -29.182698199999948 ], [ -51.156383799999958, -29.182513099999937 ], [ -51.156364899999971, -29.182390399999974 ], [ -51.156300499999986, -29.182142799999951 ], [ -51.156327299999987, -29.182075499999939 ], [ -51.156305199999963, -29.182042699999954 ], [ -51.156171, -29.182212899999968 ], [ -51.156031399999961, -29.182341699999938 ], [ -51.155710099999965, -29.182676599999979 ], [ -51.155273399999942, -29.183049499999981 ], [ -51.154907299999934, -29.183351499999958 ], [ -51.154190299999982, -29.183725799999934 ], [ -51.153124699999978, -29.183980099999928 ], [ -51.152404299999944, -29.183995799999934 ], [ -51.152082, -29.184006299999965 ], [ -51.151753399999961, -29.184052699999938 ], [ -51.151197699999955, -29.184215599999959 ], [ -51.150801199999933, -29.184464299999945 ], [ -51.150610299999983, -29.184636699999942 ], [ -51.150202599999943, -29.185441299999979 ], [ -51.149802399999942, -29.185838099999955 ], [ -51.149423399999932, -29.186108499999932 ], [ -51.148419899999965, -29.186064899999963 ], [ -51.147247499999935, -29.18607529999997 ], [ -51.146897399999943, -29.186061099999961 ], [ -51.146309, -29.186036199999933 ], [ -51.14039, -29.185786399999984 ], [ -51.140237899999931, -29.185650499999952 ], [ -51.139539299999967, -29.184990399999947 ], [ -51.138728199999946, -29.185003399999971 ], [ -51.135464899999931, -29.185054099999945 ], [ -51.133972299999982, -29.185034499999972 ], [ -51.133967899999959, -29.18503439999995 ], [ -51.127914699999963, -29.184870799999942 ], [ -51.127271399999984, -29.184853 ], [ -51.12550989999994, -29.184698699999956 ], [ -51.12528169999996, -29.184683499999949 ], [ -51.121569699999952, -29.184830499999975 ], [ -51.120929399999966, -29.184818599999971 ], [ -51.120866099999944, -29.185770599999955 ], [ -51.123272699999973, -29.19300039999996 ], [ -51.123131099999966, -29.193074499999966 ], [ -51.123042099999964, -29.193215599999974 ], [ -51.122753099999954, -29.19349619999997 ], [ -51.122129699999959, -29.193814499999974 ], [ -51.121752899999933, -29.193880599999943 ], [ -51.121725399999946, -29.194592 ], [ -51.121262799999954, -29.195407099999954 ], [ -51.121248399999956, -29.195639699999958 ], [ -51.121062799999947, -29.196032599999967 ], [ -51.120843399999956, -29.19634259999998 ], [ -51.120542599999965, -29.196518899999944 ], [ -51.119979899999976, -29.196960099999956 ], [ -51.119939299999942, -29.197051599999952 ], [ -51.119976, -29.197151199999951 ], [ -51.120122799999933, -29.197197099999983 ], [ -51.120221099999981, -29.197253899999964 ], [ -51.120327199999963, -29.197514599999977 ], [ -51.120382199999938, -29.197603699999945 ], [ -51.120502499999986, -29.197672799999964 ], [ -51.120672899999931, -29.197749 ], [ -51.120918, -29.19796759999997 ], [ -51.121044599999948, -29.198183 ], [ -51.121124599999973, -29.19830769999993 ], [ -51.121281199999942, -29.198415399999931 ], [ -51.12190419999996, -29.198594699999944 ], [ -51.122387699999933, -29.198733899999979 ], [ -51.122401899999943, -29.198791299999982 ], [ -51.122438799999941, -29.198836 ], [ -51.123618199999953, -29.200184499999978 ], [ -51.123525599999937, -29.200303599999984 ], [ -51.123059699999942, -29.200846299999967 ], [ -51.122554099999945, -29.201497299999971 ], [ -51.122459699999979, -29.20189419999997 ], [ -51.122364799999957, -29.202217599999983 ], [ -51.122151, -29.202463399999942 ], [ -51.121678599999939, -29.202760699999942 ], [ -51.120903, -29.203109 ], [ -51.12066219999997, -29.20326289999997 ], [ -51.120577399999945, -29.203458099999978 ], [ -51.120588399999974, -29.203687499999944 ], [ -51.120760399999938, -29.204787299999964 ], [ -51.120962299999974, -29.205698299999938 ], [ -51.120964499999957, -29.206289099999935 ], [ -51.121081099999969, -29.206029299999955 ], [ -51.121274699999958, -29.205314199999975 ], [ -51.121397799999954, -29.204824199999962 ], [ -51.121471499999984, -29.204548199999977 ], [ -51.121753399999932, -29.204292299999963 ], [ -51.122097399999973, -29.204332499999964 ], [ -51.122431399999982, -29.204589799999951 ], [ -51.122839399999975, -29.204849399999944 ], [ -51.123228299999937, -29.205036599999971 ], [ -51.123450299999945, -29.205151899999976 ], [ -51.123611599999947, -29.20523419999995 ], [ -51.124458699999934, -29.205593499999964 ], [ -51.125583799999959, -29.205892499999948 ], [ -51.12632439999993, -29.205886899999939 ], [ -51.127326, -29.20567589999996 ], [ -51.128331799999955, -29.205282299999965 ], [ -51.129281099999957, -29.204913899999951 ], [ -51.129521499999953, -29.204824899999949 ], [ -51.13091019999996, -29.204814099999965 ], [ -51.13122519999996, -29.204806499999961 ], [ -51.132853, -29.204770699999983 ], [ -51.139565, -29.204771 ], [ -51.139897399999938, -29.204765399999928 ], [ -51.139904899999976, -29.20568929999996 ], [ -51.139984599999934, -29.209279599999945 ], [ -51.148990799999979, -29.209349299999928 ], [ -51.155641799999955, -29.20934989999995 ], [ -51.156046299999957, -29.209191299999929 ], [ -51.156457199999977, -29.208967799999982 ], [ -51.156737499999963, -29.208619799999951 ], [ -51.156846299999984, -29.208468099999948 ], [ -51.157256099999984, -29.208267399999954 ], [ -51.15776429999994, -29.208107599999948 ], [ -51.158134399999938, -29.20798039999994 ], [ -51.158257599999956, -29.207880799999941 ], [ -51.158746199999939, -29.207535399999983 ], [ -51.159277599999939, -29.20731319999993 ], [ -51.159508399999936, -29.207177099999967 ], [ -51.159699299999943, -29.207012199999951 ], [ -51.160037099999954, -29.206687 ], [ -51.160252399999933, -29.206382899999937 ], [ -51.160518399999944, -29.206067699999949 ], [ -51.160909099999969, -29.205370199999948 ], [ -51.161222899999984, -29.204968099999974 ], [ -51.161346299999934, -29.204746199999931 ], [ -51.161369499999978, -29.204272 ], [ -51.161293199999932, -29.202103399999942 ], [ -51.161126699999954, -29.201884599999971 ], [ -51.161107799999968, -29.201479899999981 ], [ -51.161398099999985, -29.20093 ], [ -51.161442, -29.200394699999947 ], [ -51.161550099999943, -29.199697699999945 ], [ -51.161385, -29.199714399999948 ], [ -51.16131, -29.199137499999949 ], [ -51.161348699999962, -29.198245 ], [ -51.161411699999974, -29.196894199999974 ], [ -51.161426099999971, -29.196419299999945 ], [ -51.161414399999956, -29.195784499999945 ], [ -51.161412899999959, -29.19530089999995 ], [ -51.161415899999952, -29.195030299999928 ], [ -51.161450499999944, -29.193996099999936 ], [ -51.161466099999984, -29.19274409999997 ], [ -51.16154679999994, -29.19029409999996 ], [ -51.161589399999968, -29.18914639999997 ], [ -51.161589599999957, -29.188116499999978 ], [ -51.161590099999955, -29.187939099999937 ] ] ] } },
{ "type": "Feature", "properties": { "codigobairro": 42, "nome": "Por do Sol" }, "geometry": { "type": "Polygon", "coordinates": [ [ [ -51.186702199999957, -29.135184399999957 ], [ -51.186678499999971, -29.135707599999932 ], [ -51.187497499999949, -29.13573839999998 ], [ -51.187855899999931, -29.135744899999963 ], [ -51.18787059999994, -29.136092499999961 ], [ -51.187922, -29.136239699999976 ], [ -51.18938129999998, -29.136248499999965 ], [ -51.191117799999972, -29.13626469999997 ], [ -51.192132699999945, -29.136274399999934 ], [ -51.19334669999995, -29.136289599999941 ], [ -51.193359499999985, -29.136147499999936 ], [ -51.193361799999934, -29.135949299999936 ], [ -51.193342099999938, -29.135390299999983 ], [ -51.193491799999947, -29.135152 ], [ -51.193334, -29.135050899999953 ], [ -51.191186899999934, -29.133583599999952 ], [ -51.190816899999959, -29.133341099999939 ], [ -51.189611799999966, -29.132572299999936 ], [ -51.187498, -29.131083499999932 ], [ -51.186758, -29.133797199999947 ], [ -51.186719099999948, -29.134625699999958 ], [ -51.186702199999957, -29.135184399999957 ] ] ] } },
{ "type": "Feature", "properties": { "codigobairro": 52, "nome": "Parada Cristal" }, "geometry": { "type": "Polygon", "coordinates": [ [ [ -51.097857899999951, -29.079796599999952 ], [ -51.099629299999947, -29.080154599999958 ], [ -51.100242, -29.080273099999943 ], [ -51.101585, -29.080384199999969 ], [ -51.105826399999955, -29.080717 ], [ -51.11230089999998, -29.081012299999941 ], [ -51.112326699999983, -29.080789399999958 ], [ -51.112273, -29.080585799999938 ], [ -51.112157799999977, -29.080409299999928 ], [ -51.112031099999967, -29.080273299999931 ], [ -51.111405499999933, -29.080252499999972 ], [ -51.11142579999995, -29.079757099999938 ], [ -51.111548899999946, -29.076913599999955 ], [ -51.111576, -29.073535399999969 ], [ -51.109096199999954, -29.073445399999969 ], [ -51.107403899999952, -29.073353699999984 ], [ -51.10726219999998, -29.073346 ], [ -51.103150899999946, -29.073031499999956 ], [ -51.102588199999957, -29.07225429999994 ], [ -51.10250469999994, -29.071989599999938 ], [ -51.102650499999982, -29.071266199999968 ], [ -51.102627799999937, -29.070929299999932 ], [ -51.102429599999937, -29.070640499999968 ], [ -51.102070099999935, -29.070462099999929 ], [ -51.101769899999965, -29.070436599999937 ], [ -51.101113099999964, -29.070535699999937 ], [ -51.100838499999952, -29.070496099999957 ], [ -51.100493, -29.07036869999996 ], [ -51.100255199999935, -29.070170499999961 ], [ -51.100130599999943, -29.069944 ], [ -51.100065499999971, -29.069706199999928 ], [ -51.099768199999971, -29.068551 ], [ -51.099771099999941, -29.06836409999994 ], [ -51.099909799999978, -29.06812489999993 ], [ -51.100408099999981, -29.067497799999956 ], [ -51.100440699999979, -29.067352 ], [ -51.100721, -29.06696409999995 ], [ -51.100853299999983, -29.066634199999953 ], [ -51.100979299999949, -29.066164199999946 ], [ -51.100973599999975, -29.065923599999962 ], [ -51.100851899999952, -29.065715499999953 ], [ -51.100670699999966, -29.065558299999964 ], [ -51.100304, -29.065381399999978 ], [ -51.100132799999983, -29.065329 ], [ -51.099100699999951, -29.065125099999932 ], [ -51.098074399999973, -29.064895799999931 ], [ -51.097847899999977, -29.064810899999941 ], [ -51.097702099999935, -29.064701899999932 ], [ -51.097564799999986, -29.064543299999968 ], [ -51.097496799999931, -29.064257399999974 ], [ -51.097550599999977, -29.064019499999972 ], [ -51.097812499999975, -29.063835499999982 ], [ -51.098138799999958, -29.063626499999941 ], [ -51.098452399999985, -29.063385299999936 ], [ -51.098967699999946, -29.062473599999976 ], [ -51.099573599999985, -29.061352399999976 ], [ -51.099630199999979, -29.061024 ], [ -51.099607499999934, -29.060429399999975 ], [ -51.09955089999994, -29.060101 ], [ -51.098894099999939, -29.059279899999979 ], [ -51.098145199999976, -29.058858099999952 ], [ -51.097436, -29.058577799999966 ], [ -51.097263199999986, -29.058447499999943 ], [ -51.097032499999955, -29.058134699999982 ], [ -51.096449199999938, -29.057242799999983 ], [ -51.096418099999937, -29.057019199999957 ], [ -51.096522899999968, -29.05683229999994 ], [ -51.096857, -29.056285899999978 ], [ -51.097066499999983, -29.055898 ], [ -51.097151399999973, -29.054867399999978 ], [ -51.097060799999952, -29.054488 ], [ -51.09668709999994, -29.053746199999978 ], [ -51.096545499999934, -29.05331579999995 ], [ -51.096443599999986, -29.052698599999928 ], [ -51.096355799999969, -29.051642499999957 ], [ -51.096191599999941, -29.05132969999994 ], [ -51.095925499999964, -29.051080499999955 ], [ -51.095476699999949, -29.050858299999959 ], [ -51.094872199999941, -29.050641699999971 ], [ -51.094416399999943, -29.05051 ], [ -51.09292, -29.050505799999939 ], [ -51.092050799999981, -29.05064589999995 ], [ -51.091834199999937, -29.050621899999953 ], [ -51.09160769999994, -29.050483099999951 ], [ -51.091481699999974, -29.050354299999981 ], [ -51.091018299999973, -29.050445699999955 ], [ -51.090511599999957, -29.050473299999965 ], [ -51.090219599999955, -29.050483899999961 ], [ -51.089295399999969, -29.050657799999954 ], [ -51.088486299999943, -29.050966699999947 ], [ -51.087666, -29.051221799999951 ], [ -51.086850699999957, -29.05203709999995 ], [ -51.086438899999962, -29.052526499999942 ], [ -51.085995899999944, -29.053161099999954 ], [ -51.085611899999947, -29.05378909999996 ], [ -51.086847699999964, -29.05460729999993 ], [ -51.086412, -29.055593699999974 ], [ -51.084547099999952, -29.05569829999996 ], [ -51.084318499999938, -29.05611719999996 ], [ -51.084275799999944, -29.059077699999932 ], [ -51.084139, -29.060160799999949 ], [ -51.083728299999962, -29.060692599999982 ], [ -51.083121499999947, -29.060979799999984 ], [ -51.082644899999934, -29.061119299999973 ], [ -51.081133099999931, -29.061678599999937 ], [ -51.079773099999954, -29.062051799999949 ], [ -51.079734499999972, -29.062689 ], [ -51.080432199999962, -29.063750299999981 ], [ -51.080913299999963, -29.06420049999997 ], [ -51.081172099999947, -29.065162099999952 ], [ -51.081160199999943, -29.065815599999951 ], [ -51.080645699999934, -29.066188099999977 ], [ -51.079940699999952, -29.066370099999972 ], [ -51.079107499999964, -29.066277199999945 ], [ -51.076427499999966, -29.06536019999993 ], [ -51.075795299999982, -29.065048399999966 ], [ -51.07517439999998, -29.075619399999937 ], [ -51.075163799999984, -29.075794 ], [ -51.075163199999963, -29.075804299999959 ], [ -51.075147499999957, -29.076063599999941 ], [ -51.07497879999994, -29.078844599999968 ], [ -51.074970599999972, -29.078980599999966 ], [ -51.074693699999955, -29.083546599999977 ], [ -51.076007599999969, -29.083588599999928 ], [ -51.077436399999954, -29.083629499999972 ], [ -51.078079599999967, -29.083355499999982 ], [ -51.078442499999937, -29.083369499999947 ], [ -51.07867, -29.083283699999981 ], [ -51.078986099999952, -29.083105699999976 ], [ -51.079275499999937, -29.08296329999996 ], [ -51.079362299999957, -29.083094799999969 ], [ -51.079597499999977, -29.083054299999958 ], [ -51.080779, -29.082185099999947 ], [ -51.081772899999976, -29.082232799999929 ], [ -51.08208019999995, -29.082063799999958 ], [ -51.082436199999961, -29.082055399999945 ], [ -51.083913799999948, -29.082145099999934 ], [ -51.097857899999951, -29.079796599999952 ] ] ] } },
{ "type": "Feature", "properties": { "codigobairro": 37, "nome": "São Cristóvão" }, "geometry": { "type": "Polygon", "coordinates": [ [ [ -51.113818899999956, -29.133432099999936 ], [ -51.11526379999998, -29.133172799999954 ], [ -51.115980299999933, -29.133031199999948 ], [ -51.118850799999962, -29.132468099999983 ], [ -51.119788299999982, -29.132315 ], [ -51.120701, -29.132263299999977 ], [ -51.121213099999977, -29.132277099999953 ], [ -51.122116, -29.132409399999972 ], [ -51.12285449999996, -29.13260269999995 ], [ -51.124141799999961, -29.133063099999958 ], [ -51.125154899999984, -29.133450899999957 ], [ -51.125953199999969, -29.133688799999959 ], [ -51.126819599999976, -29.133725699999957 ], [ -51.127287299999978, -29.133630099999948 ], [ -51.127849399999945, -29.133365399999946 ], [ -51.128684099999987, -29.132813499999941 ], [ -51.129120899999975, -29.132552 ], [ -51.129164499999945, -29.13248509999994 ], [ -51.12839409999998, -29.130970199999979 ], [ -51.127733099999944, -29.129557499999976 ], [ -51.127469, -29.128969499999982 ], [ -51.12724129999998, -29.128622899999982 ], [ -51.127036099999941, -29.127990599999976 ], [ -51.127031199999976, -29.127782699999955 ], [ -51.127277499999934, -29.127362599999969 ], [ -51.127688199999966, -29.126897099999951 ], [ -51.127837799999952, -29.126558 ], [ -51.127829, -29.126198599999952 ], [ -51.127656099999967, -29.125854599999968 ], [ -51.126883599999985, -29.125268299999959 ], [ -51.125693299999966, -29.124376 ], [ -51.125223199999937, -29.124134099999935 ], [ -51.124099599999965, -29.123818399999948 ], [ -51.123795799999982, -29.123711399999934 ], [ -51.123501799999985, -29.12350749999996 ], [ -51.123093599999947, -29.122951499999942 ], [ -51.122874899999942, -29.122625699999958 ], [ -51.122722499999952, -29.122433499999943 ], [ -51.122660099999962, -29.122299799999951 ], [ -51.122425599999985, -29.121810499999981 ], [ -51.122386, -29.121650799999941 ], [ -51.12241389999997, -29.12133369999998 ], [ -51.122635799999955, -29.120359699999938 ], [ -51.122718799999973, -29.119916799999942 ], [ -51.122738199999958, -29.11959029999997 ], [ -51.122613399999977, -29.119259199999931 ], [ -51.122486599999945, -29.119096499999955 ], [ -51.121898599999952, -29.118569299999933 ], [ -51.121289799999943, -29.118044099999963 ], [ -51.121044299999937, -29.117973099999972 ], [ -51.120600799999977, -29.117989 ], [ -51.120296799999949, -29.118162899999959 ], [ -51.119960099999957, -29.118443099999979 ], [ -51.119573799999955, -29.118645399999934 ], [ -51.118819599999938, -29.119056699999931 ], [ -51.118071399999963, -29.119151199999976 ], [ -51.117969199999948, -29.119154799999933 ], [ -51.117589599999974, -29.11911189999995 ], [ -51.117119899999977, -29.118885299999931 ], [ -51.116891499999952, -29.118749399999956 ], [ -51.116708199999948, -29.118614199999968 ], [ -51.116553, -29.11849019999994 ], [ -51.116535799999951, -29.118218099999979 ], [ -51.116659299999981, -29.117895 ], [ -51.116793299999983, -29.11762589999995 ], [ -51.117357199999958, -29.117237599999953 ], [ -51.117336699999953, -29.116181199999971 ], [ -51.117327199999977, -29.11510119999997 ], [ -51.11734169999994, -29.114567699999952 ], [ -51.117402199999958, -29.113468799999964 ], [ -51.118378399999983, -29.113579399999935 ], [ -51.118372299999976, -29.11246529999994 ], [ -51.118211499999973, -29.112074199999938 ], [ -51.118099399999949, -29.111708299999975 ], [ -51.117908799999952, -29.111229 ], [ -51.11775149999994, -29.110992899999928 ], [ -51.117460299999948, -29.110696399999938 ], [ -51.117234699999983, -29.110383199999944 ], [ -51.116979899999933, -29.11019669999996 ], [ -51.116554, -29.110149299999932 ], [ -51.116317699999968, -29.110020499999962 ], [ -51.116232099999934, -29.109840799999972 ], [ -51.116247099999953, -29.109622199999933 ], [ -51.116246899999965, -29.109288399999969 ], [ -51.11629419999997, -29.108494299999961 ], [ -51.116419499999949, -29.107892699999979 ], [ -51.116466799999955, -29.107501899999932 ], [ -51.116436299999975, -29.107237299999952 ], [ -51.116293599999949, -29.106811099999959 ], [ -51.116148, -29.106346 ], [ -51.11295389999998, -29.109308499999941 ], [ -51.112053299999957, -29.10932779999996 ], [ -51.111426899999969, -29.109329399999979 ], [ -51.110467299999982, -29.109166799999969 ], [ -51.109730399999933, -29.108881799999949 ], [ -51.109356899999966, -29.109399599999961 ], [ -51.109363, -29.110061799999983 ], [ -51.109557399999971, -29.110549799999944 ], [ -51.110067599999979, -29.111266499999942 ], [ -51.11046209999995, -29.111705499999971 ], [ -51.11094369999995, -29.112004099999979 ], [ -51.111681399999952, -29.112159199999951 ], [ -51.112735799999939, -29.112124599999959 ], [ -51.113331, -29.112078699999984 ], [ -51.113972899999965, -29.112244099999941 ], [ -51.114614299999971, -29.112643 ], [ -51.11507789999996, -29.113201499999946 ], [ -51.115390199999979, -29.113729099999944 ], [ -51.115483199999971, -29.114598499999943 ], [ -51.11535379999998, -29.115212699999972 ], [ -51.115011699999968, -29.116075299999977 ], [ -51.114955, -29.116636399999948 ], [ -51.115143899999964, -29.117156799999975 ], [ -51.116151399999978, -29.118196099999977 ], [ -51.116131, -29.118503099999941 ], [ -51.114918599999953, -29.117875199999958 ], [ -51.113983799999971, -29.117591799999957 ], [ -51.113395099999934, -29.11761359999997 ], [ -51.111639199999956, -29.11781 ], [ -51.110649099999932, -29.117802899999958 ], [ -51.109049399999947, -29.117696499999965 ], [ -51.105989099999931, -29.11758969999994 ], [ -51.105571399999974, -29.117569899999978 ], [ -51.105132899999944, -29.117583299999978 ], [ -51.105141099999969, -29.12011 ], [ -51.105148, -29.122226399999931 ], [ -51.103809899999931, -29.122259799999938 ], [ -51.103788399999985, -29.124194399999965 ], [ -51.10587, -29.131033499999944 ], [ -51.105835799999966, -29.132155099999977 ], [ -51.105855499999961, -29.132451699999933 ], [ -51.10585, -29.132893499999966 ], [ -51.105525199999931, -29.133028 ], [ -51.10489519999993, -29.133365599999934 ], [ -51.104858, -29.133674799999937 ], [ -51.104406299999937, -29.133935 ], [ -51.103913, -29.134204799999964 ], [ -51.103768499999944, -29.134360899999933 ], [ -51.103491899999938, -29.134581399999945 ], [ -51.103239099999939, -29.134770599999968 ], [ -51.10281329999998, -29.135072099999945 ], [ -51.104277699999955, -29.13490829999995 ], [ -51.105063799999982, -29.134827799999982 ], [ -51.105929599999968, -29.134700199999941 ], [ -51.106883699999969, -29.134397499999977 ], [ -51.107557899999961, -29.134179499999959 ], [ -51.108296299999949, -29.13394969999996 ], [ -51.109316099999944, -29.133792099999937 ], [ -51.110515499999963, -29.133766 ], [ -51.111318199999971, -29.133816399999944 ], [ -51.112763199999961, -29.133649099999957 ], [ -51.113818899999956, -29.133432099999936 ] ] ] } },
{ "type": "Feature", "properties": { "codigobairro": 41, "nome": "Nossa Senhora da Saúde" }, "geometry": { "type": "Polygon", "coordinates": [ [ [ -51.200739499999941, -29.138859099999934 ], [ -51.200362299999938, -29.139319499999942 ], [ -51.200067299999944, -29.139681899999971 ], [ -51.199978299999941, -29.14040209999996 ], [ -51.199783599999932, -29.140820099999928 ], [ -51.199599699999965, -29.140972599999941 ], [ -51.198864499999956, -29.141928699999937 ], [ -51.198468199999979, -29.14264529999997 ], [ -51.19789609999998, -29.143186399999934 ], [ -51.197772599999951, -29.143433099999982 ], [ -51.197659199999975, -29.143654599999934 ], [ -51.197563499999944, -29.144497199999932 ], [ -51.197458499999982, -29.144907699999976 ], [ -51.197352099999932, -29.145068299999934 ], [ -51.197170899999946, -29.145310199999983 ], [ -51.196853299999987, -29.145737299999951 ], [ -51.196365699999944, -29.146379799999977 ], [ -51.196213399999976, -29.146709299999941 ], [ -51.19614729999995, -29.14717 ], [ -51.19623, -29.147589799999935 ], [ -51.196391799999958, -29.148150499999929 ], [ -51.196546499999954, -29.14857319999993 ], [ -51.196708599999965, -29.149094799999943 ], [ -51.197095, -29.150197399999968 ], [ -51.197514099999978, -29.150723699999958 ], [ -51.19774149999995, -29.150876699999969 ], [ -51.200226699999973, -29.150885099999982 ], [ -51.200355899999977, -29.150794599999983 ], [ -51.200352899999984, -29.15070019999996 ], [ -51.201691899999958, -29.15014629999996 ], [ -51.20173189999997, -29.150124199999937 ], [ -51.202187099999946, -29.149873099999979 ], [ -51.202588799999944, -29.149705 ], [ -51.20315549999998, -29.149472899999978 ], [ -51.204255399999965, -29.148725099999979 ], [ -51.204586399999982, -29.148452799999973 ], [ -51.204954699999973, -29.148157599999934 ], [ -51.205710299999964, -29.148140799999965 ], [ -51.205714199999932, -29.148140699999942 ], [ -51.205959899999982, -29.148133899999948 ], [ -51.206652599999984, -29.148032399999977 ], [ -51.20743269999997, -29.147766699999977 ], [ -51.207731699999954, -29.147624399999984 ], [ -51.20826859999994, -29.14731409999996 ], [ -51.208654399999944, -29.147349599999984 ], [ -51.209011199999964, -29.147406399999966 ], [ -51.209334699999943, -29.147577499999954 ], [ -51.209567899999968, -29.147920799999952 ], [ -51.21021769999993, -29.148038 ], [ -51.210397499999942, -29.148086099999944 ], [ -51.212387099999944, -29.148194499999931 ], [ -51.21289, -29.148213 ], [ -51.213073599999973, -29.146889299999941 ], [ -51.213316299999974, -29.146823799999936 ], [ -51.21420489999997, -29.146837699999935 ], [ -51.216397599999937, -29.146871899999951 ], [ -51.217139399999951, -29.146517899999935 ], [ -51.217163299999982, -29.145728 ], [ -51.219407, -29.145728899999938 ], [ -51.221025899999972, -29.14573919999998 ], [ -51.222090699999967, -29.145743399999958 ], [ -51.222605099999953, -29.14700229999994 ], [ -51.22343989999996, -29.147073599999942 ], [ -51.223591, -29.147284599999978 ], [ -51.224196499999948, -29.14764729999996 ], [ -51.223936599999945, -29.145605599999953 ], [ -51.224391399999945, -29.144879599999967 ], [ -51.224597899999935, -29.144656699999928 ], [ -51.225279, -29.144302699999969 ], [ -51.22627209999996, -29.143985 ], [ -51.227522799999974, -29.143613399999936 ], [ -51.228206099999966, -29.143418899999972 ], [ -51.22838669999993, -29.14334139999994 ], [ -51.228374199999962, -29.142737799999963 ], [ -51.228253099999961, -29.142061399999932 ], [ -51.228090699999939, -29.141614 ], [ -51.227702699999952, -29.141071 ], [ -51.226991, -29.140448299999946 ], [ -51.226190299999985, -29.140064799999948 ], [ -51.226042699999937, -29.139994 ], [ -51.225489599999946, -29.139876699999945 ], [ -51.221878799999956, -29.139455299999952 ], [ -51.218325, -29.139108599999929 ], [ -51.218256799999949, -29.139024 ], [ -51.218067599999983, -29.13875319999994 ], [ -51.217683199999954, -29.138331 ], [ -51.217631399999959, -29.138211499999954 ], [ -51.217563199999972, -29.137245099999973 ], [ -51.217504799999972, -29.136534899999958 ], [ -51.217486299999962, -29.136312399999952 ], [ -51.217581799999948, -29.136068899999941 ], [ -51.217636699999957, -29.135753199999954 ], [ -51.21764589999998, -29.135440499999959 ], [ -51.217614899999944, -29.135196299999961 ], [ -51.217541599999947, -29.134971199999939 ], [ -51.217542899999955, -29.134279299999946 ], [ -51.217549, -29.133572399999935 ], [ -51.217588599999942, -29.132783299999971 ], [ -51.217610799999932, -29.132028899999966 ], [ -51.217639599999984, -29.13132109999998 ], [ -51.217718499999933, -29.130926899999963 ], [ -51.218009099999961, -29.130788799999948 ], [ -51.21833179999993, -29.13060349999995 ], [ -51.219396699999947, -29.129934399999968 ], [ -51.219699099999957, -29.129768199999944 ], [ -51.220039, -29.129508599999951 ], [ -51.220574599999964, -29.12912769999997 ], [ -51.220749199999943, -29.129069499999957 ], [ -51.220933399999979, -29.129039599999942 ], [ -51.22109219999993, -29.12896829999994 ], [ -51.220907599999975, -29.128873099999964 ], [ -51.220679899999936, -29.128851299999951 ], [ -51.220511399999964, -29.128867099999979 ], [ -51.220215499999938, -29.128925799999934 ], [ -51.220089599999937, -29.128973 ], [ -51.219895399999984, -29.129063499999972 ], [ -51.219688399999939, -29.129141899999979 ], [ -51.219579199999941, -29.12916759999996 ], [ -51.219506699999954, -29.129192599999953 ], [ -51.219416099999933, -29.129202599999928 ], [ -51.219239199999947, -29.129206299999964 ], [ -51.219138599999951, -29.129237599999954 ], [ -51.218799199999978, -29.129382599999929 ], [ -51.218569199999934, -29.129429799999969 ], [ -51.218365299999959, -29.129397 ], [ -51.218250899999987, -29.12934759999996 ], [ -51.217979599999978, -29.129181699999947 ], [ -51.217754699999944, -29.129012099999954 ], [ -51.217702199999962, -29.128851899999972 ], [ -51.217669399999977, -29.128419099999974 ], [ -51.217695299999946, -29.128300399999944 ], [ -51.217703799999981, -29.127325699999972 ], [ -51.217741899999965, -29.127094599999964 ], [ -51.217734, -29.126772699999947 ], [ -51.217721599999948, -29.126503299999968 ], [ -51.217736499999944, -29.12614 ], [ -51.217771699999957, -29.125758499999961 ], [ -51.217733, -29.125551399999949 ], [ -51.217729, -29.12546679999997 ], [ -51.217740599999956, -29.125353299999972 ], [ -51.217773399999942, -29.12526639999993 ], [ -51.217875299999946, -29.125098599999944 ], [ -51.217930099999933, -29.125043299999959 ], [ -51.218122699999981, -29.124900499999967 ], [ -51.218326199999979, -29.124710099999959 ], [ -51.218433299999958, -29.124641 ], [ -51.21849949999995, -29.124564 ], [ -51.218516499999964, -29.124541299999976 ], [ -51.218581299999983, -29.124502699999937 ], [ -51.218709299999944, -29.124422299999935 ], [ -51.218782299999987, -29.124316799999974 ], [ -51.218839, -29.124201699999958 ], [ -51.218865299999948, -29.124117799999965 ], [ -51.218884, -29.124043799999981 ], [ -51.218905499999948, -29.123964199999932 ], [ -51.218877, -29.123196699999937 ], [ -51.218808599999932, -29.12312 ], [ -51.218698699999948, -29.123100399999942 ], [ -51.216685499999983, -29.123004799999933 ], [ -51.216585299999963, -29.122980199999972 ], [ -51.207677699999977, -29.122989599999983 ], [ -51.207668, -29.123882799999933 ], [ -51.204550799999936, -29.123894699999937 ], [ -51.203340499999968, -29.123823499999958 ], [ -51.202130099999977, -29.123783499999945 ], [ -51.201883, -29.123758199999941 ], [ -51.201735199999973, -29.123703899999953 ], [ -51.201331899999957, -29.12369039999993 ], [ -51.19317719999998, -29.123469799999953 ], [ -51.19319349999995, -29.12408789999995 ], [ -51.193175699999983, -29.124423599999943 ], [ -51.193150199999934, -29.124615299999959 ], [ -51.192821599999945, -29.12553349999996 ], [ -51.192579099999932, -29.126045699999963 ], [ -51.192506, -29.126274199999955 ], [ -51.192436799999939, -29.126672199999973 ], [ -51.192297499999938, -29.127003299999956 ], [ -51.192282, -29.127154299999972 ], [ -51.192177899999933, -29.127693299999976 ], [ -51.192058, -29.128056899999933 ], [ -51.191899, -29.128420299999959 ], [ -51.191726099999983, -29.128726399999948 ], [ -51.191472499999975, -29.129050699999937 ], [ -51.190772399999958, -29.129771199999936 ], [ -51.190555499999959, -29.129889499999933 ], [ -51.190349199999957, -29.130012 ], [ -51.190186299999937, -29.130111099999965 ], [ -51.189675199999954, -29.130327699999953 ], [ -51.189237399999968, -29.13048079999993 ], [ -51.188848299999961, -29.130601499999955 ], [ -51.188366899999949, -29.130769799999939 ], [ -51.187917199999958, -29.130938 ], [ -51.187753399999963, -29.131006199999945 ], [ -51.187498, -29.131083499999932 ], [ -51.189611799999966, -29.132572299999936 ], [ -51.190816899999959, -29.133341099999939 ], [ -51.191186899999934, -29.133583599999952 ], [ -51.193334, -29.135050899999953 ], [ -51.193491799999947, -29.135152 ], [ -51.194878099999983, -29.135839799999928 ], [ -51.196121199999936, -29.136250399999938 ], [ -51.200223199999982, -29.137296599999956 ], [ -51.20086809999998, -29.137471699999935 ], [ -51.200847499999952, -29.137815099999955 ], [ -51.200846599999977, -29.138049099999932 ], [ -51.200847099999976, -29.138254199999949 ], [ -51.20082629999996, -29.138625599999955 ], [ -51.200739499999941, -29.138859099999934 ] ] ] } },
{ "type": "Feature", "properties": { "codigobairro": 48, "nome": "Interlagos" }, "geometry": { "type": "Polygon", "coordinates": [ [ [ -51.164713099999972, -29.152615699999956 ], [ -51.164990699999976, -29.152584599999955 ], [ -51.16736039999995, -29.151950699999929 ], [ -51.16792769999995, -29.15174449999995 ], [ -51.168235799999934, -29.151626599999929 ], [ -51.170262299999933, -29.150904099999934 ], [ -51.172265299999935, -29.150139499999966 ], [ -51.172259799999949, -29.149967599999968 ], [ -51.17233269999997, -29.14904359999997 ], [ -51.172553799999946, -29.145513599999958 ], [ -51.172540799999979, -29.144920799999966 ], [ -51.172537599999941, -29.144799099999943 ], [ -51.172120399999983, -29.144785099999979 ], [ -51.171862199999964, -29.144781399999943 ], [ -51.171132799999953, -29.144894099999931 ], [ -51.170839699999931, -29.144932199999971 ], [ -51.170554, -29.144969399999979 ], [ -51.170265099999938, -29.145046699999966 ], [ -51.170096799999953, -29.145124799999962 ], [ -51.168826599999932, -29.145997 ], [ -51.168037199999958, -29.146606899999938 ], [ -51.167818, -29.146796 ], [ -51.167442699999981, -29.147039899999982 ], [ -51.166999099999941, -29.146608699999945 ], [ -51.166930799999932, -29.146438799999942 ], [ -51.166922299999953, -29.146143699999982 ], [ -51.166953799999931, -29.146020699999951 ], [ -51.166991499999938, -29.145933499999956 ], [ -51.167225199999962, -29.145402399999966 ], [ -51.167442499999936, -29.144936499999972 ], [ -51.167451099999937, -29.144792399999972 ], [ -51.167370199999937, -29.144299899999965 ], [ -51.167386799999974, -29.143995299999972 ], [ -51.167369599999972, -29.143889399999978 ], [ -51.167338399999949, -29.143307499999935 ], [ -51.167285799999945, -29.142944799999952 ], [ -51.167171599999961, -29.142746299999942 ], [ -51.166925499999934, -29.142557599999975 ], [ -51.166587599999957, -29.142452899999967 ], [ -51.166336299999955, -29.142418199999952 ], [ -51.16592559999998, -29.142436799999928 ], [ -51.165418, -29.142527799999982 ], [ -51.165192499999932, -29.142585 ], [ -51.165051799999958, -29.142613399999959 ], [ -51.164875199999983, -29.142615499999977 ], [ -51.164729399999942, -29.14258609999996 ], [ -51.16466429999997, -29.142498199999977 ], [ -51.164647799999955, -29.142380799999955 ], [ -51.164607299999943, -29.142269299999953 ], [ -51.164386399999955, -29.141684099999964 ], [ -51.164326799999969, -29.141588 ], [ -51.164239499999951, -29.141467899999952 ], [ -51.16416849999996, -29.141373 ], [ -51.164054199999953, -29.141300499999943 ], [ -51.163885899999968, -29.141288399999951 ], [ -51.16380909999998, -29.14129029999998 ], [ -51.163653899999986, -29.141322699999932 ], [ -51.163513699999953, -29.141381399999943 ], [ -51.163347499999986, -29.141475299999968 ], [ -51.163161899999977, -29.141626799999983 ], [ -51.163119199999983, -29.141674799999976 ], [ -51.162902299999985, -29.142000099999962 ], [ -51.16279389999994, -29.142077799999981 ], [ -51.158039, -29.141805599999941 ], [ -51.158067399999936, -29.141069899999934 ], [ -51.158179799999971, -29.140525699999955 ], [ -51.158205199999941, -29.140424099999962 ], [ -51.158395499999983, -29.139931199999978 ], [ -51.158619099999953, -29.139343399999973 ], [ -51.158381, -29.139500099999964 ], [ -51.158147399999962, -29.139709799999935 ], [ -51.157788799999935, -29.139844899999957 ], [ -51.157042699999977, -29.140012199999944 ], [ -51.156392399999959, -29.14014949999995 ], [ -51.155810499999973, -29.14011249999993 ], [ -51.154443799999967, -29.140026099999943 ], [ -51.153968899999938, -29.139996699999983 ], [ -51.15178949999995, -29.139942499999961 ], [ -51.150837, -29.139917399999945 ], [ -51.143851499999982, -29.139756 ], [ -51.14384629999995, -29.140667299999961 ], [ -51.143852199999969, -29.141239599999949 ], [ -51.143857799999978, -29.141382499999963 ], [ -51.143849499999931, -29.142222799999956 ], [ -51.14385139999996, -29.142787399999975 ], [ -51.143847699999981, -29.143212699999935 ], [ -51.143841, -29.143678899999941 ], [ -51.143841299999963, -29.144212 ], [ -51.143765499999972, -29.145020199999976 ], [ -51.143804299999942, -29.14580449999994 ], [ -51.143819399999984, -29.146136799999965 ], [ -51.143871399999966, -29.146435 ], [ -51.143933499999946, -29.146680899999978 ], [ -51.148513399999956, -29.146769699999936 ], [ -51.149573399999952, -29.146788099999981 ], [ -51.149588699999981, -29.147229399999958 ], [ -51.14960119999995, -29.148049699999945 ], [ -51.149601899999936, -29.148099699999932 ], [ -51.150746, -29.148085299999934 ], [ -51.150728, -29.15020329999993 ], [ -51.150563399999953, -29.15024939999995 ], [ -51.150562699999966, -29.150562699999966 ], [ -51.150677199999961, -29.150616 ], [ -51.150665299999957, -29.15085449999998 ], [ -51.150673299999937, -29.151023799999962 ], [ -51.15066969999998, -29.151618099999951 ], [ -51.150663399999985, -29.151799399999959 ], [ -51.150619499999948, -29.152190799999971 ], [ -51.150574799999958, -29.152621 ], [ -51.151472199999944, -29.152674499999932 ], [ -51.157678099999941, -29.152829699999984 ], [ -51.157721299999935, -29.152859 ], [ -51.157973499999969, -29.152933899999937 ], [ -51.15928619999994, -29.152999399999942 ], [ -51.162390699999946, -29.153040899999951 ], [ -51.163365899999974, -29.15298729999995 ], [ -51.164713099999972, -29.152615699999956 ] ] ] } }
]
}
